order_id,product_id,warehouse_id,quantity,status,order_timestamp
O000001,P0059,W05,14,CANCELLED,2026-08-19T03:05:20.880590
O000002,P0025,W05,7,PLACED,2026-08-14T02:29:20.880590
O000003,P0095,W01,24,FULFILLED,2026-09-02T10:02:20.880590
O000004,P0007,W08,17,PROCESSING,2026-08-09T15:51:20.880590
O000005,P0066,W02,28,PROCESSING,2026-08-09T15:32:20.880590
O000006,P0077,W02,22,PROCESSING,2026-08-10T04:15:20.880590
O000007,P0016,W04,19,PLACED,2026-08-25T10:26:20.880590
O000008,P0011,W07,22,FULFILLED,2026-09-04T05:56:20.880590
O000009,P0027,W06,8,FULFILLED,2026-08-18T22:14:20.880590
O000010,P0017,W05,15,FULFILLED,2026-08-25T01:43:20.880590
O000011,P0002,W08,20,PLACED,2026-08-10T08:39:20.880590
O000012,P0069,W04,17,FULFILLED,2026-08-10T09:26:20.880590
O000013,P0045,W02,29,PROCESSING,2026-08-13T02:05:20.880590
O000014,P0037,W03,15,FULFILLED,2026-08-23T21:02:20.880590
O000015,P0084,W01,22,FULFILLED,2026-09-03T21:31:20.880590
O000016,P0018,W05,4,PLACED,2026-08-11T18:33:20.880590
O000017,P0020,W05,10,PROCESSING,2026-09-01T05:41:20.880590
O000018,P0027,W05,17,CANCELLED,2026-08-22T15:56:20.880590
O000019,P0007,W02,21,CANCELLED,2026-08-18T11:42:20.880590
O000020,P0006,W01,11,PROCESSING,2026-08-19T15:37:20.880590
O000021,P0034,W03,24,CANCELLED,2026-09-05T01:18:20.880590
O000022,P0091,W07,18,PLACED,2026-09-01T03:59:20.880590
O000023,P0010,W03,18,PLACED,2026-08-12T03:36:20.880590
O000024,P0075,W03,14,PROCESSING,2026-08-23T20:41:20.880590
O000025,P0040,W06,29,PLACED,2026-08-08T23:06:20.880590
O000026,P0027,W04,22,PLACED,2026-08-23T08:14:20.880590
O000027,P0100,W07,20,PROCESSING,2026-08-23T03:43:20.880590
O000028,P0021,W03,29,CANCELLED,2026-08-17T19:59:20.880590
O000029,P0023,W06,26,CANCELLED,2026-08-08T04:29:20.880590
O000030,P0035,W03,26,PLACED,2026-08-18T08:28:20.880590
O000031,P0005,W08,8,PROCESSING,2026-08-24T11:15:20.880590
O000032,P0045,W05,27,PROCESSING,2026-08-28T00:11:20.880590
O000033,P0004,W04,13,FULFILLED,2026-08-17T04:54:20.880590
O000034,P0009,W05,12,CANCELLED,2026-08-19T17:43:20.880590
O000035,P0043,W01,4,FULFILLED,2026-08-31T11:06:20.880590
O000036,P0075,W05,2,PLACED,2026-08-15T04:27:20.880590
O000037,P0056,W06,24,FULFILLED,2026-09-03T05:01:20.880590
O000038,P0078,W02,13,PROCESSING,2026-08-26T22:04:20.880590
O000039,P0006,W07,1,PROCESSING,2026-08-18T15:38:20.880590
O000040,P0056,W02,22,FULFILLED,2026-08-23T15:14:20.880590
O000041,P0041,W02,24,FULFILLED,2026-09-04T10:04:20.880590
O000042,P0040,W07,11,CANCELLED,2026-08-30T03:19:20.880590
O000043,P0071,W03,7,CANCELLED,2026-08-20T12:21:20.880590
O000044,P0087,W03,20,FULFILLED,2026-08-24T07:32:20.880590
O000045,P0071,W01,10,FULFILLED,2026-08-25T12:57:20.880590
O000046,P0056,W06,15,CANCELLED,2026-08-16T14:59:20.880590
O000047,P0087,W04,17,CANCELLED,2026-08-27T04:22:20.880590
O000048,P0085,W02,10,FULFILLED,2026-08-14T18:45:20.880590
O000049,P0097,W04,22,FULFILLED,2026-08-11T07:25:20.880590
O000050,P0026,W03,1,PLACED,2026-08-17T06:47:20.880590
O000051,P0061,W02,15,CANCELLED,2026-08-18T04:51:20.880590
O000052,P0074,W04,23,CANCELLED,2026-09-04T17:17:20.880590
O000053,P0052,W04,5,PLACED,2026-08-29T13:24:20.880590
O000054,P0100,W07,8,PROCESSING,2026-08-11T21:50:20.880590
O000055,P0060,W01,18,PROCESSING,2026-08-30T15:09:20.880590
O000056,P0059,W03,26,CANCELLED,2026-08-12T13:58:20.880590
O000057,P0072,W06,25,CANCELLED,2026-08-31T05:33:20.880590
O000058,P0093,W07,27,CANCELLED,2026-09-03T22:35:20.880590
O000059,P0096,W08,15,FULFILLED,2026-08-14T07:15:20.880590
O000060,P0082,W05,25,CANCELLED,2026-08-18T07:28:20.880590
O000061,P0031,W05,15,PLACED,2026-09-04T13:59:20.880590
O000062,P0031,W05,11,FULFILLED,2026-08-20T01:30:20.880590
O000063,P0011,W03,5,PROCESSING,2026-08-31T15:24:20.880590
O000064,P0089,W03,23,PROCESSING,2026-08-24T11:47:20.880590
O000065,P0054,W07,11,CANCELLED,2026-08-09T23:34:20.880590
O000066,P0008,W04,27,CANCELLED,2026-08-25T23:33:20.880590
O000067,P0099,W01,28,CANCELLED,2026-08-24T18:49:20.880590
O000068,P0001,W06,10,CANCELLED,2026-08-28T18:24:20.880590
O000069,P0069,W04,16,PROCESSING,2026-08-26T03:05:20.880590
O000070,P0056,W08,1,CANCELLED,2026-08-19T11:32:20.880590
O000071,P0086,W07,24,PROCESSING,2026-08-22T08:33:20.880590
O000072,P0017,W01,30,CANCELLED,2026-08-28T07:55:20.880590
O000073,P0073,W01,3,CANCELLED,2026-09-02T23:55:20.880590
O000074,P0060,W03,2,FULFILLED,2026-08-13T05:38:20.880590
O000075,P0042,W04,15,FULFILLED,2026-08-24T07:29:20.880590
O000076,P0098,W07,9,CANCELLED,2026-08-22T10:03:20.880590
O000077,P0011,W08,1,PLACED,2026-08-18T12:57:20.880590
O000078,P0029,W02,25,PLACED,2026-08-22T23:40:20.880590
O000079,P0032,W04,27,PLACED,2026-08-08T11:18:20.880590
O000080,P0020,W04,5,CANCELLED,2026-09-04T08:04:20.880590
O000081,P0073,W04,15,FULFILLED,2026-08-12T06:21:20.880590
O000082,P0022,W02,25,PROCESSING,2026-08-23T20:20:20.880590
O000083,P0014,W01,30,FULFILLED,2026-08-21T05:09:20.880590
O000084,P0087,W07,13,PROCESSING,2026-09-02T06:20:20.880590
O000085,P0076,W04,4,FULFILLED,2026-08-10T12:25:20.880590
O000086,P0016,W01,12,CANCELLED,2026-09-03T09:13:20.880590
O000087,P0009,W06,1,CANCELLED,2026-08-23T22:10:20.880590
O000088,P0014,W07,12,CANCELLED,2026-08-29T08:50:20.880590
O000089,P0056,W03,24,FULFILLED,2026-08-14T00:31:20.880590
O000090,P0069,W08,15,CANCELLED,2026-09-04T02:09:20.880590
O000091,P0035,W06,28,PROCESSING,2026-09-03T00:33:20.880590
O000092,P0036,W08,8,CANCELLED,2026-08-11T00:04:20.880590
O000093,P0079,W07,11,PLACED,2026-09-01T23:50:20.880590
O000094,P0042,W03,16,PROCESSING,2026-08-29T13:19:20.880590
O000095,P0034,W06,9,FULFILLED,2026-08-23T04:58:20.880590
O000096,P0002,W04,3,PROCESSING,2026-09-01T08:29:20.880590
O000097,P0063,W04,23,CANCELLED,2026-08-25T13:20:20.880590
O000098,P0092,W08,15,PLACED,2026-09-05T10:54:20.880590
O000099,P0038,W04,13,PROCESSING,2026-08-11T07:03:20.880590
O000100,P0085,W06,16,FULFILLED,2026-08-20T23:52:20.880590
O000101,P0096,W06,12,CANCELLED,2026-08-26T10:10:20.880590
O000102,P0040,W05,8,PLACED,2026-08-19T09:19:20.880590
O000103,P0041,W02,24,PROCESSING,2026-08-15T19:46:20.880590
O000104,P0028,W08,9,FULFILLED,2026-08-15T18:37:20.880590
O000105,P0025,W05,8,FULFILLED,2026-08-11T15:13:20.880590
O000106,P0039,W01,23,PROCESSING,2026-08-15T05:24:20.880590
O000107,P0006,W01,18,FULFILLED,2026-08-19T13:02:20.880590
O000108,P0082,W08,4,PLACED,2026-08-12T19:20:20.880590
O000109,P0037,W08,16,CANCELLED,2026-09-02T04:26:20.880590
O000110,P0024,W01,9,CANCELLED,2026-08-22T13:33:20.880590
O000111,P0009,W07,16,PLACED,2026-08-12T06:01:20.880590
O000112,P0081,W01,5,PROCESSING,2026-09-02T07:40:20.880590
O000113,P0039,W02,8,PLACED,2026-09-01T16:11:20.880590
O000114,P0098,W07,20,PROCESSING,2026-09-01T10:58:20.880590
O000115,P0049,W08,30,CANCELLED,2026-08-30T20:12:20.880590
O000116,P0076,W07,10,PLACED,2026-08-20T14:12:20.880590
O000117,P0095,W02,25,PROCESSING,2026-09-03T19:17:20.880590
O000118,P0028,W05,22,PLACED,2026-09-04T12:38:20.880590
O000119,P0031,W03,18,PLACED,2026-08-14T04:57:20.880590
O000120,P0001,W07,15,CANCELLED,2026-08-14T04:23:20.880590
O000121,P0005,W04,10,FULFILLED,2026-08-20T07:32:20.880590
O000122,P0010,W04,30,FULFILLED,2026-08-27T17:20:20.880590
O000123,P0076,W04,14,PLACED,2026-09-04T12:08:20.880590
O000124,P0029,W03,30,FULFILLED,2026-08-31T20:13:20.880590
O000125,P0010,W01,6,FULFILLED,2026-08-13T12:46:20.880590
O000126,P0096,W05,15,PLACED,2026-09-03T03:21:20.880590
O000127,P0089,W05,23,CANCELLED,2026-08-28T09:21:20.880590
O000128,P0065,W08,15,PLACED,2026-08-19T10:46:20.880590
O000129,P0006,W07,24,FULFILLED,2026-09-03T06:37:20.880590
O000130,P0033,W01,3,PROCESSING,2026-09-03T12:49:20.880590
O000131,P0076,W01,25,FULFILLED,2026-09-02T05:41:20.880590
O000132,P0006,W03,16,CANCELLED,2026-09-02T06:49:20.880590
O000133,P0024,W07,21,CANCELLED,2026-08-19T17:14:20.880590
O000134,P0061,W06,14,FULFILLED,2026-08-11T05:04:20.880590
O000135,P0086,W02,28,PROCESSING,2026-08-21T16:05:20.880590
O000136,P0053,W08,10,CANCELLED,2026-08-22T01:39:20.880590
O000137,P0005,W08,3,FULFILLED,2026-09-01T02:16:20.880590
O000138,P0042,W02,25,CANCELLED,2026-08-18T13:06:20.880590
O000139,P0001,W08,14,PLACED,2026-08-30T11:29:20.880590
O000140,P0067,W06,20,CANCELLED,2026-08-15T14:18:20.880590
O000141,P0057,W01,7,FULFILLED,2026-09-04T12:31:20.880590
O000142,P0017,W05,15,CANCELLED,2026-09-01T01:18:20.880590
O000143,P0004,W04,23,PROCESSING,2026-08-12T14:02:20.880590
O000144,P0071,W01,18,CANCELLED,2026-08-21T04:50:20.880590
O000145,P0029,W02,15,PLACED,2026-08-11T07:13:20.880590
O000146,P0020,W08,30,FULFILLED,2026-09-05T12:53:20.880590
O000147,P0091,W05,14,CANCELLED,2026-08-30T05:14:20.880590
O000148,P0032,W08,18,PROCESSING,2026-08-28T13:12:20.880590
O000149,P0025,W03,28,PLACED,2026-08-24T12:23:20.880590
O000150,P0099,W07,11,FULFILLED,2026-08-19T15:09:20.880590
O000151,P0037,W05,27,CANCELLED,2026-08-07T04:13:20.880590
O000152,P0058,W08,12,FULFILLED,2026-08-13T19:43:20.880590
O000153,P0098,W07,15,FULFILLED,2026-09-01T04:15:20.880590
O000154,P0090,W04,19,CANCELLED,2026-08-15T15:28:20.880590
O000155,P0100,W07,2,FULFILLED,2026-08-17T16:31:20.880590
O000156,P0091,W07,13,PROCESSING,2026-08-28T14:01:20.880590
O000157,P0005,W03,17,FULFILLED,2026-08-29T14:26:20.880590
O000158,P0057,W02,17,CANCELLED,2026-08-11T15:02:20.880590
O000159,P0093,W03,14,PROCESSING,2026-08-07T18:10:20.880590
O000160,P0061,W05,11,CANCELLED,2026-08-10T11:08:20.880590
O000161,P0011,W06,28,CANCELLED,2026-09-05T15:12:20.880590
O000162,P0081,W08,28,PLACED,2026-08-21T11:17:20.880590
O000163,P0009,W04,21,FULFILLED,2026-09-04T03:50:20.880590
O000164,P0096,W02,14,PLACED,2026-08-17T09:53:20.880590
O000165,P0091,W02,15,PROCESSING,2026-09-04T21:38:20.880590
O000166,P0004,W01,11,PLACED,2026-08-20T16:30:20.880590
O000167,P0046,W06,14,PROCESSING,2026-08-20T09:51:20.880590
O000168,P0068,W07,19,PROCESSING,2026-08-18T04:08:20.880590
O000169,P0023,W02,20,CANCELLED,2026-08-14T19:05:20.880590
O000170,P0088,W04,16,PROCESSING,2026-09-04T06:18:20.880590
O000171,P0060,W05,15,FULFILLED,2026-08-17T15:01:20.880590
O000172,P0060,W05,22,PROCESSING,2026-08-07T11:40:20.880590
O000173,P0057,W06,19,FULFILLED,2026-08-10T10:05:20.880590
O000174,P0055,W05,15,FULFILLED,2026-09-05T03:18:20.880590
O000175,P0050,W08,4,PROCESSING,2026-08-16T03:00:20.880590
O000176,P0074,W06,19,FULFILLED,2026-08-24T09:58:20.880590
O000177,P0003,W07,9,PLACED,2026-08-20T11:53:20.880590
O000178,P0088,W01,30,CANCELLED,2026-09-01T19:33:20.880590
O000179,P0100,W04,20,FULFILLED,2026-08-20T02:01:20.880590
O000180,P0082,W04,20,FULFILLED,2026-08-17T00:37:20.880590
O000181,P0088,W03,21,PLACED,2026-09-06T01:25:20.880590
O000182,P0083,W01,10,CANCELLED,2026-09-04T14:46:20.880590
O000183,P0075,W06,24,PROCESSING,2026-08-08T13:51:20.880590
O000184,P0038,W06,24,CANCELLED,2026-08-11T03:51:20.880590
O000185,P0026,W03,26,FULFILLED,2026-08-15T01:15:20.880590
O000186,P0065,W05,27,PROCESSING,2026-08-31T05:14:20.880590
O000187,P0062,W05,24,FULFILLED,2026-08-18T18:05:20.880590
O000188,P0060,W02,5,PROCESSING,2026-08-12T07:12:20.880590
O000189,P0072,W06,3,CANCELLED,2026-08-25T03:29:20.880590
O000190,P0034,W02,15,FULFILLED,2026-08-07T16:37:20.880590
O000191,P0075,W07,27,FULFILLED,2026-08-18T23:46:20.880590
O000192,P0087,W04,16,PLACED,2026-08-11T23:45:20.880590
O000193,P0072,W06,30,PROCESSING,2026-09-04T06:07:20.880590
O000194,P0009,W08,30,FULFILLED,2026-09-05T12:49:20.880590
O000195,P0053,W02,5,PLACED,2026-09-05T14:33:20.880590
O000196,P0039,W08,4,PLACED,2026-08-08T18:03:20.880590
O000197,P0069,W03,13,CANCELLED,2026-08-17T17:52:20.880590
O000198,P0086,W07,19,PROCESSING,2026-08-23T22:39:20.880590
O000199,P0084,W02,27,CANCELLED,2026-08-25T22:34:20.880590
O000200,P0053,W05,2,FULFILLED,2026-09-04T01:52:20.880590
O000201,P0057,W08,8,FULFILLED,2026-08-16T22:43:20.880590
O000202,P0088,W06,18,FULFILLED,2026-08-11T13:56:20.880590
O000203,P0051,W05,7,PLACED,2026-08-09T19:33:20.880590
O000204,P0012,W04,21,PLACED,2026-08-27T18:05:20.880590
O000205,P0043,W04,5,PROCESSING,2026-08-09T08:39:20.880590
O000206,P0098,W04,19,PROCESSING,2026-08-10T04:21:20.880590
O000207,P0043,W03,26,PLACED,2026-08-17T15:54:20.880590
O000208,P0019,W03,18,FULFILLED,2026-08-19T16:16:20.880590
O000209,P0015,W01,5,PLACED,2026-08-15T00:00:20.880590
O000210,P0031,W06,1,PROCESSING,2026-08-23T08:42:20.880590
O000211,P0007,W03,24,CANCELLED,2026-08-19T03:16:20.880590
O000212,P0015,W02,16,CANCELLED,2026-08-31T00:02:20.880590
O000213,P0066,W02,15,PROCESSING,2026-08-23T12:51:20.880590
O000214,P0006,W05,15,PLACED,2026-09-04T01:16:20.880590
O000215,P0062,W07,14,PLACED,2026-08-09T19:51:20.880590
O000216,P0092,W08,3,PLACED,2026-08-29T08:55:20.880590
O000217,P0078,W03,3,PROCESSING,2026-08-21T17:14:20.880590
O000218,P0080,W06,13,FULFILLED,2026-08-19T13:48:20.880590
O000219,P0065,W07,4,PLACED,2026-08-27T16:59:20.880590
O000220,P0084,W04,14,CANCELLED,2026-09-05T20:32:20.880590
O000221,P0053,W06,27,CANCELLED,2026-08-17T10:59:20.880590
O000222,P0054,W02,11,CANCELLED,2026-08-25T04:56:20.880590
O000223,P0086,W05,12,PROCESSING,2026-08-21T06:46:20.880590
O000224,P0009,W02,27,PLACED,2026-08-28T15:26:20.880590
O000225,P0056,W02,24,FULFILLED,2026-08-11T07:14:20.880590
O000226,P0072,W01,19,FULFILLED,2026-08-12T23:32:20.880590
O000227,P0053,W06,28,CANCELLED,2026-08-12T14:55:20.880590
O000228,P0037,W05,12,PLACED,2026-08-09T09:36:20.880590
O000229,P0065,W04,5,CANCELLED,2026-09-02T08:39:20.880590
O000230,P0014,W06,28,FULFILLED,2026-08-17T06:21:20.880590
O000231,P0098,W05,19,PROCESSING,2026-08-12T06:54:20.880590
O000232,P0072,W01,20,FULFILLED,2026-08-26T14:07:20.880590
O000233,P0024,W05,23,FULFILLED,2026-08-08T09:02:20.880590
O000234,P0045,W01,6,PROCESSING,2026-08-22T12:35:20.880590
O000235,P0085,W07,3,PROCESSING,2026-09-01T19:59:20.880590
O000236,P0004,W02,24,PROCESSING,2026-09-04T21:00:20.880590
O000237,P0054,W08,11,PROCESSING,2026-08-24T04:19:20.880590
O000238,P0040,W06,25,PLACED,2026-08-23T21:36:20.880590
O000239,P0020,W03,25,PLACED,2026-08-09T10:52:20.880590
O000240,P0035,W08,22,CANCELLED,2026-08-10T18:31:20.880590
O000241,P0078,W08,14,FULFILLED,2026-08-29T03:53:20.880590
O000242,P0097,W02,12,CANCELLED,2026-08-16T20:52:20.880590
O000243,P0037,W08,17,FULFILLED,2026-08-12T02:32:20.880590
O000244,P0029,W07,20,PLACED,2026-08-09T03:01:20.880590
O000245,P0027,W05,7,PROCESSING,2026-08-07T09:48:20.880590
O000246,P0038,W06,4,PLACED,2026-08-18T16:30:20.880590
O000247,P0096,W07,6,PROCESSING,2026-08-29T16:41:20.880590
O000248,P0069,W04,17,FULFILLED,2026-08-24T08:42:20.880590
O000249,P0051,W01,14,PLACED,2026-08-10T08:08:20.880590
O000250,P0010,W06,19,CANCELLED,2026-08-27T23:35:20.880590
O000251,P0052,W07,10,PLACED,2026-09-02T03:43:20.880590
O000252,P0003,W06,6,CANCELLED,2026-08-25T11:49:20.880590
O000253,P0012,W07,28,PLACED,2026-08-23T12:39:20.880590
O000254,P0056,W07,17,PLACED,2026-08-18T03:10:20.880590
O000255,P0040,W06,8,FULFILLED,2026-08-25T01:41:20.880590
O000256,P0010,W02,17,PROCESSING,2026-08-14T17:03:20.880590
O000257,P0045,W03,8,PLACED,2026-08-22T23:01:20.880590
O000258,P0033,W04,6,PROCESSING,2026-08-13T17:22:20.880590
O000259,P0010,W03,25,CANCELLED,2026-09-05T21:24:20.880590
O000260,P0097,W08,22,FULFILLED,2026-08-28T04:10:20.880590
O000261,P0041,W03,15,PLACED,2026-09-04T14:30:20.880590
O000262,P0057,W05,26,FULFILLED,2026-08-28T09:36:20.880590
O000263,P0008,W06,17,PLACED,2026-09-02T23:24:20.880590
O000264,P0060,W08,2,PLACED,2026-08-21T04:27:20.880590
O000265,P0037,W02,21,PLACED,2026-08-23T20:10:20.880590
O000266,P0077,W07,15,PLACED,2026-09-04T01:10:20.880590
O000267,P0074,W04,11,CANCELLED,2026-08-27T12:38:20.880590
O000268,P0020,W01,15,PLACED,2026-08-29T21:02:20.880590
O000269,P0092,W02,17,PROCESSING,2026-08-22T16:32:20.880590
O000270,P0032,W08,15,PROCESSING,2026-08-08T20:10:20.880590
O000271,P0048,W05,13,CANCELLED,2026-08-23T14:53:20.880590
O000272,P0087,W01,26,FULFILLED,2026-08-22T11:00:20.880590
O000273,P0043,W02,18,CANCELLED,2026-08-10T01:24:20.880590
O000274,P0033,W03,11,PLACED,2026-08-19T23:46:20.880590
O000275,P0085,W03,30,FULFILLED,2026-09-02T13:55:20.880590
O000276,P0084,W07,5,PLACED,2026-08-21T04:16:20.880590
O000277,P0072,W07,21,FULFILLED,2026-08-21T03:33:20.880590
O000278,P0086,W02,21,CANCELLED,2026-08-12T21:00:20.880590
O000279,P0047,W01,12,FULFILLED,2026-08-30T04:49:20.880590
O000280,P0028,W06,25,CANCELLED,2026-08-15T06:18:20.880590
O000281,P0029,W03,5,PLACED,2026-08-15T19:08:20.880590
O000282,P0013,W01,22,FULFILLED,2026-08-20T12:30:20.880590
O000283,P0017,W07,5,PROCESSING,2026-09-04T04:28:20.880590
O000284,P0089,W03,24,CANCELLED,2026-08-15T06:56:20.880590
O000285,P0053,W06,22,PROCESSING,2026-08-09T01:08:20.880590
O000286,P0079,W05,25,CANCELLED,2026-08-27T06:36:20.880590
O000287,P0069,W04,10,CANCELLED,2026-08-17T17:00:20.880590
O000288,P0048,W08,15,FULFILLED,2026-08-15T21:20:20.880590
O000289,P0065,W07,6,PROCESSING,2026-08-24T10:31:20.880590
O000290,P0018,W05,2,CANCELLED,2026-09-03T13:52:20.880590
O000291,P0071,W02,23,PLACED,2026-08-23T22:52:20.880590
O000292,P0011,W03,9,CANCELLED,2026-08-20T00:46:20.880590
O000293,P0019,W07,3,PROCESSING,2026-08-30T10:08:20.880590
O000294,P0045,W01,14,PLACED,2026-08-27T14:10:20.880590
O000295,P0065,W06,8,CANCELLED,2026-08-25T02:27:20.880590
O000296,P0048,W04,1,FULFILLED,2026-08-10T18:33:20.880590
O000297,P0092,W06,26,PROCESSING,2026-08-11T13:38:20.880590
O000298,P0005,W05,30,CANCELLED,2026-08-13T07:42:20.880590
O000299,P0098,W08,15,PLACED,2026-08-13T09:00:20.880590
O000300,P0003,W05,7,PROCESSING,2026-08-10T15:57:20.880590
O000301,P0094,W07,4,FULFILLED,2026-09-01T00:51:20.880590
O000302,P0039,W02,2,PROCESSING,2026-08-17T20:58:20.880590
O000303,P0082,W08,3,PLACED,2026-08-26T03:58:20.880590
O000304,P0077,W01,21,PROCESSING,2026-08-29T19:21:20.880590
O000305,P0038,W07,1,FULFILLED,2026-08-13T14:14:20.880590
O000306,P0074,W07,6,PLACED,2026-08-18T00:10:20.880590
O000307,P0047,W02,17,PLACED,2026-08-30T21:12:20.880590
O000308,P0061,W01,21,CANCELLED,2026-08-24T19:53:20.880590
O000309,P0033,W01,12,PLACED,2026-08-24T01:09:20.880590
O000310,P0031,W02,25,FULFILLED,2026-08-22T18:01:20.880590
O000311,P0006,W06,18,FULFILLED,2026-08-13T03:08:20.880590
O000312,P0023,W08,23,CANCELLED,2026-09-05T07:31:20.880590
O000313,P0024,W03,3,CANCELLED,2026-09-04T19:26:20.880590
O000314,P0038,W04,2,PROCESSING,2026-08-08T17:48:20.880590
O000315,P0041,W05,17,CANCELLED,2026-08-08T23:11:20.880590
O000316,P0061,W05,2,PROCESSING,2026-08-31T18:33:20.880590
O000317,P0046,W01,28,FULFILLED,2026-08-20T01:55:20.880590
O000318,P0016,W06,14,CANCELLED,2026-08-19T11:50:20.880590
O000319,P0050,W06,6,CANCELLED,2026-08-27T01:43:20.880590
O000320,P0048,W05,26,PLACED,2026-08-29T16:50:20.880590
O000321,P0011,W07,20,PROCESSING,2026-08-26T09:05:20.880590
O000322,P0038,W06,4,PLACED,2026-08-31T21:13:20.880590
O000323,P0085,W05,10,CANCELLED,2026-08-21T23:35:20.880590
O000324,P0092,W07,6,CANCELLED,2026-09-03T11:38:20.880590
O000325,P0058,W01,24,FULFILLED,2026-08-23T01:23:20.880590
O000326,P0056,W05,21,PLACED,2026-09-04T00:59:20.880590
O000327,P0086,W07,12,PROCESSING,2026-08-10T11:22:20.880590
O000328,P0019,W08,2,PROCESSING,2026-08-08T11:25:20.880590
O000329,P0031,W06,12,CANCELLED,2026-08-10T02:51:20.880590
O000330,P0005,W03,22,CANCELLED,2026-09-01T20:59:20.880590
O000331,P0048,W08,25,PLACED,2026-08-23T22:36:20.880590
O000332,P0018,W06,13,FULFILLED,2026-09-02T04:17:20.880590
O000333,P0036,W04,4,PLACED,2026-09-05T14:54:20.880590
O000334,P0064,W07,30,PLACED,2026-08-15T12:37:20.880590
O000335,P0100,W05,23,CANCELLED,2026-08-18T23:20:20.880590
O000336,P0079,W05,23,CANCELLED,2026-08-16T19:47:20.880590
O000337,P0016,W03,28,PLACED,2026-08-16T04:03:20.880590
O000338,P0023,W08,3,FULFILLED,2026-08-27T15:10:20.880590
O000339,P0091,W02,18,FULFILLED,2026-08-22T20:53:20.880590
O000340,P0021,W03,26,FULFILLED,2026-08-20T17:02:20.880590
O000341,P0029,W02,7,PROCESSING,2026-08-30T05:06:20.880590
O000342,P0064,W01,12,FULFILLED,2026-08-17T19:59:20.880590
O000343,P0071,W03,20,PLACED,2026-08-28T07:56:20.880590
O000344,P0040,W07,23,CANCELLED,2026-08-10T01:13:20.880590
O000345,P0053,W07,27,PLACED,2026-08-30T23:36:20.880590
O000346,P0041,W02,15,CANCELLED,2026-08-12T18:18:20.880590
O000347,P0045,W03,29,PROCESSING,2026-08-30T14:30:20.880590
O000348,P0056,W01,27,PLACED,2026-08-12T22:21:20.880590
O000349,P0020,W05,6,PROCESSING,2026-08-30T15:19:20.880590
O000350,P0091,W04,12,FULFILLED,2026-08-21T17:50:20.880590
O000351,P0033,W04,21,FULFILLED,2026-08-10T15:33:20.880590
O000352,P0081,W05,20,PLACED,2026-08-12T18:08:20.880590
O000353,P0083,W03,19,PROCESSING,2026-08-29T22:21:20.880590
O000354,P0085,W06,27,PLACED,2026-08-14T20:24:20.880590
O000355,P0011,W01,21,FULFILLED,2026-08-08T08:24:20.880590
O000356,P0027,W07,20,PLACED,2026-09-05T16:37:20.880590
O000357,P0081,W05,21,FULFILLED,2026-08-29T17:24:20.880590
O000358,P0032,W07,10,CANCELLED,2026-08-29T00:55:20.880590
O000359,P0089,W01,6,CANCELLED,2026-08-10T09:07:20.880590
O000360,P0062,W08,7,FULFILLED,2026-08-25T23:23:20.880590
O000361,P0019,W06,28,FULFILLED,2026-09-03T16:03:20.880590
O000362,P0052,W03,25,FULFILLED,2026-08-22T18:39:20.880590
O000363,P0072,W02,11,PROCESSING,2026-08-30T11:54:20.880590
O000364,P0016,W05,15,PROCESSING,2026-08-28T06:55:20.880590
O000365,P0013,W01,10,CANCELLED,2026-08-13T11:17:20.880590
O000366,P0054,W04,28,PROCESSING,2026-09-04T01:34:20.880590
O000367,P0074,W06,7,PROCESSING,2026-08-21T23:03:20.880590
O000368,P0066,W08,16,FULFILLED,2026-08-29T17:39:20.880590
O000369,P0003,W02,13,CANCELLED,2026-08-29T16:40:20.880590
O000370,P0028,W06,2,PLACED,2026-08-18T00:21:20.880590
O000371,P0064,W08,10,PLACED,2026-08-19T20:43:20.880590
O000372,P0056,W03,29,FULFILLED,2026-08-11T22:49:20.880590
O000373,P0098,W07,12,PLACED,2026-08-23T16:56:20.880590
O000374,P0007,W04,12,FULFILLED,2026-08-25T06:57:20.880590
O000375,P0050,W08,25,FULFILLED,2026-08-10T09:43:20.880590
O000376,P0088,W02,5,PLACED,2026-09-04T10:09:20.880590
O000377,P0048,W06,18,FULFILLED,2026-08-24T23:39:20.880590
O000378,P0026,W07,17,PLACED,2026-08-13T14:59:20.880590
O000379,P0005,W03,23,FULFILLED,2026-08-09T02:54:20.880590
O000380,P0067,W08,5,PROCESSING,2026-08-28T14:52:20.880590
O000381,P0079,W06,6,CANCELLED,2026-08-21T23:38:20.880590
O000382,P0095,W05,19,FULFILLED,2026-09-04T02:47:20.880590
O000383,P0066,W08,23,FULFILLED,2026-08-30T03:32:20.880590
O000384,P0003,W06,11,PLACED,2026-08-28T16:07:20.880590
O000385,P0075,W05,26,PLACED,2026-08-26T00:23:20.880590
O000386,P0061,W05,21,PROCESSING,2026-09-03T05:24:20.880590
O000387,P0075,W08,6,CANCELLED,2026-08-09T09:30:20.880590
O000388,P0088,W04,2,PLACED,2026-08-13T18:49:20.880590
O000389,P0003,W08,11,CANCELLED,2026-08-15T17:48:20.880590
O000390,P0053,W04,14,CANCELLED,2026-08-13T22:49:20.880590
O000391,P0091,W03,17,PROCESSING,2026-08-09T21:26:20.880590
O000392,P0042,W08,17,CANCELLED,2026-09-01T14:03:20.880590
O000393,P0023,W08,30,FULFILLED,2026-08-21T08:07:20.880590
O000394,P0046,W05,20,CANCELLED,2026-08-31T22:05:20.880590
O000395,P0032,W05,18,FULFILLED,2026-08-15T19:25:20.880590
O000396,P0039,W05,23,PROCESSING,2026-08-17T07:01:20.880590
O000397,P0041,W08,12,FULFILLED,2026-08-29T07:32:20.880590
O000398,P0016,W07,29,CANCELLED,2026-08-20T03:45:20.880590
O000399,P0099,W03,10,PLACED,2026-08-22T18:23:20.880590
O000400,P0092,W02,12,CANCELLED,2026-08-20T03:35:20.880590
O000401,P0033,W08,7,PROCESSING,2026-09-05T21:54:20.880590
O000402,P0035,W05,5,PLACED,2026-08-31T13:41:20.880590
O000403,P0095,W04,8,PLACED,2026-09-04T01:54:20.880590
O000404,P0029,W04,2,PLACED,2026-08-31T05:27:20.880590
O000405,P0043,W08,4,PROCESSING,2026-08-25T20:51:20.880590
O000406,P0071,W03,14,CANCELLED,2026-08-07T07:04:20.880590
O000407,P0084,W04,25,FULFILLED,2026-08-28T18:55:20.880590
O000408,P0037,W01,30,PLACED,2026-08-21T16:13:20.880590
O000409,P0074,W04,18,PLACED,2026-09-05T17:54:20.880590
O000410,P0054,W03,30,PLACED,2026-08-15T00:38:20.880590
O000411,P0064,W03,30,FULFILLED,2026-08-25T03:02:20.880590
O000412,P0002,W05,19,PLACED,2026-08-08T18:20:20.880590
O000413,P0037,W08,21,CANCELLED,2026-08-22T07:22:20.880590
O000414,P0065,W08,9,PROCESSING,2026-08-13T03:59:20.880590
O000415,P0043,W03,24,CANCELLED,2026-08-12T04:27:20.880590
O000416,P0033,W03,1,FULFILLED,2026-09-05T13:31:20.880590
O000417,P0073,W04,6,CANCELLED,2026-08-20T11:39:20.880590
O000418,P0066,W06,3,CANCELLED,2026-08-26T12:34:20.880590
O000419,P0024,W03,16,FULFILLED,2026-08-11T09:36:20.880590
O000420,P0001,W05,13,PROCESSING,2026-08-18T08:21:20.880590
O000421,P0097,W05,11,FULFILLED,2026-08-27T09:22:20.880590
O000422,P0093,W01,9,FULFILLED,2026-09-02T13:37:20.880590
O000423,P0008,W02,15,FULFILLED,2026-08-17T19:31:20.880590
O000424,P0052,W05,23,PLACED,2026-08-14T07:52:20.880590
O000425,P0038,W06,20,PROCESSING,2026-09-05T03:03:20.880590
O000426,P0018,W08,5,CANCELLED,2026-08-17T00:45:20.880590
O000427,P0048,W07,23,CANCELLED,2026-09-03T15:02:20.880590
O000428,P0086,W04,25,PROCESSING,2026-08-31T12:31:20.880590
O000429,P0011,W08,17,FULFILLED,2026-09-03T04:12:20.880590
O000430,P0073,W02,2,PROCESSING,2026-08-10T14:43:20.880590
O000431,P0069,W03,6,FULFILLED,2026-09-02T02:57:20.880590
O000432,P0057,W02,22,PROCESSING,2026-08-30T17:46:20.880590
O000433,P0063,W02,29,CANCELLED,2026-09-02T14:22:20.880590
O000434,P0059,W03,17,CANCELLED,2026-08-09T14:11:20.880590
O000435,P0073,W01,18,CANCELLED,2026-08-27T20:21:20.880590
O000436,P0093,W01,13,FULFILLED,2026-08-21T02:01:20.880590
O000437,P0096,W04,19,PLACED,2026-08-07T04:42:20.880590
O000438,P0055,W06,23,PLACED,2026-08-09T02:53:20.880590
O000439,P0008,W02,30,CANCELLED,2026-08-31T16:30:20.880590
O000440,P0037,W07,6,PROCESSING,2026-08-08T12:04:20.880590
O000441,P0094,W07,12,CANCELLED,2026-09-05T06:07:20.880590
O000442,P0049,W07,3,PROCESSING,2026-08-27T11:20:20.880590
O000443,P0045,W02,6,CANCELLED,2026-09-05T19:15:20.880590
O000444,P0017,W04,27,PLACED,2026-08-31T03:03:20.880590
O000445,P0039,W08,22,CANCELLED,2026-08-08T02:14:20.880590
O000446,P0049,W04,8,CANCELLED,2026-08-31T06:25:20.880590
O000447,P0020,W05,7,PLACED,2026-08-22T19:30:20.880590
O000448,P0085,W07,20,PLACED,2026-08-08T12:36:20.880590
O000449,P0027,W02,4,PLACED,2026-08-18T00:17:20.880590
O000450,P0077,W01,8,PLACED,2026-08-27T09:02:20.880590
O000451,P0057,W04,18,PROCESSING,2026-08-25T08:47:20.880590
O000452,P0018,W05,8,FULFILLED,2026-08-09T15:04:20.880590
O000453,P0077,W06,8,FULFILLED,2026-09-02T08:10:20.880590
O000454,P0085,W04,14,FULFILLED,2026-08-13T13:53:20.880590
O000455,P0008,W03,21,CANCELLED,2026-08-19T13:57:20.880590
O000456,P0064,W01,12,CANCELLED,2026-09-01T08:33:20.880590
O000457,P0041,W07,14,PROCESSING,2026-08-30T22:16:20.880590
O000458,P0049,W03,25,CANCELLED,2026-08-20T16:58:20.880590
O000459,P0029,W05,28,PROCESSING,2026-08-18T00:37:20.880590
O000460,P0008,W07,14,PROCESSING,2026-08-28T03:09:20.880590
O000461,P0032,W05,7,FULFILLED,2026-08-24T17:40:20.880590
O000462,P0011,W08,28,FULFILLED,2026-09-05T11:47:20.880590
O000463,P0069,W04,2,FULFILLED,2026-08-11T06:24:20.880590
O000464,P0087,W01,28,PLACED,2026-08-24T05:23:20.880590
O000465,P0098,W04,16,PROCESSING,2026-08-15T14:56:20.880590
O000466,P0039,W01,7,PROCESSING,2026-08-22T05:06:20.880590
O000467,P0096,W08,30,PROCESSING,2026-08-12T09:33:20.880590
O000468,P0091,W04,13,PROCESSING,2026-09-03T13:35:20.880590
O000469,P0042,W05,13,CANCELLED,2026-09-01T04:26:20.880590
O000470,P0084,W06,10,FULFILLED,2026-08-31T08:18:20.880590
O000471,P0066,W08,15,PLACED,2026-08-23T10:14:20.880590
O000472,P0098,W06,30,PROCESSING,2026-08-28T10:13:20.880590
O000473,P0041,W07,2,PROCESSING,2026-08-23T22:19:20.880590
O000474,P0003,W05,18,CANCELLED,2026-08-13T16:48:20.880590
O000475,P0020,W04,11,PROCESSING,2026-08-20T11:50:20.880590
O000476,P0073,W04,16,FULFILLED,2026-08-24T08:18:20.880590
O000477,P0098,W08,24,CANCELLED,2026-08-18T18:29:20.880590
O000478,P0022,W06,6,PROCESSING,2026-08-28T00:45:20.880590
O000479,P0063,W03,30,PLACED,2026-08-31T22:23:20.880590
O000480,P0005,W02,27,PLACED,2026-08-30T21:42:20.880590
O000481,P0053,W03,27,PROCESSING,2026-08-07T08:23:20.880590
O000482,P0091,W03,1,PROCESSING,2026-08-10T03:39:20.880590
O000483,P0059,W06,2,CANCELLED,2026-08-30T01:48:20.880590
O000484,P0003,W01,18,CANCELLED,2026-08-29T06:17:20.880590
O000485,P0003,W05,18,FULFILLED,2026-08-07T14:21:20.880590
O000486,P0065,W07,26,PROCESSING,2026-08-07T20:08:20.880590
O000487,P0013,W03,8,PROCESSING,2026-08-11T22:18:20.880590
O000488,P0068,W05,27,FULFILLED,2026-09-04T06:22:20.880590
O000489,P0051,W02,12,CANCELLED,2026-08-19T05:24:20.880590
O000490,P0073,W04,23,PROCESSING,2026-08-27T22:45:20.880590
O000491,P0088,W02,21,PLACED,2026-08-20T17:04:20.880590
O000492,P0052,W07,13,CANCELLED,2026-08-11T07:32:20.880590
O000493,P0082,W01,23,PROCESSING,2026-08-09T14:42:20.880590
O000494,P0064,W07,21,FULFILLED,2026-08-10T19:43:20.880590
O000495,P0013,W01,8,PROCESSING,2026-09-01T19:28:20.880590
O000496,P0061,W05,2,PLACED,2026-09-01T20:29:20.880590
O000497,P0070,W01,6,FULFILLED,2026-08-19T19:39:20.880590
O000498,P0027,W03,25,CANCELLED,2026-08-07T18:31:20.880590
O000499,P0039,W03,19,PROCESSING,2026-08-10T13:27:20.880590
O000500,P0050,W06,13,PROCESSING,2026-09-01T20:23:20.880590
O000501,P0065,W06,2,PLACED,2026-08-10T15:04:20.880590
O000502,P0030,W02,11,CANCELLED,2026-08-26T22:50:20.880590
O000503,P0004,W05,26,CANCELLED,2026-08-21T21:54:20.880590
O000504,P0030,W06,18,CANCELLED,2026-08-29T09:17:20.880590
O000505,P0024,W07,3,FULFILLED,2026-08-26T17:06:20.880590
O000506,P0092,W02,3,FULFILLED,2026-08-18T06:36:20.880590
O000507,P0049,W03,24,CANCELLED,2026-08-14T01:52:20.880590
O000508,P0047,W02,3,PLACED,2026-08-21T11:18:20.880590
O000509,P0057,W06,25,FULFILLED,2026-08-21T02:07:20.880590
O000510,P0017,W02,6,CANCELLED,2026-08-11T17:04:20.880590
O000511,P0072,W07,4,PLACED,2026-08-27T11:40:20.880590
O000512,P0046,W02,20,FULFILLED,2026-08-11T03:18:20.880590
O000513,P0002,W05,14,CANCELLED,2026-08-24T14:11:20.880590
O000514,P0093,W04,19,PROCESSING,2026-08-10T21:55:20.880590
O000515,P0022,W03,9,FULFILLED,2026-08-24T09:16:20.880590
O000516,P0064,W03,3,PROCESSING,2026-08-19T06:35:20.880590
O000517,P0036,W07,10,CANCELLED,2026-08-26T20:11:20.880590
O000518,P0047,W05,8,CANCELLED,2026-08-10T13:26:20.880590
O000519,P0079,W04,15,PLACED,2026-09-03T02:00:20.880590
O000520,P0039,W01,13,FULFILLED,2026-08-13T05:24:20.880590
O000521,P0049,W06,15,FULFILLED,2026-09-04T06:49:20.880590
O000522,P0084,W03,10,FULFILLED,2026-08-26T15:45:20.880590
O000523,P0089,W04,16,FULFILLED,2026-09-03T12:17:20.880590
O000524,P0051,W06,10,CANCELLED,2026-08-15T03:26:20.880590
O000525,P0032,W06,13,FULFILLED,2026-09-02T06:25:20.880590
O000526,P0047,W02,30,PROCESSING,2026-08-24T22:36:20.880590
O000527,P0070,W03,22,PLACED,2026-09-03T00:17:20.880590
O000528,P0091,W04,15,FULFILLED,2026-08-28T01:37:20.880590
O000529,P0053,W08,5,FULFILLED,2026-08-10T04:57:20.880590
O000530,P0033,W03,23,CANCELLED,2026-08-18T01:46:20.880590
O000531,P0010,W08,20,CANCELLED,2026-08-24T05:11:20.880590
O000532,P0052,W07,18,PLACED,2026-09-02T13:22:20.880590
O000533,P0090,W02,4,PROCESSING,2026-08-23T10:07:20.880590
O000534,P0086,W06,6,PLACED,2026-09-05T23:41:20.880590
O000535,P0083,W07,25,FULFILLED,2026-09-01T16:36:20.880590
O000536,P0014,W01,4,FULFILLED,2026-08-26T15:35:20.880590
O000537,P0066,W04,15,FULFILLED,2026-08-17T03:54:20.880590
O000538,P0060,W03,12,PLACED,2026-08-24T20:38:20.880590
O000539,P0014,W05,14,PLACED,2026-08-29T00:43:20.880590
O000540,P0094,W03,12,FULFILLED,2026-08-12T08:11:20.880590
O000541,P0059,W04,17,CANCELLED,2026-08-22T16:08:20.880590
O000542,P0061,W02,15,CANCELLED,2026-08-22T21:51:20.880590
O000543,P0009,W05,2,PLACED,2026-08-21T13:45:20.880590
O000544,P0044,W02,22,PROCESSING,2026-08-08T02:05:20.880590
O000545,P0067,W03,18,PROCESSING,2026-08-18T03:50:20.880590
O000546,P0072,W07,15,PROCESSING,2026-08-22T02:56:20.880590
O000547,P0081,W03,6,CANCELLED,2026-08-25T11:50:20.880590
O000548,P0004,W04,15,CANCELLED,2026-08-25T01:29:20.880590
O000549,P0001,W04,7,FULFILLED,2026-08-24T18:07:20.880590
O000550,P0074,W02,26,PROCESSING,2026-08-09T21:45:20.880590
O000551,P0042,W04,15,PLACED,2026-08-23T16:57:20.880590
O000552,P0086,W08,17,FULFILLED,2026-08-18T23:58:20.880590
O000553,P0050,W07,19,PLACED,2026-09-03T05:28:20.880590
O000554,P0046,W08,20,PROCESSING,2026-08-22T21:26:20.880590
O000555,P0079,W02,22,PROCESSING,2026-08-20T14:18:20.880590
O000556,P0016,W04,10,PLACED,2026-08-21T07:29:20.880590
O000557,P0048,W03,17,CANCELLED,2026-08-15T09:21:20.880590
O000558,P0077,W03,19,CANCELLED,2026-08-26T02:14:20.880590
O000559,P0024,W08,21,PROCESSING,2026-08-26T07:29:20.880590
O000560,P0022,W08,10,PROCESSING,2026-09-01T07:31:20.880590
O000561,P0041,W08,20,PLACED,2026-08-15T13:46:20.880590
O000562,P0002,W08,5,PROCESSING,2026-08-23T09:34:20.880590
O000563,P0072,W08,14,CANCELLED,2026-08-24T12:47:20.880590
O000564,P0091,W08,16,PROCESSING,2026-08-25T23:23:20.880590
O000565,P0073,W01,26,PROCESSING,2026-08-10T19:42:20.880590
O000566,P0005,W05,8,FULFILLED,2026-08-20T08:27:20.880590
O000567,P0100,W08,19,CANCELLED,2026-08-14T17:08:20.880590
O000568,P0066,W02,19,PLACED,2026-09-01T01:51:20.880590
O000569,P0100,W06,18,PLACED,2026-08-19T06:01:20.880590
O000570,P0070,W04,14,PLACED,2026-08-27T03:30:20.880590
O000571,P0097,W04,10,PLACED,2026-09-05T19:24:20.880590
O000572,P0034,W06,28,PLACED,2026-08-27T12:38:20.880590
O000573,P0016,W04,7,FULFILLED,2026-08-27T00:59:20.880590
O000574,P0081,W07,6,PROCESSING,2026-09-03T19:59:20.880590
O000575,P0027,W01,19,FULFILLED,2026-08-16T11:06:20.880590
O000576,P0036,W03,11,FULFILLED,2026-08-31T06:48:20.880590
O000577,P0074,W05,28,PLACED,2026-08-20T05:26:20.880590
O000578,P0097,W07,30,PLACED,2026-08-13T05:30:20.880590
O000579,P0084,W03,23,PROCESSING,2026-08-19T16:19:20.880590
O000580,P0019,W06,27,PROCESSING,2026-08-18T10:07:20.880590
O000581,P0063,W03,19,FULFILLED,2026-08-24T22:21:20.880590
O000582,P0054,W07,15,PLACED,2026-09-04T15:09:20.880590
O000583,P0099,W02,13,FULFILLED,2026-09-04T21:30:20.880590
O000584,P0059,W08,11,PLACED,2026-08-23T20:32:20.880590
O000585,P0094,W08,21,FULFILLED,2026-08-11T07:09:20.880590
O000586,P0069,W07,7,CANCELLED,2026-08-09T22:35:20.880590
O000587,P0064,W05,11,FULFILLED,2026-08-16T16:48:20.880590
O000588,P0071,W03,19,CANCELLED,2026-08-22T10:20:20.880590
O000589,P0088,W01,2,PLACED,2026-08-22T16:52:20.880590
O000590,P0059,W01,4,PROCESSING,2026-09-04T13:22:20.880590
O000591,P0059,W01,14,PROCESSING,2026-08-27T03:25:20.880590
O000592,P0084,W05,6,FULFILLED,2026-08-13T01:30:20.880590
O000593,P0084,W06,9,PLACED,2026-08-11T07:22:20.880590
O000594,P0086,W03,2,CANCELLED,2026-08-23T23:34:20.880590
O000595,P0040,W04,14,PLACED,2026-09-04T12:44:20.880590
O000596,P0001,W04,16,PLACED,2026-08-11T09:22:20.880590
O000597,P0076,W04,17,CANCELLED,2026-08-13T02:21:20.880590
O000598,P0002,W06,27,PLACED,2026-08-07T11:33:20.880590
O000599,P0089,W03,16,PLACED,2026-08-26T06:41:20.880590
O000600,P0050,W02,24,PLACED,2026-08-17T11:29:20.880590
O000601,P0041,W06,29,FULFILLED,2026-08-11T18:08:20.880590
O000602,P0049,W03,21,PROCESSING,2026-08-13T07:11:20.880590
O000603,P0068,W01,20,PROCESSING,2026-08-10T04:08:20.880590
O000604,P0045,W04,21,PROCESSING,2026-08-27T02:07:20.880590
O000605,P0079,W08,28,PROCESSING,2026-08-25T19:06:20.880590
O000606,P0013,W03,25,PLACED,2026-08-11T00:06:20.880590
O000607,P0094,W07,12,CANCELLED,2026-09-02T21:23:20.880590
O000608,P0018,W04,9,PLACED,2026-08-21T08:56:20.880590
O000609,P0071,W05,25,PLACED,2026-08-18T08:28:20.880590
O000610,P0039,W04,17,PROCESSING,2026-09-06T00:34:20.880590
O000611,P0038,W01,26,PROCESSING,2026-08-24T21:18:20.880590
O000612,P0050,W02,8,CANCELLED,2026-08-29T13:57:20.880590
O000613,P0077,W02,17,PLACED,2026-09-05T02:22:20.880590
O000614,P0041,W03,13,CANCELLED,2026-08-23T11:49:20.880590
O000615,P0070,W03,25,CANCELLED,2026-08-23T16:32:20.880590
O000616,P0003,W02,1,FULFILLED,2026-08-10T09:08:20.880590
O000617,P0006,W01,26,CANCELLED,2026-08-16T21:03:20.880590
O000618,P0037,W07,14,CANCELLED,2026-08-30T02:46:20.880590
O000619,P0082,W03,9,PLACED,2026-08-10T19:26:20.880590
O000620,P0011,W04,26,PROCESSING,2026-08-21T03:55:20.880590
O000621,P0042,W07,19,PLACED,2026-08-31T11:17:20.880590
O000622,P0090,W07,24,PROCESSING,2026-08-21T04:12:20.880590
O000623,P0032,W02,30,CANCELLED,2026-08-09T16:39:20.880590
O000624,P0059,W01,10,PROCESSING,2026-08-12T08:06:20.880590
O000625,P0002,W03,23,PLACED,2026-08-12T11:52:20.880590
O000626,P0064,W06,17,FULFILLED,2026-08-14T12:21:20.880590
O000627,P0048,W03,24,FULFILLED,2026-08-14T15:47:20.880590
O000628,P0099,W01,11,CANCELLED,2026-08-12T10:21:20.880590
O000629,P0068,W02,9,PLACED,2026-08-19T10:29:20.880590
O000630,P0059,W06,2,CANCELLED,2026-08-29T15:20:20.880590
O000631,P0022,W06,6,FULFILLED,2026-09-01T20:36:20.880590
O000632,P0074,W02,8,PLACED,2026-08-11T17:48:20.880590
O000633,P0002,W04,2,CANCELLED,2026-08-09T01:31:20.880590
O000634,P0050,W03,6,PLACED,2026-08-23T14:58:20.880590
O000635,P0092,W07,8,FULFILLED,2026-09-01T05:17:20.880590
O000636,P0054,W06,9,PLACED,2026-08-18T08:35:20.880590
O000637,P0048,W02,17,PLACED,2026-09-02T01:41:20.880590
O000638,P0029,W01,13,PLACED,2026-08-15T05:18:20.880590
O000639,P0037,W05,11,PLACED,2026-08-28T05:25:20.880590
O000640,P0059,W01,12,PROCESSING,2026-09-01T05:32:20.880590
O000641,P0073,W05,24,PROCESSING,2026-08-20T07:54:20.880590
O000642,P0048,W08,25,PROCESSING,2026-08-28T04:08:20.880590
O000643,P0098,W04,5,PLACED,2026-08-31T22:24:20.880590
O000644,P0004,W04,18,FULFILLED,2026-08-25T17:17:20.880590
O000645,P0089,W01,11,PLACED,2026-09-05T00:02:20.880590
O000646,P0049,W05,4,PROCESSING,2026-09-05T23:22:20.880590
O000647,P0031,W07,16,PLACED,2026-08-31T04:06:20.880590
O000648,P0092,W05,3,PLACED,2026-08-13T12:55:20.880590
O000649,P0067,W07,23,FULFILLED,2026-08-17T14:14:20.880590
O000650,P0096,W02,19,PLACED,2026-08-27T22:10:20.880590
O000651,P0018,W07,3,PLACED,2026-08-30T01:28:20.880590
O000652,P0085,W03,8,FULFILLED,2026-08-26T20:32:20.880590
O000653,P0041,W07,23,FULFILLED,2026-08-18T22:29:20.880590
O000654,P0058,W05,8,PLACED,2026-08-21T12:49:20.880590
O000655,P0018,W02,5,PLACED,2026-08-16T06:49:20.880590
O000656,P0058,W08,11,CANCELLED,2026-08-14T12:57:20.880590
O000657,P0069,W06,25,PROCESSING,2026-08-12T13:17:20.880590
O000658,P0040,W08,9,PLACED,2026-08-27T15:01:20.880590
O000659,P0021,W05,27,PLACED,2026-08-11T04:10:20.880590
O000660,P0042,W03,3,PROCESSING,2026-08-16T20:16:20.880590
O000661,P0051,W01,22,FULFILLED,2026-08-23T05:58:20.880590
O000662,P0023,W01,13,CANCELLED,2026-08-18T21:35:20.880590
O000663,P0096,W04,4,CANCELLED,2026-09-01T08:39:20.880590
O000664,P0018,W02,1,PLACED,2026-08-11T16:43:20.880590
O000665,P0017,W04,27,CANCELLED,2026-08-17T04:12:20.880590
O000666,P0088,W02,19,FULFILLED,2026-08-24T00:00:20.880590
O000667,P0003,W02,7,CANCELLED,2026-08-10T11:19:20.880590
O000668,P0012,W06,4,PLACED,2026-08-12T22:05:20.880590
O000669,P0007,W03,30,CANCELLED,2026-08-28T00:56:20.880590
O000670,P0064,W01,13,CANCELLED,2026-08-25T00:51:20.880590
O000671,P0046,W04,30,PROCESSING,2026-08-14T22:10:20.880590
O000672,P0036,W08,29,PROCESSING,2026-08-19T13:46:20.880590
O000673,P0079,W04,21,FULFILLED,2026-08-08T15:15:20.880590
O000674,P0053,W08,2,PLACED,2026-08-29T18:20:20.880590
O000675,P0050,W03,14,PROCESSING,2026-08-19T19:00:20.880590
O000676,P0068,W04,21,PLACED,2026-09-05T07:21:20.880590
O000677,P0092,W06,16,CANCELLED,2026-08-24T11:12:20.880590
O000678,P0073,W06,13,FULFILLED,2026-08-22T17:11:20.880590
O000679,P0004,W06,20,PROCESSING,2026-08-15T05:49:20.880590
O000680,P0100,W05,2,CANCELLED,2026-08-08T09:25:20.880590
O000681,P0046,W04,6,PLACED,2026-08-31T03:41:20.880590
O000682,P0085,W04,9,PLACED,2026-08-18T08:08:20.880590
O000683,P0074,W07,12,PROCESSING,2026-08-17T01:04:20.880590
O000684,P0031,W06,26,FULFILLED,2026-08-15T01:45:20.880590
O000685,P0004,W06,19,PROCESSING,2026-09-02T23:33:20.880590
O000686,P0025,W08,18,FULFILLED,2026-09-01T16:28:20.880590
O000687,P0063,W01,3,PLACED,2026-08-15T01:10:20.880590
O000688,P0078,W04,1,CANCELLED,2026-08-17T15:30:20.880590
O000689,P0043,W04,26,PROCESSING,2026-08-07T02:09:20.880590
O000690,P0092,W03,30,FULFILLED,2026-08-22T13:36:20.880590
O000691,P0003,W03,19,PROCESSING,2026-08-09T18:28:20.880590
O000692,P0068,W06,3,FULFILLED,2026-08-12T02:34:20.880590
O000693,P0076,W02,11,FULFILLED,2026-08-25T01:30:20.880590
O000694,P0018,W03,24,CANCELLED,2026-08-21T17:47:20.880590
O000695,P0063,W06,6,FULFILLED,2026-09-05T03:39:20.880590
O000696,P0086,W03,13,FULFILLED,2026-08-17T05:15:20.880590
O000697,P0017,W03,24,PLACED,2026-08-20T11:06:20.880590
O000698,P0051,W01,6,FULFILLED,2026-09-02T03:06:20.880590
O000699,P0029,W02,30,CANCELLED,2026-09-03T21:12:20.880590
O000700,P0043,W02,8,FULFILLED,2026-08-13T11:02:20.880590
O000701,P0022,W02,27,FULFILLED,2026-08-21T14:24:20.880590
O000702,P0002,W05,7,PROCESSING,2026-08-27T09:15:20.880590
O000703,P0045,W05,26,PLACED,2026-08-10T03:27:20.880590
O000704,P0007,W07,15,CANCELLED,2026-08-07T02:48:20.880590
O000705,P0053,W08,29,CANCELLED,2026-08-14T15:06:20.880590
O000706,P0070,W07,4,CANCELLED,2026-08-23T01:03:20.880590
O000707,P0084,W04,6,CANCELLED,2026-09-02T08:48:20.880590
O000708,P0005,W05,1,FULFILLED,2026-08-10T09:55:20.880590
O000709,P0014,W02,11,PROCESSING,2026-08-18T22:38:20.880590
O000710,P0021,W02,18,PLACED,2026-08-24T03:31:20.880590
O000711,P0077,W08,23,PLACED,2026-08-22T10:32:20.880590
O000712,P0084,W03,20,CANCELLED,2026-08-26T16:32:20.880590
O000713,P0007,W02,11,PROCESSING,2026-08-14T05:00:20.880590
O000714,P0053,W05,22,FULFILLED,2026-08-15T16:55:20.880590
O000715,P0031,W02,2,CANCELLED,2026-08-20T14:15:20.880590
O000716,P0071,W08,5,PLACED,2026-09-02T01:56:20.880590
O000717,P0001,W07,3,FULFILLED,2026-08-23T11:32:20.880590
O000718,P0077,W08,7,PLACED,2026-09-04T12:10:20.880590
O000719,P0027,W03,21,FULFILLED,2026-08-08T05:31:20.880590
O000720,P0061,W02,10,CANCELLED,2026-08-10T18:54:20.880590
O000721,P0063,W05,3,CANCELLED,2026-08-28T11:48:20.880590
O000722,P0048,W07,12,PROCESSING,2026-08-15T11:21:20.880590
O000723,P0006,W05,15,CANCELLED,2026-08-27T08:19:20.880590
O000724,P0029,W05,19,PLACED,2026-08-19T01:07:20.880590
O000725,P0097,W02,3,FULFILLED,2026-08-13T22:29:20.880590
O000726,P0053,W04,18,PLACED,2026-08-31T16:49:20.880590
O000727,P0067,W07,18,CANCELLED,2026-08-24T16:14:20.880590
O000728,P0031,W08,10,PLACED,2026-09-02T02:58:20.880590
O000729,P0092,W01,17,PROCESSING,2026-08-25T00:38:20.880590
O000730,P0097,W08,6,PROCESSING,2026-08-12T12:47:20.880590
O000731,P0025,W03,2,CANCELLED,2026-08-16T16:51:20.880590
O000732,P0088,W07,7,PROCESSING,2026-08-10T15:00:20.880590
O000733,P0034,W06,30,PLACED,2026-09-03T03:22:20.880590
O000734,P0050,W07,18,FULFILLED,2026-08-11T00:28:20.880590
O000735,P0067,W08,30,PLACED,2026-08-19T15:06:20.880590
O000736,P0076,W07,4,CANCELLED,2026-09-04T09:57:20.880590
O000737,P0019,W02,30,PLACED,2026-08-13T20:51:20.880590
O000738,P0100,W02,26,FULFILLED,2026-09-01T16:01:20.880590
O000739,P0045,W07,9,CANCELLED,2026-08-31T10:28:20.880590
O000740,P0063,W08,2,PROCESSING,2026-09-05T20:37:20.880590
O000741,P0052,W03,20,CANCELLED,2026-08-19T14:14:20.880590
O000742,P0051,W06,23,PROCESSING,2026-08-08T19:46:20.880590
O000743,P0096,W08,30,FULFILLED,2026-08-09T07:15:20.880590
O000744,P0003,W06,27,FULFILLED,2026-08-24T00:13:20.880590
O000745,P0036,W08,28,PLACED,2026-08-21T05:03:20.880590
O000746,P0018,W05,24,CANCELLED,2026-08-17T10:24:20.880590
O000747,P0035,W07,20,PLACED,2026-08-21T15:53:20.880590
O000748,P0057,W04,30,CANCELLED,2026-08-15T14:41:20.880590
O000749,P0098,W06,27,PLACED,2026-08-29T02:34:20.880590
O000750,P0021,W02,10,CANCELLED,2026-08-30T12:13:20.880590
O000751,P0100,W01,6,PROCESSING,2026-08-13T05:34:20.880590
O000752,P0008,W04,2,CANCELLED,2026-08-16T04:39:20.880590
O000753,P0047,W04,9,FULFILLED,2026-08-09T08:38:20.880590
O000754,P0065,W07,21,PLACED,2026-08-28T04:28:20.880590
O000755,P0031,W06,16,CANCELLED,2026-08-08T10:47:20.880590
O000756,P0061,W06,12,PROCESSING,2026-08-15T03:23:20.880590
O000757,P0096,W02,10,PLACED,2026-08-18T19:56:20.880590
O000758,P0007,W03,28,PROCESSING,2026-08-24T15:38:20.880590
O000759,P0083,W04,22,PROCESSING,2026-08-17T03:11:20.880590
O000760,P0084,W07,17,PLACED,2026-08-19T07:19:20.880590
O000761,P0061,W03,21,PROCESSING,2026-08-07T11:08:20.880590
O000762,P0002,W04,9,FULFILLED,2026-09-03T10:01:20.880590
O000763,P0036,W07,29,CANCELLED,2026-09-05T07:27:20.880590
O000764,P0059,W05,7,CANCELLED,2026-08-22T22:18:20.880590
O000765,P0087,W07,19,PLACED,2026-08-20T19:26:20.880590
O000766,P0066,W06,18,FULFILLED,2026-08-07T09:26:20.880590
O000767,P0088,W02,16,PLACED,2026-08-20T15:25:20.880590
O000768,P0036,W06,28,FULFILLED,2026-08-22T08:43:20.880590
O000769,P0084,W05,7,PROCESSING,2026-08-18T22:39:20.880590
O000770,P0098,W04,29,PLACED,2026-08-30T14:26:20.880590
O000771,P0052,W06,22,PROCESSING,2026-09-03T08:48:20.880590
O000772,P0084,W08,10,FULFILLED,2026-08-08T05:13:20.880590
O000773,P0052,W07,24,PLACED,2026-08-26T02:36:20.880590
O000774,P0091,W04,11,PROCESSING,2026-09-02T14:14:20.880590
O000775,P0082,W08,30,FULFILLED,2026-08-31T09:22:20.880590
O000776,P0039,W03,27,PROCESSING,2026-08-30T03:32:20.880590
O000777,P0013,W08,5,FULFILLED,2026-08-20T10:18:20.880590
O000778,P0098,W03,22,FULFILLED,2026-09-01T12:01:20.880590
O000779,P0012,W04,12,PROCESSING,2026-09-05T20:14:20.880590
O000780,P0054,W06,12,FULFILLED,2026-08-21T00:50:20.880590
O000781,P0038,W08,28,PLACED,2026-09-02T17:00:20.880590
O000782,P0007,W02,16,PROCESSING,2026-08-28T11:22:20.880590
O000783,P0016,W07,17,FULFILLED,2026-08-29T20:04:20.880590
O000784,P0007,W03,5,PROCESSING,2026-08-25T20:38:20.880590
O000785,P0053,W08,5,FULFILLED,2026-08-22T15:42:20.880590
O000786,P0100,W02,16,FULFILLED,2026-08-15T06:24:20.880590
O000787,P0023,W06,21,PLACED,2026-09-04T18:40:20.880590
O000788,P0058,W05,7,PROCESSING,2026-08-07T06:33:20.880590
O000789,P0098,W03,16,PLACED,2026-09-02T06:52:20.880590
O000790,P0079,W07,21,CANCELLED,2026-08-12T22:45:20.880590
O000791,P0055,W08,13,PLACED,2026-08-25T10:01:20.880590
O000792,P0069,W04,24,FULFILLED,2026-08-08T18:37:20.880590
O000793,P0042,W04,1,PLACED,2026-08-07T16:47:20.880590
O000794,P0094,W04,8,FULFILLED,2026-09-04T13:55:20.880590
O000795,P0017,W02,13,FULFILLED,2026-08-21T06:18:20.880590
O000796,P0009,W01,10,FULFILLED,2026-08-14T15:50:20.880590
O000797,P0094,W06,14,PROCESSING,2026-08-27T19:24:20.880590
O000798,P0063,W06,25,PROCESSING,2026-08-22T15:46:20.880590
O000799,P0052,W01,8,PROCESSING,2026-08-14T13:30:20.880590
O000800,P0028,W01,19,PROCESSING,2026-08-13T00:43:20.880590
O000801,P0047,W01,13,FULFILLED,2026-08-12T15:56:20.880590
O000802,P0080,W01,20,PLACED,2026-08-31T09:29:20.880590
O000803,P0084,W01,2,PLACED,2026-08-11T23:30:20.880590
O000804,P0057,W07,4,FULFILLED,2026-08-26T00:38:20.880590
O000805,P0090,W03,7,PLACED,2026-08-28T15:35:20.880590
O000806,P0054,W02,22,FULFILLED,2026-08-20T18:18:20.880590
O000807,P0078,W03,14,PLACED,2026-09-04T09:40:20.880590
O000808,P0093,W02,10,PLACED,2026-08-30T08:12:20.880590
O000809,P0064,W04,20,PROCESSING,2026-08-11T21:29:20.880590
O000810,P0067,W04,12,CANCELLED,2026-08-19T00:40:20.880590
O000811,P0021,W01,18,CANCELLED,2026-08-20T12:01:20.880590
O000812,P0089,W08,11,PROCESSING,2026-08-16T12:16:20.880590
O000813,P0002,W02,30,PLACED,2026-08-07T04:24:20.880590
O000814,P0086,W08,5,PLACED,2026-09-02T04:32:20.880590
O000815,P0010,W02,29,FULFILLED,2026-08-30T08:20:20.880590
O000816,P0030,W08,10,FULFILLED,2026-09-05T09:12:20.880590
O000817,P0007,W02,27,PROCESSING,2026-08-28T04:31:20.880590
O000818,P0038,W06,26,FULFILLED,2026-08-08T20:30:20.880590
O000819,P0095,W02,4,PLACED,2026-08-26T10:43:20.880590
O000820,P0018,W03,11,FULFILLED,2026-08-07T11:58:20.880590
O000821,P0080,W05,29,PLACED,2026-08-26T23:31:20.880590
O000822,P0044,W03,4,CANCELLED,2026-08-24T00:25:20.880590
O000823,P0059,W05,27,CANCELLED,2026-08-25T06:35:20.880590
O000824,P0054,W03,4,PROCESSING,2026-08-28T19:47:20.880590
O000825,P0021,W02,14,CANCELLED,2026-08-09T17:28:20.880590
O000826,P0087,W08,6,CANCELLED,2026-09-01T22:51:20.880590
O000827,P0079,W01,28,PROCESSING,2026-08-23T09:06:20.880590
O000828,P0063,W02,29,CANCELLED,2026-08-29T01:04:20.880590
O000829,P0006,W02,9,FULFILLED,2026-08-27T02:45:20.880590
O000830,P0091,W04,22,FULFILLED,2026-08-07T14:55:20.880590
O000831,P0067,W02,14,PROCESSING,2026-08-30T16:24:20.880590
O000832,P0045,W07,5,PLACED,2026-08-28T23:48:20.880590
O000833,P0083,W03,17,CANCELLED,2026-08-07T14:08:20.880590
O000834,P0022,W02,25,CANCELLED,2026-08-29T15:00:20.880590
O000835,P0031,W06,9,PLACED,2026-08-21T15:38:20.880590
O000836,P0029,W07,13,PROCESSING,2026-08-30T03:07:20.880590
O000837,P0059,W08,26,CANCELLED,2026-08-10T15:31:20.880590
O000838,P0064,W08,11,PLACED,2026-08-11T01:33:20.880590
O000839,P0096,W01,4,CANCELLED,2026-08-29T16:40:20.880590
O000840,P0005,W01,27,PLACED,2026-08-25T19:48:20.880590
O000841,P0080,W05,29,PROCESSING,2026-09-03T13:22:20.880590
O000842,P0086,W08,11,FULFILLED,2026-09-05T20:24:20.880590
O000843,P0029,W08,11,CANCELLED,2026-08-09T12:41:20.880590
O000844,P0047,W08,4,PLACED,2026-09-05T23:13:20.880590
O000845,P0029,W01,11,FULFILLED,2026-09-06T01:07:20.880590
O000846,P0038,W06,23,PLACED,2026-09-04T21:32:20.880590
O000847,P0022,W08,5,CANCELLED,2026-08-09T03:25:20.880590
O000848,P0033,W04,7,PLACED,2026-08-11T22:14:20.880590
O000849,P0028,W08,27,PROCESSING,2026-08-24T22:33:20.880590
O000850,P0014,W07,2,PLACED,2026-08-22T10:31:20.880590
O000851,P0059,W03,16,PLACED,2026-08-27T13:29:20.880590
O000852,P0095,W01,18,CANCELLED,2026-08-31T04:42:20.880590
O000853,P0062,W03,23,PROCESSING,2026-09-02T16:31:20.880590
O000854,P0014,W07,22,FULFILLED,2026-08-12T21:38:20.880590
O000855,P0050,W07,20,PROCESSING,2026-08-30T00:02:20.880590
O000856,P0051,W06,10,CANCELLED,2026-08-19T12:15:20.880590
O000857,P0018,W07,20,FULFILLED,2026-08-13T03:05:20.880590
O000858,P0041,W04,7,PROCESSING,2026-08-31T23:46:20.880590
O000859,P0092,W05,22,FULFILLED,2026-09-04T11:10:20.880590
O000860,P0091,W03,17,FULFILLED,2026-08-13T02:19:20.880590
O000861,P0098,W06,18,CANCELLED,2026-08-12T07:28:20.880590
O000862,P0074,W07,22,FULFILLED,2026-09-02T13:59:20.880590
O000863,P0002,W02,1,CANCELLED,2026-08-26T06:46:20.880590
O000864,P0007,W01,7,FULFILLED,2026-08-13T16:09:20.880590
O000865,P0037,W05,5,PLACED,2026-08-14T09:12:20.880590
O000866,P0027,W01,12,CANCELLED,2026-08-20T11:47:20.880590
O000867,P0079,W04,24,CANCELLED,2026-08-11T17:21:20.880590
O000868,P0066,W05,23,PLACED,2026-08-17T20:56:20.880590
O000869,P0050,W07,26,FULFILLED,2026-08-24T10:12:20.880590
O000870,P0007,W01,24,FULFILLED,2026-09-01T04:29:20.880590
O000871,P0080,W08,27,PROCESSING,2026-08-16T07:14:20.880590
O000872,P0091,W06,25,PROCESSING,2026-09-04T21:40:20.880590
O000873,P0038,W08,6,PLACED,2026-08-15T20:46:20.880590
O000874,P0023,W02,13,PLACED,2026-08-15T13:38:20.880590
O000875,P0036,W05,5,PROCESSING,2026-08-26T13:27:20.880590
O000876,P0033,W01,11,CANCELLED,2026-09-02T15:17:20.880590
O000877,P0006,W03,30,FULFILLED,2026-08-14T02:30:20.880590
O000878,P0007,W05,16,FULFILLED,2026-09-03T05:22:20.880590
O000879,P0091,W06,17,PROCESSING,2026-08-10T09:01:20.880590
O000880,P0067,W02,26,PROCESSING,2026-08-15T10:15:20.880590
O000881,P0070,W07,3,FULFILLED,2026-08-25T23:43:20.880590
O000882,P0028,W06,11,FULFILLED,2026-08-17T03:01:20.880590
O000883,P0028,W08,18,PLACED,2026-08-20T10:04:20.880590
O000884,P0086,W06,15,PROCESSING,2026-08-12T06:43:20.880590
O000885,P0079,W04,2,FULFILLED,2026-09-05T06:56:20.880590
O000886,P0015,W07,9,FULFILLED,2026-08-24T09:58:20.880590
O000887,P0067,W06,17,CANCELLED,2026-08-08T04:24:20.880590
O000888,P0006,W05,29,PROCESSING,2026-08-29T05:08:20.880590
O000889,P0066,W02,4,PROCESSING,2026-08-21T15:17:20.880590
O000890,P0069,W01,21,PLACED,2026-08-31T13:01:20.880590
O000891,P0086,W04,28,CANCELLED,2026-08-16T15:38:20.880590
O000892,P0027,W07,21,PLACED,2026-08-11T18:55:20.880590
O000893,P0004,W08,23,FULFILLED,2026-08-14T01:21:20.880590
O000894,P0012,W02,2,PROCESSING,2026-08-08T18:47:20.880590
O000895,P0072,W02,19,PROCESSING,2026-08-18T12:34:20.880590
O000896,P0053,W07,15,CANCELLED,2026-08-18T19:55:20.880590
O000897,P0041,W01,13,PLACED,2026-08-26T18:23:20.880590
O000898,P0001,W02,25,PLACED,2026-08-31T09:35:20.880590
O000899,P0046,W02,10,FULFILLED,2026-08-10T08:42:20.880590
O000900,P0012,W05,25,CANCELLED,2026-09-03T15:56:20.880590
O000901,P0051,W01,16,PROCESSING,2026-08-24T10:01:20.880590
O000902,P0029,W03,24,CANCELLED,2026-08-31T08:06:20.880590
O000903,P0038,W03,10,FULFILLED,2026-08-31T21:29:20.880590
O000904,P0071,W03,4,PLACED,2026-08-07T13:35:20.880590
O000905,P0074,W07,18,PLACED,2026-08-07T06:54:20.880590
O000906,P0027,W06,7,CANCELLED,2026-08-20T22:13:20.880590
O000907,P0066,W03,6,PROCESSING,2026-09-05T10:56:20.880590
O000908,P0079,W05,7,PLACED,2026-08-17T02:34:20.880590
O000909,P0086,W01,28,CANCELLED,2026-08-15T07:30:20.880590
O000910,P0071,W02,10,PLACED,2026-09-05T09:34:20.880590
O000911,P0013,W04,24,CANCELLED,2026-08-18T11:14:20.880590
O000912,P0046,W03,22,PROCESSING,2026-08-22T02:47:20.880590
O000913,P0037,W02,29,PROCESSING,2026-08-11T14:41:20.880590
O000914,P0063,W08,11,FULFILLED,2026-08-21T12:31:20.880590
O000915,P0020,W06,26,FULFILLED,2026-09-02T15:29:20.880590
O000916,P0022,W01,11,PROCESSING,2026-08-26T13:14:20.880590
O000917,P0092,W07,9,FULFILLED,2026-08-17T03:22:20.880590
O000918,P0087,W06,29,CANCELLED,2026-08-13T04:06:20.880590
O000919,P0058,W06,25,FULFILLED,2026-08-28T02:58:20.880590
O000920,P0071,W02,6,PLACED,2026-08-29T05:19:20.880590
O000921,P0018,W04,9,PLACED,2026-08-19T19:55:20.880590
O000922,P0003,W01,27,CANCELLED,2026-08-10T11:46:20.880590
O000923,P0028,W01,18,FULFILLED,2026-09-02T21:53:20.880590
O000924,P0070,W08,21,PROCESSING,2026-08-31T19:01:20.880590
O000925,P0051,W04,29,FULFILLED,2026-08-23T16:59:20.880590
O000926,P0060,W02,13,FULFILLED,2026-08-13T03:39:20.880590
O000927,P0002,W04,28,PROCESSING,2026-08-29T21:55:20.880590
O000928,P0018,W08,6,PROCESSING,2026-08-30T10:59:20.880590
O000929,P0073,W03,24,CANCELLED,2026-09-01T20:01:20.880590
O000930,P0006,W04,25,CANCELLED,2026-08-23T09:19:20.880590
O000931,P0009,W05,12,PROCESSING,2026-08-17T14:32:20.880590
O000932,P0086,W04,17,FULFILLED,2026-08-09T00:10:20.880590
O000933,P0061,W08,29,PLACED,2026-08-24T17:19:20.880590
O000934,P0084,W06,4,FULFILLED,2026-08-08T21:00:20.880590
O000935,P0075,W03,13,CANCELLED,2026-08-19T01:01:20.880590
O000936,P0076,W02,17,FULFILLED,2026-08-23T16:25:20.880590
O000937,P0029,W07,12,FULFILLED,2026-08-24T04:28:20.880590
O000938,P0062,W01,17,PROCESSING,2026-08-29T05:11:20.880590
O000939,P0022,W04,3,FULFILLED,2026-08-27T01:54:20.880590
O000940,P0020,W03,6,FULFILLED,2026-08-16T16:26:20.880590
O000941,P0092,W02,22,PROCESSING,2026-09-03T10:59:20.880590
O000942,P0043,W02,16,CANCELLED,2026-08-25T22:17:20.880590
O000943,P0027,W03,21,CANCELLED,2026-08-28T20:38:20.880590
O000944,P0032,W01,5,PROCESSING,2026-08-08T01:56:20.880590
O000945,P0081,W01,29,PROCESSING,2026-08-13T04:34:20.880590
O000946,P0022,W05,30,PROCESSING,2026-08-09T14:29:20.880590
O000947,P0052,W01,29,FULFILLED,2026-08-30T13:43:20.880590
O000948,P0028,W08,20,CANCELLED,2026-08-10T23:04:20.880590
O000949,P0022,W04,27,CANCELLED,2026-08-28T23:31:20.880590
O000950,P0019,W03,20,FULFILLED,2026-09-03T09:41:20.880590
O000951,P0093,W06,30,CANCELLED,2026-08-14T16:36:20.880590
O000952,P0076,W02,8,CANCELLED,2026-09-03T04:59:20.880590
O000953,P0017,W02,1,PROCESSING,2026-08-24T14:26:20.880590
O000954,P0065,W07,27,PROCESSING,2026-08-30T20:21:20.880590
O000955,P0013,W03,16,PLACED,2026-09-03T14:47:20.880590
O000956,P0065,W02,3,CANCELLED,2026-08-31T05:52:20.880590
O000957,P0078,W01,29,CANCELLED,2026-08-12T23:46:20.880590
O000958,P0054,W06,28,PLACED,2026-08-30T19:37:20.880590
O000959,P0055,W04,26,CANCELLED,2026-08-31T04:07:20.880590
O000960,P0045,W02,14,PROCESSING,2026-08-24T09:49:20.880590
O000961,P0062,W04,30,PLACED,2026-08-18T15:25:20.880590
O000962,P0077,W07,9,PROCESSING,2026-08-19T22:49:20.880590
O000963,P0091,W01,19,PLACED,2026-08-07T07:23:20.880590
O000964,P0001,W07,21,PROCESSING,2026-08-30T17:08:20.880590
O000965,P0053,W06,4,PROCESSING,2026-08-21T10:27:20.880590
O000966,P0084,W05,9,CANCELLED,2026-08-26T10:48:20.880590
O000967,P0047,W05,22,CANCELLED,2026-09-01T18:11:20.880590
O000968,P0053,W08,6,FULFILLED,2026-08-16T07:54:20.880590
O000969,P0072,W08,9,FULFILLED,2026-09-01T12:05:20.880590
O000970,P0045,W07,24,PROCESSING,2026-09-02T08:21:20.880590
O000971,P0096,W04,15,PROCESSING,2026-08-12T11:29:20.880590
O000972,P0028,W07,26,FULFILLED,2026-08-11T14:56:20.880590
O000973,P0079,W01,6,CANCELLED,2026-09-01T02:47:20.880590
O000974,P0001,W02,27,PROCESSING,2026-09-04T23:57:20.880590
O000975,P0077,W07,3,PLACED,2026-08-28T12:36:20.880590
O000976,P0029,W06,3,PLACED,2026-08-19T00:46:20.880590
O000977,P0052,W05,23,PLACED,2026-08-24T13:12:20.880590
O000978,P0082,W08,15,PLACED,2026-08-15T00:51:20.880590
O000979,P0085,W05,7,PLACED,2026-08-16T05:44:20.880590
O000980,P0066,W04,20,PROCESSING,2026-09-03T08:14:20.880590
O000981,P0047,W04,21,PLACED,2026-08-08T16:48:20.880590
O000982,P0012,W05,25,CANCELLED,2026-08-14T05:23:20.880590
O000983,P0086,W07,13,PROCESSING,2026-08-23T03:07:20.880590
O000984,P0002,W02,30,PLACED,2026-08-30T14:55:20.880590
O000985,P0037,W06,12,FULFILLED,2026-09-01T01:43:20.880590
O000986,P0078,W04,15,CANCELLED,2026-08-17T08:35:20.880590
O000987,P0001,W05,6,CANCELLED,2026-09-02T05:22:20.880590
O000988,P0014,W02,17,FULFILLED,2026-08-30T02:21:20.880590
O000989,P0015,W05,29,FULFILLED,2026-08-22T12:45:20.880590
O000990,P0049,W08,25,PROCESSING,2026-08-27T05:02:20.880590
O000991,P0100,W08,22,CANCELLED,2026-08-22T12:25:20.880590
O000992,P0004,W08,4,FULFILLED,2026-09-02T18:23:20.880590
O000993,P0049,W04,22,PROCESSING,2026-08-10T03:12:20.880590
O000994,P0053,W06,17,PLACED,2026-08-21T10:16:20.880590
O000995,P0032,W05,3,CANCELLED,2026-08-19T01:03:20.880590
O000996,P0010,W03,16,FULFILLED,2026-08-22T14:57:20.880590
O000997,P0028,W05,6,PROCESSING,2026-08-23T03:34:20.880590
O000998,P0095,W04,8,PROCESSING,2026-08-29T18:27:20.880590
O000999,P0027,W04,7,PROCESSING,2026-08-19T03:18:20.880590
O001000,P0046,W03,25,PLACED,2026-09-04T05:05:20.880590
O001001,P0011,W08,20,PLACED,2026-08-12T12:21:20.880590
O001002,P0006,W08,12,FULFILLED,2026-08-31T16:51:20.880590
O001003,P0074,W05,16,PROCESSING,2026-08-29T11:11:20.880590
O001004,P0036,W07,8,PROCESSING,2026-08-30T07:42:20.880590
O001005,P0068,W07,16,PLACED,2026-08-09T12:33:20.880590
O001006,P0045,W07,28,PROCESSING,2026-08-29T22:15:20.880590
O001007,P0016,W08,11,PLACED,2026-08-27T20:47:20.880590
O001008,P0087,W04,13,PLACED,2026-08-07T14:19:20.880590
O001009,P0047,W05,6,FULFILLED,2026-08-21T20:52:20.880590
O001010,P0035,W08,20,FULFILLED,2026-08-17T20:26:20.880590
O001011,P0024,W08,14,PROCESSING,2026-08-23T17:06:20.880590
O001012,P0090,W06,12,CANCELLED,2026-08-26T03:10:20.880590
O001013,P0058,W03,19,PROCESSING,2026-08-19T18:50:20.880590
O001014,P0088,W04,27,PLACED,2026-09-02T06:26:20.880590
O001015,P0031,W07,28,CANCELLED,2026-08-19T08:16:20.880590
O001016,P0019,W03,16,PLACED,2026-08-15T23:34:20.880590
O001017,P0054,W08,5,FULFILLED,2026-08-15T02:19:20.880590
O001018,P0039,W05,18,PLACED,2026-08-29T04:56:20.880590
O001019,P0013,W03,2,PROCESSING,2026-08-25T04:34:20.880590
O001020,P0061,W02,15,FULFILLED,2026-08-18T15:10:20.880590
O001021,P0047,W06,18,FULFILLED,2026-08-18T21:09:20.880590
O001022,P0003,W07,4,FULFILLED,2026-08-22T17:18:20.880590
O001023,P0026,W03,25,FULFILLED,2026-09-03T14:52:20.880590
O001024,P0042,W08,25,CANCELLED,2026-08-23T05:17:20.880590
O001025,P0049,W05,15,PROCESSING,2026-08-10T15:03:20.880590
O001026,P0082,W06,14,CANCELLED,2026-08-14T16:27:20.880590
O001027,P0011,W03,11,PROCESSING,2026-08-10T07:20:20.880590
O001028,P0041,W05,23,FULFILLED,2026-08-21T07:49:20.880590
O001029,P0083,W07,9,CANCELLED,2026-09-03T14:39:20.880590
O001030,P0096,W08,14,PROCESSING,2026-08-23T14:05:20.880590
O001031,P0003,W03,24,PROCESSING,2026-08-15T10:16:20.880590
O001032,P0096,W02,7,PROCESSING,2026-08-18T12:16:20.880590
O001033,P0014,W02,3,CANCELLED,2026-08-25T03:05:20.880590
O001034,P0007,W01,25,CANCELLED,2026-09-01T00:27:20.880590
O001035,P0098,W02,4,FULFILLED,2026-08-30T21:44:20.880590
O001036,P0020,W02,21,CANCELLED,2026-09-04T04:32:20.880590
O001037,P0030,W04,24,FULFILLED,2026-08-21T03:19:20.880590
O001038,P0081,W03,5,PROCESSING,2026-08-27T05:27:20.880590
O001039,P0005,W06,28,FULFILLED,2026-08-08T08:37:20.880590
O001040,P0060,W05,18,CANCELLED,2026-08-28T17:30:20.880590
O001041,P0090,W03,19,CANCELLED,2026-08-13T04:59:20.880590
O001042,P0096,W07,17,FULFILLED,2026-09-04T18:41:20.880590
O001043,P0062,W04,26,PLACED,2026-08-22T20:37:20.880590
O001044,P0040,W06,14,FULFILLED,2026-08-27T04:02:20.880590
O001045,P0039,W01,1,PROCESSING,2026-08-14T03:30:20.880590
O001046,P0037,W08,18,PLACED,2026-08-22T17:01:20.880590
O001047,P0097,W08,10,PLACED,2026-08-29T10:44:20.880590
O001048,P0038,W04,26,PLACED,2026-08-26T15:34:20.880590
O001049,P0048,W04,14,CANCELLED,2026-09-01T00:12:20.880590
O001050,P0032,W03,23,CANCELLED,2026-08-25T00:35:20.880590
O001051,P0029,W05,3,CANCELLED,2026-08-24T06:41:20.880590
O001052,P0031,W05,10,FULFILLED,2026-09-04T12:26:20.880590
O001053,P0025,W02,6,PROCESSING,2026-08-25T20:25:20.880590
O001054,P0015,W08,20,CANCELLED,2026-08-20T05:43:20.880590
O001055,P0090,W08,7,FULFILLED,2026-08-19T10:39:20.880590
O001056,P0020,W01,18,PLACED,2026-08-07T22:36:20.880590
O001057,P0014,W05,9,PROCESSING,2026-08-15T12:30:20.880590
O001058,P0094,W01,8,PLACED,2026-08-27T00:17:20.880590
O001059,P0002,W08,7,FULFILLED,2026-08-13T22:00:20.880590
O001060,P0040,W08,12,CANCELLED,2026-08-26T04:26:20.880590
O001061,P0043,W02,27,PROCESSING,2026-08-08T12:04:20.880590
O001062,P0035,W07,3,CANCELLED,2026-08-09T14:37:20.880590
O001063,P0025,W05,27,CANCELLED,2026-08-15T07:46:20.880590
O001064,P0016,W04,13,CANCELLED,2026-08-07T15:11:20.880590
O001065,P0095,W01,7,CANCELLED,2026-08-18T07:23:20.880590
O001066,P0067,W04,16,CANCELLED,2026-08-11T08:02:20.880590
O001067,P0042,W03,21,PLACED,2026-08-21T06:19:20.880590
O001068,P0067,W02,9,CANCELLED,2026-09-01T01:42:20.880590
O001069,P0039,W04,12,PLACED,2026-09-05T02:51:20.880590
O001070,P0015,W04,21,CANCELLED,2026-08-16T23:17:20.880590
O001071,P0002,W03,26,FULFILLED,2026-08-21T19:52:20.880590
O001072,P0016,W07,26,PROCESSING,2026-09-02T16:03:20.880590
O001073,P0006,W08,23,PROCESSING,2026-08-07T11:10:20.880590
O001074,P0099,W02,8,PROCESSING,2026-08-23T23:04:20.880590
O001075,P0012,W06,30,PLACED,2026-08-29T19:27:20.880590
O001076,P0046,W03,23,PLACED,2026-08-09T18:42:20.880590
O001077,P0063,W04,11,FULFILLED,2026-08-12T18:51:20.880590
O001078,P0094,W04,1,CANCELLED,2026-08-27T00:36:20.880590
O001079,P0093,W03,9,PLACED,2026-08-23T08:37:20.880590
O001080,P0091,W08,18,FULFILLED,2026-08-29T03:29:20.880590
O001081,P0090,W08,7,PROCESSING,2026-08-31T18:13:20.880590
O001082,P0045,W06,24,CANCELLED,2026-08-31T19:11:20.880590
O001083,P0077,W03,3,PROCESSING,2026-08-19T14:08:20.880590
O001084,P0038,W05,18,FULFILLED,2026-08-27T12:15:20.880590
O001085,P0001,W07,24,PROCESSING,2026-08-27T17:23:20.880590
O001086,P0080,W06,25,PROCESSING,2026-08-07T21:51:20.880590
O001087,P0093,W02,22,CANCELLED,2026-08-21T15:42:20.880590
O001088,P0068,W08,25,PROCESSING,2026-08-15T16:48:20.880590
O001089,P0037,W06,14,FULFILLED,2026-09-03T23:01:20.880590
O001090,P0013,W02,2,PROCESSING,2026-08-12T02:04:20.880590
O001091,P0005,W04,4,CANCELLED,2026-08-15T04:32:20.880590
O001092,P0013,W01,19,CANCELLED,2026-08-15T18:42:20.880590
O001093,P0063,W05,2,FULFILLED,2026-09-06T00:02:20.880590
O001094,P0078,W02,1,PROCESSING,2026-08-17T02:30:20.880590
O001095,P0063,W02,15,PLACED,2026-09-05T21:40:20.880590
O001096,P0072,W07,27,FULFILLED,2026-08-23T11:38:20.880590
O001097,P0079,W05,17,PLACED,2026-08-09T17:05:20.880590
O001098,P0039,W02,7,PLACED,2026-08-10T06:17:20.880590
O001099,P0093,W04,18,CANCELLED,2026-08-11T15:58:20.880590
O001100,P0025,W04,19,PROCESSING,2026-08-15T16:21:20.880590
O001101,P0096,W07,24,PLACED,2026-09-01T11:21:20.880590
O001102,P0074,W06,22,CANCELLED,2026-09-05T02:57:20.880590
O001103,P0014,W03,26,PROCESSING,2026-08-26T11:53:20.880590
O001104,P0052,W06,22,PROCESSING,2026-09-01T02:07:20.880590
O001105,P0077,W08,30,FULFILLED,2026-08-31T08:34:20.880590
O001106,P0071,W06,28,FULFILLED,2026-08-21T09:38:20.880590
O001107,P0098,W07,27,FULFILLED,2026-08-25T19:48:20.880590
O001108,P0031,W04,13,FULFILLED,2026-09-03T17:57:20.880590
O001109,P0058,W08,13,PLACED,2026-08-23T10:38:20.880590
O001110,P0037,W01,17,PROCESSING,2026-08-08T15:16:20.880590
O001111,P0001,W05,8,PROCESSING,2026-08-20T19:06:20.880590
O001112,P0003,W05,30,PROCESSING,2026-08-21T09:22:20.880590
O001113,P0005,W08,12,PROCESSING,2026-08-11T08:24:20.880590
O001114,P0034,W06,29,PROCESSING,2026-08-13T08:35:20.880590
O001115,P0033,W05,3,CANCELLED,2026-08-17T15:54:20.880590
O001116,P0028,W02,24,FULFILLED,2026-09-01T22:59:20.880590
O001117,P0023,W08,27,PLACED,2026-08-29T00:28:20.880590
O001118,P0083,W05,2,CANCELLED,2026-09-03T03:34:20.880590
O001119,P0100,W01,30,FULFILLED,2026-08-10T15:08:20.880590
O001120,P0056,W07,30,PLACED,2026-08-22T21:26:20.880590
O001121,P0096,W01,21,CANCELLED,2026-08-17T09:03:20.880590
O001122,P0040,W01,11,PROCESSING,2026-08-09T12:32:20.880590
O001123,P0065,W04,5,PLACED,2026-08-21T22:24:20.880590
O001124,P0058,W02,8,CANCELLED,2026-08-24T22:32:20.880590
O001125,P0051,W03,5,FULFILLED,2026-08-20T05:56:20.880590
O001126,P0061,W01,18,CANCELLED,2026-08-10T19:34:20.880590
O001127,P0011,W07,17,CANCELLED,2026-08-19T00:11:20.880590
O001128,P0098,W03,16,PROCESSING,2026-08-12T23:49:20.880590
O001129,P0051,W04,18,PROCESSING,2026-08-29T06:17:20.880590
O001130,P0010,W05,25,CANCELLED,2026-08-18T02:05:20.880590
O001131,P0088,W02,4,CANCELLED,2026-08-21T18:40:20.880590
O001132,P0047,W06,7,FULFILLED,2026-08-26T08:02:20.880590
O001133,P0077,W01,25,FULFILLED,2026-08-22T17:43:20.880590
O001134,P0045,W08,20,PROCESSING,2026-08-14T18:17:20.880590
O001135,P0006,W04,7,FULFILLED,2026-08-27T02:31:20.880590
O001136,P0097,W02,4,PLACED,2026-08-14T03:48:20.880590
O001137,P0080,W03,28,FULFILLED,2026-08-18T02:53:20.880590
O001138,P0044,W02,10,CANCELLED,2026-08-07T16:25:20.880590
O001139,P0003,W06,7,PROCESSING,2026-08-28T12:04:20.880590
O001140,P0070,W05,18,CANCELLED,2026-08-16T08:01:20.880590
O001141,P0094,W03,23,PLACED,2026-09-04T09:56:20.880590
O001142,P0075,W01,9,PROCESSING,2026-08-24T04:46:20.880590
O001143,P0037,W04,26,FULFILLED,2026-08-09T19:04:20.880590
O001144,P0060,W01,3,CANCELLED,2026-08-09T11:23:20.880590
O001145,P0085,W06,28,PLACED,2026-08-19T09:45:20.880590
O001146,P0038,W07,8,CANCELLED,2026-08-07T22:15:20.880590
O001147,P0091,W02,29,FULFILLED,2026-08-30T04:52:20.880590
O001148,P0077,W02,6,PROCESSING,2026-08-29T02:47:20.880590
O001149,P0059,W01,2,PROCESSING,2026-08-29T20:15:20.880590
O001150,P0040,W06,16,CANCELLED,2026-08-31T03:40:20.880590
O001151,P0003,W06,22,FULFILLED,2026-08-14T04:54:20.880590
O001152,P0081,W05,8,FULFILLED,2026-08-23T05:35:20.880590
O001153,P0081,W05,29,CANCELLED,2026-08-09T21:08:20.880590
O001154,P0072,W05,8,PROCESSING,2026-08-08T09:36:20.880590
O001155,P0051,W03,3,CANCELLED,2026-08-22T14:44:20.880590
O001156,P0087,W04,14,PROCESSING,2026-08-30T18:10:20.880590
O001157,P0020,W07,10,FULFILLED,2026-09-02T03:10:20.880590
O001158,P0070,W03,7,PROCESSING,2026-08-27T12:01:20.880590
O001159,P0070,W04,28,PROCESSING,2026-09-02T12:03:20.880590
O001160,P0089,W03,14,PROCESSING,2026-08-21T02:55:20.880590
O001161,P0073,W03,11,PLACED,2026-09-05T22:11:20.880590
O001162,P0069,W02,6,FULFILLED,2026-09-01T10:10:20.880590
O001163,P0094,W01,25,FULFILLED,2026-08-13T16:21:20.880590
O001164,P0053,W05,15,FULFILLED,2026-08-25T21:39:20.880590
O001165,P0100,W04,4,PROCESSING,2026-08-13T23:23:20.880590
O001166,P0004,W05,20,PROCESSING,2026-08-15T11:12:20.880590
O001167,P0030,W04,22,PLACED,2026-09-03T04:48:20.880590
O001168,P0011,W08,5,CANCELLED,2026-08-23T09:49:20.880590
O001169,P0048,W03,28,CANCELLED,2026-09-05T14:55:20.880590
O001170,P0061,W03,6,PROCESSING,2026-08-29T10:12:20.880590
O001171,P0005,W07,25,PLACED,2026-08-17T08:34:20.880590
O001172,P0053,W04,24,PROCESSING,2026-08-19T08:10:20.880590
O001173,P0009,W03,30,CANCELLED,2026-08-16T08:51:20.880590
O001174,P0063,W06,28,CANCELLED,2026-09-04T03:24:20.880590
O001175,P0055,W07,25,PLACED,2026-08-18T06:58:20.880590
O001176,P0095,W07,24,FULFILLED,2026-09-03T17:26:20.880590
O001177,P0079,W01,17,PLACED,2026-08-24T23:56:20.880590
O001178,P0059,W01,29,PROCESSING,2026-08-27T14:41:20.880590
O001179,P0069,W07,24,PLACED,2026-08-30T15:58:20.880590
O001180,P0050,W01,7,FULFILLED,2026-09-01T10:34:20.880590
O001181,P0051,W05,25,FULFILLED,2026-08-27T01:31:20.880590
O001182,P0022,W07,10,PLACED,2026-08-28T01:19:20.880590
O001183,P0019,W08,27,CANCELLED,2026-08-30T14:05:20.880590
O001184,P0093,W02,6,PROCESSING,2026-08-11T04:12:20.880590
O001185,P0053,W06,15,PLACED,2026-08-24T22:45:20.880590
O001186,P0059,W04,29,CANCELLED,2026-08-15T04:47:20.880590
O001187,P0033,W06,23,PROCESSING,2026-08-11T03:55:20.880590
O001188,P0012,W02,23,CANCELLED,2026-08-12T16:21:20.880590
O001189,P0047,W02,17,CANCELLED,2026-09-04T21:59:20.880590
O001190,P0079,W03,13,CANCELLED,2026-08-30T08:17:20.880590
O001191,P0099,W03,30,FULFILLED,2026-08-09T01:22:20.880590
O001192,P0085,W03,6,PROCESSING,2026-09-01T19:05:20.880590
O001193,P0099,W01,14,FULFILLED,2026-08-15T04:47:20.880590
O001194,P0094,W08,10,PROCESSING,2026-08-21T03:29:20.880590
O001195,P0017,W04,1,FULFILLED,2026-08-12T09:49:20.880590
O001196,P0059,W08,28,CANCELLED,2026-08-07T14:45:20.880590
O001197,P0001,W08,8,PROCESSING,2026-08-31T19:03:20.880590
O001198,P0085,W08,15,CANCELLED,2026-09-02T20:36:20.880590
O001199,P0011,W01,8,FULFILLED,2026-08-27T04:03:20.880590
O001200,P0081,W04,2,PROCESSING,2026-09-04T06:21:20.880590
O001201,P0008,W06,2,PROCESSING,2026-08-13T19:21:20.880590
O001202,P0086,W05,11,PLACED,2026-08-08T12:50:20.880590
O001203,P0014,W07,6,PROCESSING,2026-08-09T06:58:20.880590
O001204,P0079,W03,15,FULFILLED,2026-08-20T00:02:20.880590
O001205,P0012,W05,11,FULFILLED,2026-08-08T16:33:20.880590
O001206,P0009,W07,27,PLACED,2026-08-24T07:19:20.880590
O001207,P0061,W03,4,FULFILLED,2026-08-20T09:16:20.880590
O001208,P0068,W07,17,PROCESSING,2026-08-22T01:00:20.880590
O001209,P0079,W01,4,PLACED,2026-08-16T13:45:20.880590
O001210,P0093,W05,14,FULFILLED,2026-08-29T01:42:20.880590
O001211,P0068,W06,30,PROCESSING,2026-08-18T21:02:20.880590
O001212,P0073,W08,17,CANCELLED,2026-09-04T00:23:20.880590
O001213,P0024,W04,23,FULFILLED,2026-08-29T11:21:20.880590
O001214,P0001,W02,1,CANCELLED,2026-08-15T20:49:20.880590
O001215,P0016,W04,26,CANCELLED,2026-09-04T12:35:20.880590
O001216,P0006,W06,12,PROCESSING,2026-08-25T21:39:20.880590
O001217,P0082,W04,23,FULFILLED,2026-08-07T13:45:20.880590
O001218,P0009,W05,10,FULFILLED,2026-08-18T15:18:20.880590
O001219,P0015,W06,11,CANCELLED,2026-08-07T08:06:20.880590
O001220,P0079,W01,27,PROCESSING,2026-09-01T22:49:20.880590
O001221,P0043,W06,30,CANCELLED,2026-08-15T21:20:20.880590
O001222,P0005,W03,16,PROCESSING,2026-08-28T15:41:20.880590
O001223,P0059,W06,15,CANCELLED,2026-09-04T14:29:20.880590
O001224,P0067,W05,19,FULFILLED,2026-08-09T14:36:20.880590
O001225,P0069,W01,7,FULFILLED,2026-09-01T07:49:20.880590
O001226,P0009,W03,9,PLACED,2026-08-23T03:38:20.880590
O001227,P0049,W03,19,CANCELLED,2026-08-22T11:51:20.880590
O001228,P0077,W02,28,FULFILLED,2026-08-15T14:05:20.880590
O001229,P0091,W01,9,CANCELLED,2026-08-21T08:56:20.880590
O001230,P0064,W04,12,CANCELLED,2026-08-11T00:13:20.880590
O001231,P0028,W05,6,PLACED,2026-08-20T19:58:20.880590
O001232,P0005,W04,30,PLACED,2026-08-24T02:09:20.880590
O001233,P0065,W01,26,CANCELLED,2026-08-27T06:08:20.880590
O001234,P0020,W04,11,CANCELLED,2026-08-29T19:36:20.880590
O001235,P0040,W06,5,PLACED,2026-08-30T21:21:20.880590
O001236,P0087,W03,7,PLACED,2026-08-30T13:11:20.880590
O001237,P0050,W02,1,FULFILLED,2026-08-27T23:10:20.880590
O001238,P0088,W02,11,CANCELLED,2026-08-09T01:30:20.880590
O001239,P0014,W05,1,FULFILLED,2026-08-09T03:48:20.880590
O001240,P0027,W06,7,PROCESSING,2026-09-05T03:12:20.880590
O001241,P0036,W06,25,CANCELLED,2026-08-20T02:25:20.880590
O001242,P0035,W03,6,FULFILLED,2026-08-12T09:55:20.880590
O001243,P0002,W02,7,FULFILLED,2026-08-12T06:26:20.880590
O001244,P0041,W05,5,FULFILLED,2026-09-01T01:28:20.880590
O001245,P0032,W03,3,FULFILLED,2026-09-02T04:28:20.880590
O001246,P0044,W08,2,PROCESSING,2026-09-03T23:15:20.880590
O001247,P0061,W01,4,CANCELLED,2026-08-08T09:05:20.880590
O001248,P0012,W07,13,PROCESSING,2026-08-09T12:10:20.880590
O001249,P0076,W08,20,FULFILLED,2026-09-03T04:32:20.880590
O001250,P0043,W04,23,PLACED,2026-08-21T06:41:20.880590
O001251,P0073,W03,3,CANCELLED,2026-08-28T06:04:20.880590
O001252,P0059,W05,22,CANCELLED,2026-08-11T11:39:20.880590
O001253,P0030,W04,5,FULFILLED,2026-08-28T11:22:20.880590
O001254,P0051,W03,23,FULFILLED,2026-08-23T14:24:20.880590
O001255,P0059,W08,1,PLACED,2026-08-21T20:08:20.880590
O001256,P0015,W06,16,CANCELLED,2026-08-28T16:36:20.880590
O001257,P0037,W06,20,PROCESSING,2026-08-14T19:58:20.880590
O001258,P0014,W07,27,PLACED,2026-08-30T04:13:20.880590
O001259,P0072,W02,26,FULFILLED,2026-08-21T21:21:20.880590
O001260,P0060,W07,19,CANCELLED,2026-08-31T07:19:20.880590
O001261,P0080,W04,18,PROCESSING,2026-08-17T22:00:20.880590
O001262,P0050,W02,11,PROCESSING,2026-08-29T00:17:20.880590
O001263,P0056,W07,19,FULFILLED,2026-09-02T22:54:20.880590
O001264,P0089,W04,6,PLACED,2026-08-31T20:11:20.880590
O001265,P0063,W02,19,CANCELLED,2026-09-02T04:35:20.880590
O001266,P0072,W02,27,CANCELLED,2026-08-21T20:48:20.880590
O001267,P0040,W07,3,PLACED,2026-08-15T01:50:20.880590
O001268,P0099,W07,11,CANCELLED,2026-09-03T04:51:20.880590
O001269,P0085,W01,3,PROCESSING,2026-09-05T09:55:20.880590
O001270,P0075,W01,25,PROCESSING,2026-08-13T09:09:20.880590
O001271,P0058,W05,13,CANCELLED,2026-08-13T20:24:20.880590
O001272,P0027,W06,10,FULFILLED,2026-08-15T23:08:20.880590
O001273,P0092,W06,3,PLACED,2026-08-26T20:15:20.880590
O001274,P0066,W07,28,PROCESSING,2026-09-03T21:19:20.880590
O001275,P0008,W06,29,PLACED,2026-08-20T10:44:20.880590
O001276,P0091,W06,4,FULFILLED,2026-08-07T02:20:20.880590
O001277,P0031,W07,23,CANCELLED,2026-08-08T11:28:20.880590
O001278,P0041,W07,13,CANCELLED,2026-09-04T12:19:20.880590
O001279,P0070,W04,22,PROCESSING,2026-08-26T20:45:20.880590
O001280,P0018,W04,18,CANCELLED,2026-08-28T16:06:20.880590
O001281,P0054,W03,10,PROCESSING,2026-08-23T10:56:20.880590
O001282,P0002,W02,21,PLACED,2026-08-13T04:05:20.880590
O001283,P0093,W08,22,CANCELLED,2026-08-13T14:41:20.880590
O001284,P0011,W03,21,CANCELLED,2026-08-13T05:43:20.880590
O001285,P0090,W07,20,PROCESSING,2026-08-27T19:31:20.880590
O001286,P0066,W07,18,CANCELLED,2026-08-27T17:44:20.880590
O001287,P0046,W04,6,CANCELLED,2026-08-24T13:37:20.880590
O001288,P0001,W08,28,PROCESSING,2026-09-03T13:46:20.880590
O001289,P0035,W07,30,FULFILLED,2026-08-29T21:26:20.880590
O001290,P0005,W08,23,FULFILLED,2026-08-08T13:57:20.880590
O001291,P0075,W08,23,PLACED,2026-08-12T05:01:20.880590
O001292,P0094,W05,15,PLACED,2026-08-13T12:36:20.880590
O001293,P0079,W02,8,CANCELLED,2026-08-30T21:03:20.880590
O001294,P0095,W02,22,FULFILLED,2026-09-04T18:16:20.880590
O001295,P0007,W06,18,PLACED,2026-09-03T23:01:20.880590
O001296,P0059,W08,19,FULFILLED,2026-08-28T09:32:20.880590
O001297,P0046,W05,10,PROCESSING,2026-08-26T05:16:20.880590
O001298,P0089,W05,24,FULFILLED,2026-08-08T16:00:20.880590
O001299,P0081,W08,19,PROCESSING,2026-08-09T20:30:20.880590
O001300,P0007,W05,26,PLACED,2026-09-02T03:07:20.880590
O001301,P0063,W02,5,PLACED,2026-08-20T02:41:20.880590
O001302,P0033,W03,20,FULFILLED,2026-08-19T16:54:20.880590
O001303,P0033,W01,24,PLACED,2026-08-19T14:01:20.880590
O001304,P0023,W03,22,CANCELLED,2026-09-03T12:57:20.880590
O001305,P0023,W05,26,PROCESSING,2026-08-23T21:18:20.880590
O001306,P0024,W01,11,PLACED,2026-08-29T03:04:20.880590
O001307,P0077,W03,27,CANCELLED,2026-08-13T15:52:20.880590
O001308,P0099,W07,8,CANCELLED,2026-08-25T20:27:20.880590
O001309,P0022,W04,19,FULFILLED,2026-09-05T01:49:20.880590
O001310,P0083,W05,25,PLACED,2026-08-09T12:45:20.880590
O001311,P0022,W08,13,CANCELLED,2026-08-09T10:47:20.880590
O001312,P0061,W04,13,CANCELLED,2026-08-20T18:35:20.880590
O001313,P0034,W03,17,CANCELLED,2026-08-28T15:47:20.880590
O001314,P0037,W08,13,FULFILLED,2026-08-07T14:22:20.880590
O001315,P0088,W01,4,FULFILLED,2026-08-31T04:35:20.880590
O001316,P0079,W05,11,FULFILLED,2026-08-26T17:02:20.880590
O001317,P0013,W05,21,CANCELLED,2026-08-19T05:08:20.880590
O001318,P0099,W04,24,PROCESSING,2026-08-28T01:04:20.880590
O001319,P0044,W03,11,PLACED,2026-08-30T17:20:20.880590
O001320,P0009,W01,14,PLACED,2026-08-07T10:40:20.880590
O001321,P0014,W08,12,PROCESSING,2026-08-30T23:08:20.880590
O001322,P0033,W04,2,PLACED,2026-08-19T22:51:20.880590
O001323,P0012,W01,20,PROCESSING,2026-09-04T05:57:20.880590
O001324,P0082,W02,23,PLACED,2026-09-03T08:06:20.880590
O001325,P0078,W03,13,PROCESSING,2026-08-10T23:46:20.880590
O001326,P0090,W03,9,FULFILLED,2026-08-12T02:29:20.880590
O001327,P0085,W02,21,CANCELLED,2026-08-28T07:27:20.880590
O001328,P0099,W07,23,FULFILLED,2026-08-19T15:18:20.880590
O001329,P0021,W02,9,PLACED,2026-08-18T18:29:20.880590
O001330,P0050,W06,2,FULFILLED,2026-08-24T11:32:20.880590
O001331,P0023,W08,3,CANCELLED,2026-08-19T02:30:20.880590
O001332,P0079,W07,6,CANCELLED,2026-08-16T04:36:20.880590
O001333,P0019,W07,7,PLACED,2026-08-11T23:51:20.880590
O001334,P0092,W05,4,PLACED,2026-08-27T03:44:20.880590
O001335,P0010,W05,25,CANCELLED,2026-08-10T09:03:20.880590
O001336,P0064,W03,21,PLACED,2026-08-07T21:54:20.880590
O001337,P0086,W07,9,PROCESSING,2026-08-08T18:44:20.880590
O001338,P0051,W01,17,CANCELLED,2026-08-22T01:40:20.880590
O001339,P0056,W07,28,PLACED,2026-08-28T19:40:20.880590
O001340,P0029,W01,13,CANCELLED,2026-08-31T15:22:20.880590
O001341,P0073,W06,11,FULFILLED,2026-08-12T13:48:20.880590
O001342,P0008,W02,12,FULFILLED,2026-08-25T06:59:20.880590
O001343,P0059,W05,21,PROCESSING,2026-08-10T17:17:20.880590
O001344,P0071,W01,13,PROCESSING,2026-08-15T02:19:20.880590
O001345,P0090,W07,29,PLACED,2026-08-20T15:51:20.880590
O001346,P0089,W06,16,PLACED,2026-09-04T18:13:20.880590
O001347,P0057,W04,5,PLACED,2026-09-04T20:35:20.880590
O001348,P0004,W04,16,CANCELLED,2026-08-15T20:19:20.880590
O001349,P0070,W05,16,CANCELLED,2026-08-09T22:13:20.880590
O001350,P0005,W06,2,FULFILLED,2026-08-07T19:20:20.880590
O001351,P0052,W02,7,CANCELLED,2026-08-09T00:10:20.880590
O001352,P0020,W04,30,PLACED,2026-08-31T11:29:20.880590
O001353,P0095,W03,16,PLACED,2026-08-08T17:41:20.880590
O001354,P0080,W01,8,PROCESSING,2026-08-28T12:06:20.880590
O001355,P0023,W01,29,FULFILLED,2026-08-07T17:06:20.880590
O001356,P0059,W03,27,PLACED,2026-08-11T11:41:20.880590
O001357,P0015,W08,20,PROCESSING,2026-08-11T21:33:20.880590
O001358,P0026,W07,11,CANCELLED,2026-08-09T22:20:20.880590
O001359,P0016,W03,11,PROCESSING,2026-08-21T19:34:20.880590
O001360,P0076,W03,11,PLACED,2026-08-09T03:12:20.880590
O001361,P0036,W03,25,CANCELLED,2026-08-12T13:18:20.880590
O001362,P0090,W06,18,PROCESSING,2026-08-14T16:58:20.880590
O001363,P0032,W01,5,PLACED,2026-08-27T00:33:20.880590
O001364,P0079,W07,25,PROCESSING,2026-09-04T19:56:20.880590
O001365,P0063,W02,1,PLACED,2026-08-07T18:29:20.880590
O001366,P0012,W05,14,CANCELLED,2026-08-15T05:23:20.880590
O001367,P0027,W03,21,FULFILLED,2026-08-12T20:01:20.880590
O001368,P0058,W07,8,PROCESSING,2026-08-30T20:46:20.880590
O001369,P0089,W01,20,PROCESSING,2026-09-03T20:17:20.880590
O001370,P0079,W02,21,FULFILLED,2026-08-29T19:25:20.880590
O001371,P0054,W01,18,PROCESSING,2026-08-22T21:21:20.880590
O001372,P0016,W02,20,FULFILLED,2026-08-15T19:01:20.880590
O001373,P0065,W04,15,PROCESSING,2026-08-31T14:56:20.880590
O001374,P0007,W04,4,PROCESSING,2026-08-19T15:20:20.880590
O001375,P0064,W03,6,PLACED,2026-08-28T15:36:20.880590
O001376,P0083,W06,10,PROCESSING,2026-08-09T12:25:20.880590
O001377,P0033,W06,20,CANCELLED,2026-08-26T20:11:20.880590
O001378,P0014,W01,30,PROCESSING,2026-08-09T00:43:20.880590
O001379,P0004,W08,17,PLACED,2026-08-14T06:02:20.880590
O001380,P0031,W08,19,FULFILLED,2026-08-10T06:48:20.880590
O001381,P0026,W06,8,PLACED,2026-08-26T03:08:20.880590
O001382,P0030,W02,8,CANCELLED,2026-08-21T21:38:20.880590
O001383,P0049,W04,3,CANCELLED,2026-08-16T03:49:20.880590
O001384,P0063,W01,29,CANCELLED,2026-09-02T16:29:20.880590
O001385,P0028,W08,6,CANCELLED,2026-08-13T15:43:20.880590
O001386,P0018,W08,24,PROCESSING,2026-08-24T01:21:20.880590
O001387,P0046,W05,7,FULFILLED,2026-09-04T19:45:20.880590
O001388,P0005,W01,9,PROCESSING,2026-08-12T20:21:20.880590
O001389,P0060,W08,14,PROCESSING,2026-08-12T02:46:20.880590
O001390,P0029,W05,20,PROCESSING,2026-08-22T16:41:20.880590
O001391,P0079,W03,19,PROCESSING,2026-09-05T02:16:20.880590
O001392,P0053,W08,28,PROCESSING,2026-08-10T23:52:20.880590
O001393,P0061,W08,9,PLACED,2026-09-02T23:34:20.880590
O001394,P0095,W04,8,FULFILLED,2026-08-26T13:01:20.880590
O001395,P0075,W04,29,PROCESSING,2026-08-26T19:43:20.880590
O001396,P0001,W07,2,PLACED,2026-09-02T04:03:20.880590
O001397,P0094,W01,14,CANCELLED,2026-08-28T11:29:20.880590
O001398,P0090,W02,15,CANCELLED,2026-08-28T20:54:20.880590
O001399,P0011,W01,23,CANCELLED,2026-08-18T00:07:20.880590
O001400,P0017,W06,10,PROCESSING,2026-08-16T23:32:20.880590
O001401,P0012,W01,16,FULFILLED,2026-09-05T12:48:20.880590
O001402,P0091,W08,28,PLACED,2026-08-14T10:08:20.880590
O001403,P0060,W03,28,CANCELLED,2026-08-27T18:13:20.880590
O001404,P0048,W08,23,PLACED,2026-08-15T11:25:20.880590
O001405,P0010,W07,29,FULFILLED,2026-09-04T14:36:20.880590
O001406,P0005,W05,14,FULFILLED,2026-08-31T05:19:20.880590
O001407,P0070,W04,26,PLACED,2026-09-03T22:25:20.880590
O001408,P0043,W01,17,FULFILLED,2026-09-04T07:07:20.880590
O001409,P0015,W07,12,CANCELLED,2026-08-09T09:44:20.880590
O001410,P0006,W06,12,PROCESSING,2026-09-04T05:40:20.880590
O001411,P0072,W02,18,PROCESSING,2026-09-05T13:23:20.880590
O001412,P0043,W04,18,PLACED,2026-08-13T08:35:20.880590
O001413,P0062,W04,25,PROCESSING,2026-09-05T14:20:20.880590
O001414,P0046,W05,17,CANCELLED,2026-08-21T15:26:20.880590
O001415,P0007,W02,12,FULFILLED,2026-08-19T16:07:20.880590
O001416,P0063,W02,16,FULFILLED,2026-08-27T15:34:20.880590
O001417,P0080,W06,26,PLACED,2026-08-27T15:05:20.880590
O001418,P0059,W02,3,CANCELLED,2026-08-15T15:08:20.880590
O001419,P0037,W02,4,PROCESSING,2026-08-15T04:43:20.880590
O001420,P0015,W03,16,PROCESSING,2026-08-19T14:49:20.880590
O001421,P0067,W01,10,CANCELLED,2026-08-16T08:31:20.880590
O001422,P0017,W08,12,CANCELLED,2026-08-31T16:48:20.880590
O001423,P0095,W01,10,PROCESSING,2026-08-27T06:13:20.880590
O001424,P0003,W04,27,FULFILLED,2026-08-09T22:10:20.880590
O001425,P0075,W06,21,FULFILLED,2026-08-25T19:05:20.880590
O001426,P0076,W08,15,FULFILLED,2026-08-29T04:25:20.880590
O001427,P0017,W05,6,FULFILLED,2026-09-01T21:00:20.880590
O001428,P0062,W06,10,PLACED,2026-08-17T09:07:20.880590
O001429,P0046,W05,15,PROCESSING,2026-08-13T19:26:20.880590
O001430,P0021,W05,6,PROCESSING,2026-09-04T05:07:20.880590
O001431,P0021,W04,4,PLACED,2026-08-14T01:03:20.880590
O001432,P0074,W03,15,FULFILLED,2026-08-21T11:15:20.880590
O001433,P0024,W04,18,PLACED,2026-08-23T21:11:20.880590
O001434,P0045,W03,12,CANCELLED,2026-08-21T11:36:20.880590
O001435,P0021,W05,4,PLACED,2026-08-31T15:05:20.880590
O001436,P0064,W03,15,FULFILLED,2026-08-25T11:18:20.880590
O001437,P0001,W06,21,FULFILLED,2026-08-14T03:52:20.880590
O001438,P0038,W03,26,CANCELLED,2026-08-28T15:03:20.880590
O001439,P0089,W02,24,CANCELLED,2026-08-22T11:21:20.880590
O001440,P0018,W02,10,PLACED,2026-08-08T21:11:20.880590
O001441,P0080,W04,15,FULFILLED,2026-08-25T08:06:20.880590
O001442,P0042,W01,20,PROCESSING,2026-08-11T06:25:20.880590
O001443,P0068,W04,26,FULFILLED,2026-09-02T14:40:20.880590
O001444,P0003,W02,18,CANCELLED,2026-08-15T23:11:20.880590
O001445,P0066,W07,7,CANCELLED,2026-08-11T00:51:20.880590
O001446,P0078,W01,30,FULFILLED,2026-08-21T12:29:20.880590
O001447,P0019,W07,12,CANCELLED,2026-08-25T03:39:20.880590
O001448,P0002,W05,12,FULFILLED,2026-08-24T00:38:20.880590
O001449,P0058,W02,7,CANCELLED,2026-08-21T01:55:20.880590
O001450,P0057,W05,6,CANCELLED,2026-08-25T23:22:20.880590
O001451,P0018,W02,5,PROCESSING,2026-08-25T21:49:20.880590
O001452,P0061,W06,3,CANCELLED,2026-08-20T20:37:20.880590
O001453,P0001,W07,21,FULFILLED,2026-08-11T02:01:20.880590
O001454,P0023,W08,23,PROCESSING,2026-08-25T22:10:20.880590
O001455,P0024,W07,10,CANCELLED,2026-08-16T03:03:20.880590
O001456,P0039,W05,16,CANCELLED,2026-08-08T23:32:20.880590
O001457,P0004,W01,5,FULFILLED,2026-08-17T06:39:20.880590
O001458,P0082,W08,4,FULFILLED,2026-08-20T17:16:20.880590
O001459,P0023,W08,30,PROCESSING,2026-08-26T01:03:20.880590
O001460,P0016,W05,16,PLACED,2026-08-08T08:29:20.880590
O001461,P0096,W06,19,CANCELLED,2026-09-03T07:33:20.880590
O001462,P0056,W05,21,CANCELLED,2026-09-01T19:10:20.880590
O001463,P0048,W01,28,FULFILLED,2026-08-12T12:02:20.880590
O001464,P0075,W01,5,FULFILLED,2026-08-14T11:17:20.880590
O001465,P0089,W03,12,PROCESSING,2026-08-28T00:59:20.880590
O001466,P0035,W06,14,FULFILLED,2026-08-09T11:11:20.880590
O001467,P0038,W05,17,PLACED,2026-08-09T06:37:20.880590
O001468,P0025,W03,25,PLACED,2026-08-30T10:41:20.880590
O001469,P0097,W03,18,FULFILLED,2026-09-03T07:25:20.880590
O001470,P0088,W05,9,FULFILLED,2026-08-21T10:48:20.880590
O001471,P0069,W06,27,PROCESSING,2026-08-11T10:05:20.880590
O001472,P0018,W05,12,CANCELLED,2026-08-07T15:30:20.880590
O001473,P0044,W03,4,PROCESSING,2026-08-25T19:25:20.880590
O001474,P0065,W04,27,PROCESSING,2026-08-14T02:13:20.880590
O001475,P0079,W02,14,CANCELLED,2026-09-01T11:37:20.880590
O001476,P0015,W03,30,PLACED,2026-08-10T12:51:20.880590
O001477,P0045,W05,23,FULFILLED,2026-08-28T21:10:20.880590
O001478,P0057,W06,6,FULFILLED,2026-08-13T09:15:20.880590
O001479,P0096,W02,8,PROCESSING,2026-08-08T08:49:20.880590
O001480,P0089,W04,10,PROCESSING,2026-08-13T12:54:20.880590
O001481,P0017,W02,14,PLACED,2026-08-16T14:37:20.880590
O001482,P0003,W08,25,CANCELLED,2026-08-10T14:19:20.880590
O001483,P0026,W02,2,PLACED,2026-08-08T23:51:20.880590
O001484,P0016,W05,2,PLACED,2026-08-28T09:46:20.880590
O001485,P0086,W01,25,PLACED,2026-08-20T18:53:20.880590
O001486,P0078,W04,19,PROCESSING,2026-08-12T16:37:20.880590
O001487,P0086,W06,1,PLACED,2026-08-15T11:14:20.880590
O001488,P0096,W05,19,FULFILLED,2026-08-13T16:24:20.880590
O001489,P0021,W04,17,PLACED,2026-08-23T02:06:20.880590
O001490,P0075,W01,17,PROCESSING,2026-08-11T13:39:20.880590
O001491,P0037,W03,29,PLACED,2026-08-15T18:38:20.880590
O001492,P0028,W08,12,PROCESSING,2026-08-11T13:12:20.880590
O001493,P0087,W02,6,FULFILLED,2026-08-27T01:38:20.880590
O001494,P0055,W04,17,PROCESSING,2026-08-24T08:03:20.880590
O001495,P0015,W06,4,CANCELLED,2026-08-25T14:36:20.880590
O001496,P0067,W03,16,FULFILLED,2026-08-12T01:54:20.880590
O001497,P0072,W01,3,FULFILLED,2026-08-20T04:17:20.880590
O001498,P0015,W07,10,CANCELLED,2026-08-29T12:40:20.880590
O001499,P0095,W05,22,CANCELLED,2026-09-03T09:12:20.880590
O001500,P0071,W07,10,CANCELLED,2026-08-17T08:07:20.880590
O001501,P0009,W08,22,FULFILLED,2026-08-15T15:37:20.880590
O001502,P0002,W08,22,PLACED,2026-08-15T05:15:20.880590
O001503,P0057,W02,4,PROCESSING,2026-08-25T02:21:20.880590
O001504,P0052,W02,24,PROCESSING,2026-08-25T00:39:20.880590
O001505,P0047,W04,11,PROCESSING,2026-08-10T00:05:20.880590
O001506,P0052,W02,8,CANCELLED,2026-09-03T03:16:20.880590
O001507,P0036,W05,25,CANCELLED,2026-08-29T18:34:20.880590
O001508,P0061,W07,16,FULFILLED,2026-08-23T06:22:20.880590
O001509,P0099,W08,4,PLACED,2026-08-13T18:23:20.880590
O001510,P0063,W08,8,PROCESSING,2026-08-18T11:14:20.880590
O001511,P0013,W01,27,PLACED,2026-08-08T09:52:20.880590
O001512,P0087,W01,6,CANCELLED,2026-08-29T17:30:20.880590
O001513,P0087,W06,5,FULFILLED,2026-09-03T13:47:20.880590
O001514,P0080,W02,25,PLACED,2026-09-04T08:46:20.880590
O001515,P0099,W08,26,CANCELLED,2026-08-30T17:20:20.880590
O001516,P0038,W08,16,FULFILLED,2026-08-16T05:58:20.880590
O001517,P0044,W01,25,PLACED,2026-08-31T17:54:20.880590
O001518,P0016,W07,15,FULFILLED,2026-08-26T15:32:20.880590
O001519,P0057,W08,2,PLACED,2026-08-24T04:28:20.880590
O001520,P0072,W05,29,PROCESSING,2026-08-15T02:36:20.880590
O001521,P0056,W03,10,CANCELLED,2026-08-29T10:14:20.880590
O001522,P0098,W02,19,CANCELLED,2026-08-29T05:50:20.880590
O001523,P0088,W08,16,PROCESSING,2026-09-01T06:17:20.880590
O001524,P0008,W07,9,CANCELLED,2026-08-30T02:51:20.880590
O001525,P0049,W06,25,FULFILLED,2026-09-02T22:59:20.880590
O001526,P0008,W01,19,PLACED,2026-08-21T15:28:20.880590
O001527,P0047,W06,26,PLACED,2026-08-12T21:26:20.880590
O001528,P0044,W07,4,CANCELLED,2026-09-04T12:15:20.880590
O001529,P0046,W07,12,PLACED,2026-08-22T18:24:20.880590
O001530,P0032,W04,21,FULFILLED,2026-08-18T04:10:20.880590
O001531,P0011,W02,28,FULFILLED,2026-09-03T00:37:20.880590
O001532,P0044,W03,1,FULFILLED,2026-08-12T06:26:20.880590
O001533,P0059,W07,19,CANCELLED,2026-08-08T18:14:20.880590
O001534,P0003,W08,19,PLACED,2026-08-19T04:38:20.880590
O001535,P0049,W07,11,PLACED,2026-08-21T11:08:20.880590
O001536,P0013,W04,11,CANCELLED,2026-08-29T06:50:20.880590
O001537,P0098,W06,6,FULFILLED,2026-08-29T22:34:20.880590
O001538,P0056,W04,16,PLACED,2026-08-23T14:16:20.880590
O001539,P0028,W05,9,PLACED,2026-08-31T10:41:20.880590
O001540,P0074,W07,26,PROCESSING,2026-08-20T14:10:20.880590
O001541,P0096,W02,23,PLACED,2026-09-04T11:36:20.880590
O001542,P0044,W05,3,CANCELLED,2026-09-02T23:53:20.880590
O001543,P0027,W06,26,PLACED,2026-08-26T11:55:20.880590
O001544,P0039,W05,14,FULFILLED,2026-09-05T17:04:20.880590
O001545,P0054,W07,9,CANCELLED,2026-08-16T03:57:20.880590
O001546,P0024,W01,21,PROCESSING,2026-08-31T23:30:20.880590
O001547,P0064,W04,22,CANCELLED,2026-09-02T07:29:20.880590
O001548,P0082,W07,30,PLACED,2026-08-19T06:04:20.880590
O001549,P0026,W06,15,PROCESSING,2026-08-30T19:52:20.880590
O001550,P0020,W05,28,CANCELLED,2026-08-17T23:58:20.880590
O001551,P0041,W02,21,PROCESSING,2026-08-25T17:31:20.880590
O001552,P0035,W05,21,PROCESSING,2026-08-25T19:54:20.880590
O001553,P0088,W04,13,PROCESSING,2026-08-18T17:31:20.880590
O001554,P0020,W04,1,PROCESSING,2026-08-12T05:27:20.880590
O001555,P0060,W08,18,CANCELLED,2026-08-21T04:36:20.880590
O001556,P0083,W01,7,PROCESSING,2026-08-26T06:22:20.880590
O001557,P0018,W01,9,FULFILLED,2026-08-19T11:17:20.880590
O001558,P0071,W03,21,PLACED,2026-09-06T00:51:20.880590
O001559,P0003,W01,28,PLACED,2026-08-29T04:05:20.880590
O001560,P0078,W05,28,PLACED,2026-08-21T08:17:20.880590
O001561,P0047,W02,13,PROCESSING,2026-08-25T13:58:20.880590
O001562,P0015,W02,17,FULFILLED,2026-08-17T19:14:20.880590
O001563,P0012,W04,20,PLACED,2026-08-29T15:40:20.880590
O001564,P0043,W07,26,PROCESSING,2026-08-21T07:44:20.880590
O001565,P0028,W03,4,PROCESSING,2026-08-26T07:18:20.880590
O001566,P0036,W08,14,FULFILLED,2026-08-16T19:16:20.880590
O001567,P0008,W08,18,FULFILLED,2026-09-02T21:17:20.880590
O001568,P0041,W07,16,PROCESSING,2026-08-12T04:48:20.880590
O001569,P0019,W06,16,FULFILLED,2026-08-19T16:46:20.880590
O001570,P0003,W01,27,PLACED,2026-08-21T02:01:20.880590
O001571,P0033,W07,10,FULFILLED,2026-08-17T23:12:20.880590
O001572,P0069,W04,28,CANCELLED,2026-08-12T14:43:20.880590
O001573,P0002,W07,30,FULFILLED,2026-08-24T17:43:20.880590
O001574,P0012,W04,10,PROCESSING,2026-08-20T18:04:20.880590
O001575,P0057,W06,29,CANCELLED,2026-08-14T08:25:20.880590
O001576,P0036,W02,27,CANCELLED,2026-08-08T14:25:20.880590
O001577,P0095,W07,30,FULFILLED,2026-08-28T11:58:20.880590
O001578,P0013,W03,23,FULFILLED,2026-08-26T06:45:20.880590
O001579,P0009,W06,14,FULFILLED,2026-08-30T02:28:20.880590
O001580,P0089,W01,25,PLACED,2026-08-27T16:29:20.880590
O001581,P0083,W03,21,CANCELLED,2026-09-05T05:58:20.880590
O001582,P0018,W01,13,PROCESSING,2026-09-05T05:40:20.880590
O001583,P0040,W06,19,PLACED,2026-09-04T15:41:20.880590
O001584,P0021,W04,17,PROCESSING,2026-08-12T02:28:20.880590
O001585,P0088,W07,26,FULFILLED,2026-09-03T02:14:20.880590
O001586,P0062,W03,9,PROCESSING,2026-08-27T14:33:20.880590
O001587,P0042,W05,7,PLACED,2026-09-03T01:09:20.880590
O001588,P0048,W03,13,CANCELLED,2026-08-25T22:09:20.880590
O001589,P0029,W01,1,PROCESSING,2026-09-02T00:26:20.880590
O001590,P0060,W04,9,PROCESSING,2026-08-11T02:36:20.880590
O001591,P0052,W07,20,FULFILLED,2026-08-09T07:47:20.880590
O001592,P0012,W06,6,PLACED,2026-08-13T20:26:20.880590
O001593,P0092,W07,25,CANCELLED,2026-08-07T16:50:20.880590
O001594,P0016,W04,23,PROCESSING,2026-08-29T13:09:20.880590
O001595,P0035,W05,24,CANCELLED,2026-08-15T17:32:20.880590
O001596,P0017,W07,28,PROCESSING,2026-08-24T10:44:20.880590
O001597,P0028,W05,24,PROCESSING,2026-09-03T08:52:20.880590
O001598,P0024,W07,26,PROCESSING,2026-08-26T02:20:20.880590
O001599,P0038,W05,8,CANCELLED,2026-08-08T08:50:20.880590
O001600,P0048,W08,3,PLACED,2026-08-18T08:38:20.880590
O001601,P0018,W06,23,CANCELLED,2026-08-28T09:33:20.880590
O001602,P0092,W07,23,CANCELLED,2026-08-16T17:12:20.880590
O001603,P0033,W02,4,PLACED,2026-09-03T05:42:20.880590
O001604,P0043,W04,16,FULFILLED,2026-08-09T10:20:20.880590
O001605,P0086,W01,1,FULFILLED,2026-09-03T15:44:20.880590
O001606,P0080,W07,10,CANCELLED,2026-08-30T00:30:20.880590
O001607,P0017,W01,19,PROCESSING,2026-08-23T22:32:20.880590
O001608,P0022,W08,30,FULFILLED,2026-08-18T21:43:20.880590
O001609,P0017,W02,11,CANCELLED,2026-08-28T08:41:20.880590
O001610,P0034,W02,11,PLACED,2026-08-13T12:17:20.880590
O001611,P0064,W05,24,FULFILLED,2026-08-12T21:05:20.880590
O001612,P0037,W05,20,FULFILLED,2026-08-26T15:11:20.880590
O001613,P0041,W07,29,PROCESSING,2026-08-30T14:05:20.880590
O001614,P0095,W08,25,PROCESSING,2026-08-21T10:04:20.880590
O001615,P0085,W08,2,PROCESSING,2026-09-01T08:21:20.880590
O001616,P0007,W04,6,PLACED,2026-08-13T19:45:20.880590
O001617,P0034,W03,23,CANCELLED,2026-08-28T11:03:20.880590
O001618,P0015,W08,2,CANCELLED,2026-08-26T22:06:20.880590
O001619,P0091,W08,15,CANCELLED,2026-08-23T06:49:20.880590
O001620,P0093,W03,4,FULFILLED,2026-08-12T04:17:20.880590
O001621,P0027,W05,6,PROCESSING,2026-08-11T07:37:20.880590
O001622,P0035,W04,19,PLACED,2026-08-30T05:05:20.880590
O001623,P0099,W03,14,PLACED,2026-08-30T23:57:20.880590
O001624,P0099,W08,22,PLACED,2026-08-18T06:17:20.880590
O001625,P0004,W05,22,PLACED,2026-08-22T00:23:20.880590
O001626,P0048,W02,27,FULFILLED,2026-08-24T23:57:20.880590
O001627,P0004,W02,15,CANCELLED,2026-08-14T01:22:20.880590
O001628,P0081,W05,20,PLACED,2026-08-27T17:21:20.880590
O001629,P0006,W08,11,PROCESSING,2026-08-22T01:14:20.880590
O001630,P0007,W05,11,PLACED,2026-08-16T16:17:20.880590
O001631,P0071,W07,3,CANCELLED,2026-08-10T06:39:20.880590
O001632,P0023,W04,25,CANCELLED,2026-08-18T16:07:20.880590
O001633,P0003,W04,6,CANCELLED,2026-08-11T02:50:20.880590
O001634,P0037,W03,4,FULFILLED,2026-08-25T08:56:20.880590
O001635,P0056,W05,29,PROCESSING,2026-08-29T09:33:20.880590
O001636,P0086,W02,27,FULFILLED,2026-08-23T09:35:20.880590
O001637,P0026,W08,15,CANCELLED,2026-08-30T09:22:20.880590
O001638,P0035,W07,3,CANCELLED,2026-08-28T17:48:20.880590
O001639,P0079,W03,14,CANCELLED,2026-08-23T19:37:20.880590
O001640,P0006,W06,15,PROCESSING,2026-08-11T06:56:20.880590
O001641,P0088,W03,30,CANCELLED,2026-09-05T12:46:20.880590
O001642,P0081,W02,10,CANCELLED,2026-08-31T01:20:20.880590
O001643,P0011,W08,10,PROCESSING,2026-08-26T23:07:20.880590
O001644,P0088,W05,27,PROCESSING,2026-08-12T20:59:20.880590
O001645,P0055,W05,19,PLACED,2026-08-30T20:46:20.880590
O001646,P0010,W01,17,PLACED,2026-09-01T03:14:20.880590
O001647,P0055,W07,4,CANCELLED,2026-08-30T07:11:20.880590
O001648,P0033,W06,9,PLACED,2026-09-01T22:20:20.880590
O001649,P0003,W02,24,CANCELLED,2026-08-29T23:18:20.880590
O001650,P0024,W07,2,PLACED,2026-08-15T05:32:20.880590
O001651,P0091,W05,11,CANCELLED,2026-08-26T00:04:20.880590
O001652,P0080,W05,11,PROCESSING,2026-08-27T12:52:20.880590
O001653,P0024,W02,24,FULFILLED,2026-08-16T15:57:20.880590
O001654,P0056,W01,1,CANCELLED,2026-08-11T21:33:20.880590
O001655,P0002,W03,21,CANCELLED,2026-08-12T08:51:20.880590
O001656,P0089,W07,28,CANCELLED,2026-08-28T00:02:20.880590
O001657,P0080,W06,23,CANCELLED,2026-08-20T20:09:20.880590
O001658,P0012,W03,5,PLACED,2026-08-20T19:59:20.880590
O001659,P0015,W01,23,PROCESSING,2026-08-15T17:49:20.880590
O001660,P0027,W08,21,PROCESSING,2026-08-08T06:42:20.880590
O001661,P0031,W07,27,PROCESSING,2026-09-05T15:06:20.880590
O001662,P0039,W08,5,CANCELLED,2026-08-10T23:27:20.880590
O001663,P0003,W02,6,PROCESSING,2026-08-26T06:13:20.880590
O001664,P0063,W08,1,CANCELLED,2026-08-27T07:45:20.880590
O001665,P0032,W04,10,CANCELLED,2026-09-02T16:38:20.880590
O001666,P0043,W01,4,CANCELLED,2026-08-09T09:02:20.880590
O001667,P0064,W05,2,CANCELLED,2026-08-25T23:27:20.880590
O001668,P0063,W08,8,PLACED,2026-08-25T05:58:20.880590
O001669,P0003,W07,19,FULFILLED,2026-08-31T02:28:20.880590
O001670,P0009,W05,29,CANCELLED,2026-09-01T05:43:20.880590
O001671,P0015,W08,20,FULFILLED,2026-08-28T14:25:20.880590
O001672,P0090,W07,1,PROCESSING,2026-08-27T11:06:20.880590
O001673,P0093,W04,16,FULFILLED,2026-08-20T04:00:20.880590
O001674,P0030,W04,19,FULFILLED,2026-08-26T23:57:20.880590
O001675,P0092,W08,5,FULFILLED,2026-09-03T11:04:20.880590
O001676,P0054,W06,26,CANCELLED,2026-08-24T19:48:20.880590
O001677,P0080,W04,10,PLACED,2026-08-14T10:23:20.880590
O001678,P0017,W03,7,PROCESSING,2026-08-29T00:51:20.880590
O001679,P0063,W02,26,CANCELLED,2026-09-03T15:03:20.880590
O001680,P0039,W04,7,PLACED,2026-08-29T12:41:20.880590
O001681,P0046,W05,12,PROCESSING,2026-08-07T21:13:20.880590
O001682,P0065,W01,26,PLACED,2026-08-15T00:15:20.880590
O001683,P0056,W02,20,PROCESSING,2026-08-22T10:18:20.880590
O001684,P0072,W04,16,FULFILLED,2026-08-12T13:14:20.880590
O001685,P0046,W01,25,FULFILLED,2026-08-22T13:08:20.880590
O001686,P0089,W02,23,PLACED,2026-08-13T22:32:20.880590
O001687,P0059,W02,4,PLACED,2026-08-26T23:38:20.880590
O001688,P0006,W02,6,PLACED,2026-09-01T15:47:20.880590
O001689,P0047,W03,24,FULFILLED,2026-08-16T09:45:20.880590
O001690,P0098,W08,24,PLACED,2026-08-27T03:40:20.880590
O001691,P0083,W06,11,PROCESSING,2026-08-14T01:56:20.880590
O001692,P0026,W08,14,PLACED,2026-08-12T15:44:20.880590
O001693,P0061,W06,10,PROCESSING,2026-08-18T05:22:20.880590
O001694,P0035,W06,23,CANCELLED,2026-08-10T22:30:20.880590
O001695,P0081,W04,5,CANCELLED,2026-08-23T11:20:20.880590
O001696,P0018,W07,14,CANCELLED,2026-08-17T10:39:20.880590
O001697,P0067,W06,1,CANCELLED,2026-08-27T22:29:20.880590
O001698,P0099,W01,23,PLACED,2026-08-13T16:26:20.880590
O001699,P0044,W06,13,PROCESSING,2026-08-10T22:01:20.880590
O001700,P0008,W07,25,PLACED,2026-08-26T19:32:20.880590
O001701,P0020,W01,21,FULFILLED,2026-09-05T06:04:20.880590
O001702,P0052,W05,24,FULFILLED,2026-08-26T03:24:20.880590
O001703,P0002,W05,29,PROCESSING,2026-08-22T17:19:20.880590
O001704,P0058,W04,29,CANCELLED,2026-08-25T10:37:20.880590
O001705,P0084,W07,25,PROCESSING,2026-08-22T18:31:20.880590
O001706,P0011,W01,18,FULFILLED,2026-08-20T18:46:20.880590
O001707,P0093,W03,17,FULFILLED,2026-08-24T19:23:20.880590
O001708,P0012,W05,17,FULFILLED,2026-08-16T18:52:20.880590
O001709,P0021,W01,1,FULFILLED,2026-09-04T23:45:20.880590
O001710,P0100,W05,24,CANCELLED,2026-08-18T01:01:20.880590
O001711,P0015,W01,27,FULFILLED,2026-08-30T01:18:20.880590
O001712,P0081,W06,4,PLACED,2026-08-18T21:08:20.880590
O001713,P0016,W08,10,PLACED,2026-09-05T16:26:20.880590
O001714,P0044,W04,26,PROCESSING,2026-08-27T16:22:20.880590
O001715,P0039,W05,22,PROCESSING,2026-08-23T00:04:20.880590
O001716,P0067,W04,4,FULFILLED,2026-08-24T05:55:20.880590
O001717,P0075,W04,27,FULFILLED,2026-08-30T13:31:20.880590
O001718,P0013,W03,23,CANCELLED,2026-08-27T17:38:20.880590
O001719,P0011,W02,2,CANCELLED,2026-08-25T19:29:20.880590
O001720,P0061,W04,15,PLACED,2026-08-12T23:28:20.880590
O001721,P0087,W07,19,CANCELLED,2026-08-23T20:47:20.880590
O001722,P0075,W08,21,CANCELLED,2026-08-19T01:26:20.880590
O001723,P0089,W08,24,CANCELLED,2026-08-27T02:06:20.880590
O001724,P0019,W03,16,CANCELLED,2026-08-14T11:17:20.880590
O001725,P0091,W02,23,PROCESSING,2026-08-12T22:44:20.880590
O001726,P0061,W01,24,PROCESSING,2026-08-27T18:52:20.880590
O001727,P0048,W02,20,CANCELLED,2026-09-01T12:01:20.880590
O001728,P0016,W06,19,FULFILLED,2026-08-12T01:55:20.880590
O001729,P0067,W03,4,FULFILLED,2026-08-08T21:24:20.880590
O001730,P0048,W05,10,CANCELLED,2026-08-20T22:28:20.880590
O001731,P0019,W03,26,CANCELLED,2026-08-08T07:58:20.880590
O001732,P0040,W05,7,PROCESSING,2026-08-09T06:33:20.880590
O001733,P0001,W02,18,FULFILLED,2026-08-29T07:18:20.880590
O001734,P0006,W07,16,FULFILLED,2026-08-10T03:12:20.880590
O001735,P0058,W06,26,CANCELLED,2026-09-01T19:22:20.880590
O001736,P0093,W03,25,PROCESSING,2026-08-28T16:29:20.880590
O001737,P0082,W08,25,CANCELLED,2026-08-30T00:45:20.880590
O001738,P0020,W06,3,CANCELLED,2026-08-27T11:55:20.880590
O001739,P0030,W07,11,PLACED,2026-08-24T16:22:20.880590
O001740,P0095,W05,21,PLACED,2026-08-27T05:23:20.880590
O001741,P0091,W01,19,FULFILLED,2026-08-14T14:18:20.880590
O001742,P0083,W02,21,PLACED,2026-09-01T14:13:20.880590
O001743,P0080,W01,19,PROCESSING,2026-08-15T19:35:20.880590
O001744,P0065,W01,4,PROCESSING,2026-08-28T17:09:20.880590
O001745,P0036,W04,8,CANCELLED,2026-08-07T22:08:20.880590
O001746,P0069,W06,13,PLACED,2026-08-10T21:52:20.880590
O001747,P0003,W06,14,PROCESSING,2026-08-29T10:14:20.880590
O001748,P0004,W06,13,FULFILLED,2026-08-25T22:38:20.880590
O001749,P0015,W02,18,PROCESSING,2026-08-11T04:50:20.880590
O001750,P0019,W03,9,PLACED,2026-08-20T01:05:20.880590
O001751,P0040,W07,22,PROCESSING,2026-08-14T01:52:20.880590
O001752,P0079,W06,6,PLACED,2026-08-09T17:45:20.880590
O001753,P0039,W07,4,FULFILLED,2026-08-09T17:18:20.880590
O001754,P0053,W06,9,CANCELLED,2026-08-13T13:01:20.880590
O001755,P0007,W04,8,PROCESSING,2026-08-12T13:32:20.880590
O001756,P0066,W07,4,FULFILLED,2026-08-29T11:52:20.880590
O001757,P0041,W08,18,CANCELLED,2026-08-09T19:38:20.880590
O001758,P0062,W01,14,PROCESSING,2026-08-10T00:54:20.880590
O001759,P0035,W02,8,PROCESSING,2026-08-07T21:45:20.880590
O001760,P0073,W07,15,PLACED,2026-08-20T22:08:20.880590
O001761,P0065,W04,26,PROCESSING,2026-09-04T23:52:20.880590
O001762,P0070,W03,26,PROCESSING,2026-08-24T01:09:20.880590
O001763,P0055,W08,2,PLACED,2026-08-31T12:32:20.880590
O001764,P0080,W05,21,PROCESSING,2026-08-28T04:56:20.880590
O001765,P0008,W08,9,FULFILLED,2026-08-07T02:00:20.880590
O001766,P0045,W04,19,FULFILLED,2026-08-24T08:38:20.880590
O001767,P0021,W02,10,PLACED,2026-08-09T03:05:20.880590
O001768,P0090,W02,27,PROCESSING,2026-08-25T01:11:20.880590
O001769,P0036,W07,7,FULFILLED,2026-09-01T09:14:20.880590
O001770,P0082,W05,25,CANCELLED,2026-08-22T15:39:20.880590
O001771,P0032,W06,11,PROCESSING,2026-08-19T11:37:20.880590
O001772,P0077,W06,1,PROCESSING,2026-08-27T23:38:20.880590
O001773,P0001,W08,1,PLACED,2026-09-05T11:30:20.880590
O001774,P0053,W08,25,CANCELLED,2026-08-14T22:57:20.880590
O001775,P0011,W02,18,PLACED,2026-08-31T13:11:20.880590
O001776,P0087,W02,12,CANCELLED,2026-08-27T07:40:20.880590
O001777,P0046,W07,6,PLACED,2026-09-03T10:12:20.880590
O001778,P0060,W06,30,PROCESSING,2026-08-12T17:41:20.880590
O001779,P0002,W04,24,PLACED,2026-08-27T07:00:20.880590
O001780,P0088,W06,7,PLACED,2026-08-19T20:29:20.880590
O001781,P0081,W05,26,PROCESSING,2026-09-03T23:27:20.880590
O001782,P0064,W06,2,FULFILLED,2026-08-17T17:17:20.880590
O001783,P0091,W04,1,PROCESSING,2026-08-29T11:43:20.880590
O001784,P0051,W02,28,FULFILLED,2026-09-05T02:45:20.880590
O001785,P0065,W08,6,PROCESSING,2026-09-01T23:01:20.880590
O001786,P0087,W03,3,PROCESSING,2026-09-01T19:19:20.880590
O001787,P0017,W05,30,PROCESSING,2026-08-10T00:28:20.880590
O001788,P0094,W05,7,PLACED,2026-08-30T20:45:20.880590
O001789,P0079,W05,22,CANCELLED,2026-08-31T07:31:20.880590
O001790,P0055,W01,28,FULFILLED,2026-08-07T03:33:20.880590
O001791,P0053,W05,4,CANCELLED,2026-08-26T17:52:20.880590
O001792,P0047,W01,29,PROCESSING,2026-08-29T14:42:20.880590
O001793,P0036,W07,18,CANCELLED,2026-08-09T04:42:20.880590
O001794,P0001,W07,7,FULFILLED,2026-08-21T10:50:20.880590
O001795,P0074,W01,24,PROCESSING,2026-08-10T18:46:20.880590
O001796,P0010,W04,7,PROCESSING,2026-08-26T08:20:20.880590
O001797,P0040,W02,21,PLACED,2026-08-22T01:01:20.880590
O001798,P0062,W07,26,PLACED,2026-08-08T07:51:20.880590
O001799,P0081,W06,27,FULFILLED,2026-09-03T00:37:20.880590
O001800,P0014,W08,8,FULFILLED,2026-08-18T07:22:20.880590
O001801,P0043,W04,3,CANCELLED,2026-08-09T12:52:20.880590
O001802,P0081,W08,19,PLACED,2026-08-11T09:54:20.880590
O001803,P0008,W01,13,FULFILLED,2026-08-10T22:50:20.880590
O001804,P0017,W01,30,CANCELLED,2026-08-10T00:26:20.880590
O001805,P0039,W07,3,PLACED,2026-08-09T13:15:20.880590
O001806,P0072,W01,10,CANCELLED,2026-08-09T14:21:20.880590
O001807,P0013,W07,8,PLACED,2026-08-25T08:09:20.880590
O001808,P0050,W08,26,CANCELLED,2026-08-27T16:39:20.880590
O001809,P0080,W02,11,PLACED,2026-09-04T06:51:20.880590
O001810,P0067,W06,19,PROCESSING,2026-08-27T17:23:20.880590
O001811,P0014,W01,20,PLACED,2026-08-11T23:23:20.880590
O001812,P0025,W03,21,FULFILLED,2026-09-03T01:00:20.880590
O001813,P0054,W08,24,CANCELLED,2026-08-23T05:35:20.880590
O001814,P0032,W03,26,PLACED,2026-08-15T12:29:20.880590
O001815,P0017,W05,19,CANCELLED,2026-08-09T19:29:20.880590
O001816,P0084,W06,10,PROCESSING,2026-08-30T09:53:20.880590
O001817,P0061,W05,20,FULFILLED,2026-08-13T18:25:20.880590
O001818,P0048,W01,17,PROCESSING,2026-08-20T07:20:20.880590
O001819,P0031,W01,14,FULFILLED,2026-08-09T16:01:20.880590
O001820,P0026,W04,26,PLACED,2026-08-15T22:51:20.880590
O001821,P0025,W08,23,CANCELLED,2026-08-22T14:28:20.880590
O001822,P0089,W06,28,FULFILLED,2026-09-03T08:31:20.880590
O001823,P0039,W07,11,PROCESSING,2026-09-04T02:21:20.880590
O001824,P0059,W01,16,PROCESSING,2026-08-11T19:56:20.880590
O001825,P0082,W04,23,PROCESSING,2026-08-07T05:27:20.880590
O001826,P0080,W04,8,CANCELLED,2026-08-28T06:59:20.880590
O001827,P0095,W07,7,CANCELLED,2026-08-22T03:31:20.880590
O001828,P0001,W06,1,PLACED,2026-08-15T10:39:20.880590
O001829,P0004,W02,5,FULFILLED,2026-08-23T08:19:20.880590
O001830,P0025,W06,2,PLACED,2026-08-27T02:27:20.880590
O001831,P0026,W05,6,PROCESSING,2026-08-16T02:54:20.880590
O001832,P0093,W03,11,PROCESSING,2026-08-18T23:35:20.880590
O001833,P0026,W01,6,FULFILLED,2026-08-15T04:25:20.880590
O001834,P0003,W03,13,PLACED,2026-08-11T15:56:20.880590
O001835,P0027,W05,15,PROCESSING,2026-08-22T11:01:20.880590
O001836,P0048,W03,17,CANCELLED,2026-08-23T21:09:20.880590
O001837,P0016,W03,29,PROCESSING,2026-08-10T00:49:20.880590
O001838,P0025,W07,23,FULFILLED,2026-08-15T16:33:20.880590
O001839,P0077,W07,21,PROCESSING,2026-08-21T12:42:20.880590
O001840,P0098,W04,28,FULFILLED,2026-08-09T03:52:20.880590
O001841,P0042,W04,2,FULFILLED,2026-08-13T19:41:20.880590
O001842,P0066,W08,7,PLACED,2026-08-12T19:32:20.880590
O001843,P0085,W02,6,CANCELLED,2026-08-28T11:30:20.880590
O001844,P0097,W06,16,CANCELLED,2026-09-05T10:00:20.880590
O001845,P0042,W06,17,CANCELLED,2026-08-15T04:55:20.880590
O001846,P0061,W05,19,CANCELLED,2026-08-29T13:51:20.880590
O001847,P0075,W01,7,PROCESSING,2026-09-05T02:23:20.880590
O001848,P0058,W04,13,PROCESSING,2026-08-16T07:08:20.880590
O001849,P0055,W07,19,PROCESSING,2026-08-20T23:38:20.880590
O001850,P0033,W02,5,PLACED,2026-08-24T02:02:20.880590
O001851,P0057,W06,8,PLACED,2026-08-20T11:41:20.880590
O001852,P0066,W06,14,CANCELLED,2026-08-28T05:35:20.880590
O001853,P0056,W07,12,CANCELLED,2026-08-28T08:06:20.880590
O001854,P0035,W07,1,PROCESSING,2026-08-21T11:41:20.880590
O001855,P0030,W05,21,PLACED,2026-08-27T03:51:20.880590
O001856,P0011,W05,27,PLACED,2026-08-23T09:38:20.880590
O001857,P0030,W02,4,PLACED,2026-08-19T15:20:20.880590
O001858,P0005,W04,11,PROCESSING,2026-08-23T10:53:20.880590
O001859,P0033,W05,24,FULFILLED,2026-08-22T01:02:20.880590
O001860,P0091,W03,28,FULFILLED,2026-08-15T17:38:20.880590
O001861,P0099,W05,10,FULFILLED,2026-08-07T10:44:20.880590
O001862,P0052,W01,16,PROCESSING,2026-08-25T10:29:20.880590
O001863,P0030,W04,24,PROCESSING,2026-08-25T03:35:20.880590
O001864,P0030,W08,24,CANCELLED,2026-08-28T15:37:20.880590
O001865,P0011,W06,28,PROCESSING,2026-08-22T13:30:20.880590
O001866,P0099,W07,7,CANCELLED,2026-08-26T13:46:20.880590
O001867,P0072,W01,12,PROCESSING,2026-08-27T12:54:20.880590
O001868,P0017,W05,24,PLACED,2026-09-02T08:12:20.880590
O001869,P0085,W06,11,PROCESSING,2026-08-29T19:19:20.880590
O001870,P0055,W07,25,FULFILLED,2026-08-26T03:14:20.880590
O001871,P0076,W01,19,PLACED,2026-08-21T21:34:20.880590
O001872,P0020,W06,19,CANCELLED,2026-08-13T09:23:20.880590
O001873,P0027,W07,3,CANCELLED,2026-08-24T09:55:20.880590
O001874,P0061,W02,11,CANCELLED,2026-08-15T15:07:20.880590
O001875,P0039,W02,6,PLACED,2026-09-05T03:22:20.880590
O001876,P0023,W01,27,CANCELLED,2026-09-01T05:20:20.880590
O001877,P0024,W04,3,CANCELLED,2026-08-08T06:43:20.880590
O001878,P0027,W04,10,PLACED,2026-08-19T23:25:20.880590
O001879,P0008,W06,17,PLACED,2026-08-27T18:01:20.880590
O001880,P0042,W07,13,PROCESSING,2026-08-14T21:05:20.880590
O001881,P0017,W07,16,PLACED,2026-08-12T02:22:20.880590
O001882,P0027,W03,28,PROCESSING,2026-08-24T18:18:20.880590
O001883,P0056,W08,6,FULFILLED,2026-08-21T03:45:20.880590
O001884,P0026,W08,9,PROCESSING,2026-09-02T19:06:20.880590
O001885,P0019,W08,3,CANCELLED,2026-08-07T09:32:20.880590
O001886,P0032,W06,30,CANCELLED,2026-09-03T14:04:20.880590
O001887,P0060,W01,24,PLACED,2026-08-28T00:04:20.880590
O001888,P0083,W08,12,FULFILLED,2026-08-20T03:53:20.880590
O001889,P0079,W03,14,PROCESSING,2026-08-24T20:35:20.880590
O001890,P0080,W07,15,CANCELLED,2026-08-15T05:33:20.880590
O001891,P0024,W02,13,PLACED,2026-09-06T01:18:20.880590
O001892,P0021,W05,29,FULFILLED,2026-08-17T23:13:20.880590
O001893,P0090,W04,30,CANCELLED,2026-08-10T02:19:20.880590
O001894,P0098,W02,12,PLACED,2026-08-25T18:38:20.880590
O001895,P0065,W06,14,CANCELLED,2026-08-11T20:20:20.880590
O001896,P0033,W04,17,PLACED,2026-08-14T13:27:20.880590
O001897,P0004,W02,21,CANCELLED,2026-08-28T02:13:20.880590
O001898,P0044,W07,28,PROCESSING,2026-08-24T09:44:20.880590
O001899,P0005,W01,9,PLACED,2026-08-25T02:41:20.880590
O001900,P0042,W08,16,CANCELLED,2026-08-13T06:29:20.880590
O001901,P0011,W04,23,CANCELLED,2026-08-10T03:56:20.880590
O001902,P0061,W05,27,PROCESSING,2026-08-13T10:36:20.880590
O001903,P0003,W02,6,FULFILLED,2026-08-14T19:44:20.880590
O001904,P0069,W07,6,PLACED,2026-08-12T17:01:20.880590
O001905,P0087,W05,5,CANCELLED,2026-08-07T13:39:20.880590
O001906,P0023,W04,23,PLACED,2026-08-23T08:32:20.880590
O001907,P0028,W08,23,PLACED,2026-08-31T06:49:20.880590
O001908,P0067,W02,13,FULFILLED,2026-09-04T22:46:20.880590
O001909,P0007,W01,2,CANCELLED,2026-08-27T06:22:20.880590
O001910,P0032,W06,30,PROCESSING,2026-08-16T05:46:20.880590
O001911,P0012,W01,14,PLACED,2026-08-16T03:51:20.880590
O001912,P0044,W04,22,PLACED,2026-08-07T17:19:20.880590
O001913,P0013,W03,24,PROCESSING,2026-08-17T02:20:20.880590
O001914,P0054,W02,27,FULFILLED,2026-08-09T01:29:20.880590
O001915,P0072,W04,20,PROCESSING,2026-08-21T17:52:20.880590
O001916,P0051,W07,4,PROCESSING,2026-08-31T17:06:20.880590
O001917,P0014,W06,11,PROCESSING,2026-08-16T18:55:20.880590
O001918,P0052,W06,1,CANCELLED,2026-08-07T17:47:20.880590
O001919,P0059,W04,3,FULFILLED,2026-08-16T17:48:20.880590
O001920,P0080,W06,2,PLACED,2026-09-05T15:19:20.880590
O001921,P0053,W05,25,CANCELLED,2026-08-17T00:08:20.880590
O001922,P0092,W03,9,PLACED,2026-08-11T16:37:20.880590
O001923,P0042,W07,22,PROCESSING,2026-09-03T08:37:20.880590
O001924,P0023,W06,28,CANCELLED,2026-08-22T04:06:20.880590
O001925,P0043,W01,20,CANCELLED,2026-08-10T03:09:20.880590
O001926,P0066,W04,17,PLACED,2026-08-24T11:04:20.880590
O001927,P0003,W02,10,PROCESSING,2026-08-17T15:29:20.880590
O001928,P0097,W04,20,PLACED,2026-08-26T13:27:20.880590
O001929,P0018,W06,16,FULFILLED,2026-08-09T18:52:20.880590
O001930,P0020,W07,7,PLACED,2026-08-16T06:04:20.880590
O001931,P0093,W08,24,FULFILLED,2026-08-17T21:26:20.880590
O001932,P0036,W06,21,PLACED,2026-08-13T04:04:20.880590
O001933,P0054,W05,25,PLACED,2026-08-30T18:20:20.880590
O001934,P0094,W06,11,PROCESSING,2026-08-17T11:33:20.880590
O001935,P0070,W01,30,PROCESSING,2026-08-16T10:13:20.880590
O001936,P0078,W07,17,FULFILLED,2026-08-17T04:23:20.880590
O001937,P0057,W01,3,CANCELLED,2026-08-15T09:53:20.880590
O001938,P0025,W01,21,PROCESSING,2026-08-10T05:51:20.880590
O001939,P0017,W02,6,PROCESSING,2026-08-16T08:28:20.880590
O001940,P0065,W02,14,CANCELLED,2026-08-17T19:31:20.880590
O001941,P0022,W04,8,CANCELLED,2026-08-21T05:37:20.880590
O001942,P0078,W04,10,FULFILLED,2026-08-15T02:07:20.880590
O001943,P0058,W04,9,CANCELLED,2026-09-02T07:01:20.880590
O001944,P0047,W07,13,PROCESSING,2026-08-10T16:48:20.880590
O001945,P0057,W07,17,CANCELLED,2026-08-28T11:33:20.880590
O001946,P0062,W01,25,CANCELLED,2026-08-14T03:40:20.880590
O001947,P0011,W05,20,PROCESSING,2026-08-26T12:14:20.880590
O001948,P0094,W03,9,CANCELLED,2026-09-01T05:16:20.880590
O001949,P0040,W08,10,CANCELLED,2026-08-28T03:50:20.880590
O001950,P0078,W08,3,FULFILLED,2026-09-01T15:25:20.880590
O001951,P0092,W08,7,PROCESSING,2026-08-13T06:40:20.880590
O001952,P0001,W01,28,FULFILLED,2026-08-15T16:32:20.880590
O001953,P0052,W07,13,FULFILLED,2026-08-29T10:12:20.880590
O001954,P0063,W05,21,PLACED,2026-08-24T12:53:20.880590
O001955,P0005,W02,13,PROCESSING,2026-08-25T15:55:20.880590
O001956,P0098,W07,9,FULFILLED,2026-08-15T21:33:20.880590
O001957,P0091,W08,21,FULFILLED,2026-08-30T06:02:20.880590
O001958,P0084,W07,30,CANCELLED,2026-08-09T16:26:20.880590
O001959,P0032,W08,2,FULFILLED,2026-08-18T06:58:20.880590
O001960,P0091,W01,23,PROCESSING,2026-09-04T18:35:20.880590
O001961,P0078,W08,22,PROCESSING,2026-08-18T22:51:20.880590
O001962,P0032,W03,1,PLACED,2026-08-18T15:10:20.880590
O001963,P0083,W07,13,PLACED,2026-08-11T06:14:20.880590
O001964,P0025,W07,6,CANCELLED,2026-08-30T15:47:20.880590
O001965,P0089,W05,17,CANCELLED,2026-08-18T13:37:20.880590
O001966,P0040,W07,25,PLACED,2026-09-02T17:34:20.880590
O001967,P0082,W06,27,PROCESSING,2026-08-12T00:46:20.880590
O001968,P0096,W04,30,CANCELLED,2026-08-19T07:15:20.880590
O001969,P0001,W03,27,CANCELLED,2026-08-21T01:56:20.880590
O001970,P0013,W02,25,CANCELLED,2026-08-07T03:08:20.880590
O001971,P0054,W05,24,CANCELLED,2026-08-30T22:48:20.880590
O001972,P0023,W06,6,PROCESSING,2026-08-14T19:47:20.880590
O001973,P0063,W03,17,PLACED,2026-08-16T01:42:20.880590
O001974,P0073,W04,6,PROCESSING,2026-08-27T13:39:20.880590
O001975,P0096,W03,26,PROCESSING,2026-08-09T17:50:20.880590
O001976,P0053,W08,21,PLACED,2026-08-18T20:41:20.880590
O001977,P0022,W02,10,PLACED,2026-09-05T00:34:20.880590
O001978,P0016,W05,3,FULFILLED,2026-08-24T05:59:20.880590
O001979,P0075,W04,16,CANCELLED,2026-08-08T09:49:20.880590
O001980,P0002,W01,9,PLACED,2026-08-11T15:31:20.880590
O001981,P0006,W02,7,PLACED,2026-09-02T13:36:20.880590
O001982,P0078,W05,30,CANCELLED,2026-08-24T03:44:20.880590
O001983,P0097,W06,20,CANCELLED,2026-08-28T14:18:20.880590
O001984,P0048,W06,11,PROCESSING,2026-08-22T09:01:20.880590
O001985,P0086,W07,13,PLACED,2026-08-23T11:57:20.880590
O001986,P0043,W02,1,CANCELLED,2026-08-23T06:17:20.880590
O001987,P0093,W03,1,PLACED,2026-08-25T08:17:20.880590
O001988,P0036,W04,12,CANCELLED,2026-08-31T05:00:20.880590
O001989,P0088,W08,17,CANCELLED,2026-09-04T04:49:20.880590
O001990,P0001,W06,1,FULFILLED,2026-08-15T14:41:20.880590
O001991,P0095,W06,22,CANCELLED,2026-08-09T03:23:20.880590
O001992,P0078,W08,13,PLACED,2026-08-17T16:31:20.880590
O001993,P0055,W08,22,PLACED,2026-08-22T21:53:20.880590
O001994,P0038,W04,23,PROCESSING,2026-08-24T13:47:20.880590
O001995,P0074,W01,5,CANCELLED,2026-08-30T17:27:20.880590
O001996,P0039,W08,6,CANCELLED,2026-08-11T00:32:20.880590
O001997,P0062,W04,8,PROCESSING,2026-08-12T07:46:20.880590
O001998,P0097,W02,4,CANCELLED,2026-08-14T19:34:20.880590
O001999,P0021,W06,29,CANCELLED,2026-08-08T09:20:20.880590
O002000,P0029,W05,22,CANCELLED,2026-08-19T19:38:20.880590
O002001,P0086,W03,30,CANCELLED,2026-08-12T15:52:20.880590
O002002,P0089,W06,28,PROCESSING,2026-08-11T04:12:20.880590
O002003,P0099,W02,21,FULFILLED,2026-09-02T06:31:20.880590
O002004,P0092,W07,21,CANCELLED,2026-08-24T05:12:20.880590
O002005,P0029,W05,4,FULFILLED,2026-08-17T16:18:20.880590
O002006,P0015,W02,11,PROCESSING,2026-08-11T01:11:20.880590
O002007,P0074,W06,5,FULFILLED,2026-08-12T08:14:20.880590
O002008,P0074,W01,10,PLACED,2026-08-24T08:41:20.880590
O002009,P0069,W04,28,CANCELLED,2026-09-02T21:55:20.880590
O002010,P0041,W06,26,PROCESSING,2026-08-26T08:12:20.880590
O002011,P0085,W04,4,CANCELLED,2026-08-30T17:07:20.880590
O002012,P0069,W08,11,PROCESSING,2026-08-07T11:27:20.880590
O002013,P0029,W08,22,CANCELLED,2026-08-20T13:37:20.880590
O002014,P0077,W05,5,PLACED,2026-08-13T18:26:20.880590
O002015,P0041,W05,17,PLACED,2026-09-03T07:33:20.880590
O002016,P0091,W08,21,PROCESSING,2026-08-19T12:05:20.880590
O002017,P0038,W07,2,FULFILLED,2026-08-29T14:06:20.880590
O002018,P0092,W04,28,PROCESSING,2026-08-14T00:12:20.880590
O002019,P0100,W03,28,CANCELLED,2026-08-09T10:49:20.880590
O002020,P0039,W03,1,CANCELLED,2026-08-24T21:22:20.880590
O002021,P0055,W08,12,CANCELLED,2026-08-22T09:57:20.880590
O002022,P0010,W05,10,PROCESSING,2026-08-24T20:33:20.880590
O002023,P0051,W02,5,FULFILLED,2026-08-31T23:59:20.880590
O002024,P0007,W05,15,PROCESSING,2026-09-02T11:21:20.880590
O002025,P0018,W08,23,CANCELLED,2026-09-02T07:49:20.880590
O002026,P0019,W04,7,PROCESSING,2026-08-20T07:21:20.880590
O002027,P0002,W06,24,PLACED,2026-09-05T16:44:20.880590
O002028,P0049,W07,22,PROCESSING,2026-08-13T18:38:20.880590
O002029,P0013,W06,16,PROCESSING,2026-08-09T14:56:20.880590
O002030,P0016,W06,19,CANCELLED,2026-08-09T10:43:20.880590
O002031,P0081,W07,8,PLACED,2026-08-13T19:41:20.880590
O002032,P0031,W07,16,FULFILLED,2026-08-12T11:10:20.880590
O002033,P0023,W07,25,PLACED,2026-09-03T04:34:20.880590
O002034,P0084,W07,9,CANCELLED,2026-08-28T03:52:20.880590
O002035,P0002,W02,4,PLACED,2026-08-23T18:37:20.880590
O002036,P0063,W04,1,CANCELLED,2026-08-12T14:43:20.880590
O002037,P0089,W02,26,PROCESSING,2026-08-19T12:23:20.880590
O002038,P0062,W07,10,PROCESSING,2026-08-24T12:48:20.880590
O002039,P0042,W02,23,PROCESSING,2026-08-11T14:01:20.880590
O002040,P0090,W01,13,CANCELLED,2026-08-25T12:08:20.880590
O002041,P0067,W02,25,PROCESSING,2026-08-09T23:14:20.880590
O002042,P0016,W03,28,PROCESSING,2026-09-06T00:45:20.880590
O002043,P0072,W08,26,FULFILLED,2026-08-07T07:13:20.880590
O002044,P0006,W03,19,PROCESSING,2026-08-12T15:48:20.880590
O002045,P0021,W02,18,FULFILLED,2026-09-05T18:16:20.880590
O002046,P0011,W02,17,FULFILLED,2026-08-08T15:39:20.880590
O002047,P0070,W03,14,PLACED,2026-08-23T14:31:20.880590
O002048,P0039,W01,17,FULFILLED,2026-08-18T08:40:20.880590
O002049,P0069,W08,5,CANCELLED,2026-09-06T01:23:20.880590
O002050,P0067,W06,20,PROCESSING,2026-08-21T07:13:20.880590
O002051,P0085,W01,8,PLACED,2026-08-11T13:33:20.880590
O002052,P0019,W05,28,PROCESSING,2026-08-15T14:50:20.880590
O002053,P0078,W04,19,FULFILLED,2026-08-13T04:00:20.880590
O002054,P0017,W07,3,FULFILLED,2026-08-19T16:24:20.880590
O002055,P0049,W03,13,CANCELLED,2026-08-18T22:08:20.880590
O002056,P0033,W07,23,PROCESSING,2026-08-10T20:21:20.880590
O002057,P0027,W02,21,FULFILLED,2026-08-31T10:46:20.880590
O002058,P0090,W04,23,FULFILLED,2026-09-04T20:57:20.880590
O002059,P0085,W03,14,PROCESSING,2026-09-01T17:03:20.880590
O002060,P0056,W07,1,PROCESSING,2026-08-21T10:57:20.880590
O002061,P0035,W02,18,PLACED,2026-08-10T14:05:20.880590
O002062,P0053,W02,11,PLACED,2026-09-01T00:22:20.880590
O002063,P0043,W05,5,PROCESSING,2026-08-23T13:42:20.880590
O002064,P0002,W02,13,PROCESSING,2026-08-19T12:18:20.880590
O002065,P0014,W02,6,FULFILLED,2026-08-24T06:59:20.880590
O002066,P0063,W02,17,FULFILLED,2026-09-02T20:34:20.880590
O002067,P0037,W05,20,PLACED,2026-09-02T02:21:20.880590
O002068,P0022,W06,25,CANCELLED,2026-08-09T05:48:20.880590
O002069,P0045,W07,16,PROCESSING,2026-08-15T06:45:20.880590
O002070,P0002,W03,22,PROCESSING,2026-08-18T20:22:20.880590
O002071,P0049,W05,2,FULFILLED,2026-08-13T13:15:20.880590
O002072,P0087,W07,23,CANCELLED,2026-08-18T09:30:20.880590
O002073,P0057,W06,26,CANCELLED,2026-08-15T09:24:20.880590
O002074,P0037,W05,14,PROCESSING,2026-08-29T21:59:20.880590
O002075,P0082,W02,10,CANCELLED,2026-08-20T22:45:20.880590
O002076,P0012,W02,3,PROCESSING,2026-08-21T07:00:20.880590
O002077,P0022,W01,3,FULFILLED,2026-08-11T07:41:20.880590
O002078,P0064,W01,14,PROCESSING,2026-09-01T06:42:20.880590
O002079,P0064,W02,13,PLACED,2026-08-28T21:19:20.880590
O002080,P0025,W01,23,CANCELLED,2026-09-04T02:33:20.880590
O002081,P0096,W06,8,PLACED,2026-08-31T09:02:20.880590
O002082,P0058,W03,22,PROCESSING,2026-09-03T16:49:20.880590
O002083,P0010,W06,27,PROCESSING,2026-08-15T00:21:20.880590
O002084,P0046,W01,14,CANCELLED,2026-08-30T10:29:20.880590
O002085,P0022,W06,4,FULFILLED,2026-08-24T07:29:20.880590
O002086,P0070,W02,10,FULFILLED,2026-08-18T10:13:20.880590
O002087,P0038,W05,7,PLACED,2026-08-29T01:07:20.880590
O002088,P0073,W07,7,FULFILLED,2026-09-04T18:49:20.880590
O002089,P0066,W01,30,CANCELLED,2026-09-05T07:42:20.880590
O002090,P0063,W01,12,PLACED,2026-09-04T04:09:20.880590
O002091,P0059,W06,10,FULFILLED,2026-09-04T01:44:20.880590
O002092,P0001,W06,29,PROCESSING,2026-08-11T22:28:20.880590
O002093,P0046,W01,4,CANCELLED,2026-08-25T08:34:20.880590
O002094,P0026,W02,17,PROCESSING,2026-08-29T10:51:20.880590
O002095,P0016,W08,1,PROCESSING,2026-08-25T18:01:20.880590
O002096,P0033,W04,16,CANCELLED,2026-09-05T22:38:20.880590
O002097,P0039,W06,14,PROCESSING,2026-08-24T02:15:20.880590
O002098,P0035,W02,15,CANCELLED,2026-08-31T11:20:20.880590
O002099,P0018,W06,24,CANCELLED,2026-08-14T10:10:20.880590
O002100,P0046,W04,4,PROCESSING,2026-08-07T07:45:20.880590
O002101,P0006,W03,13,CANCELLED,2026-08-20T00:36:20.880590
O002102,P0005,W03,22,PROCESSING,2026-08-22T03:11:20.880590
O002103,P0086,W05,4,CANCELLED,2026-08-28T20:56:20.880590
O002104,P0071,W08,26,PROCESSING,2026-08-29T07:36:20.880590
O002105,P0097,W07,17,CANCELLED,2026-08-21T20:16:20.880590
O002106,P0015,W02,26,PLACED,2026-08-13T00:57:20.880590
O002107,P0020,W06,17,PLACED,2026-08-12T19:10:20.880590
O002108,P0007,W06,14,PLACED,2026-08-17T19:44:20.880590
O002109,P0062,W05,10,CANCELLED,2026-08-26T19:49:20.880590
O002110,P0098,W07,8,PROCESSING,2026-08-10T19:39:20.880590
O002111,P0024,W04,9,PLACED,2026-08-30T07:49:20.880590
O002112,P0090,W04,22,CANCELLED,2026-08-19T01:15:20.880590
O002113,P0061,W02,23,PROCESSING,2026-08-16T02:08:20.880590
O002114,P0076,W03,8,PLACED,2026-08-15T15:29:20.880590
O002115,P0052,W01,9,PROCESSING,2026-08-13T01:55:20.880590
O002116,P0055,W01,20,PROCESSING,2026-08-13T17:06:20.880590
O002117,P0007,W07,14,FULFILLED,2026-08-11T04:44:20.880590
O002118,P0030,W04,11,CANCELLED,2026-09-04T21:09:20.880590
O002119,P0008,W07,21,PLACED,2026-08-28T20:49:20.880590
O002120,P0015,W05,12,FULFILLED,2026-08-20T21:46:20.880590
O002121,P0092,W07,8,FULFILLED,2026-08-23T00:49:20.880590
O002122,P0024,W01,1,PLACED,2026-08-09T05:21:20.880590
O002123,P0028,W05,16,FULFILLED,2026-08-21T16:43:20.880590
O002124,P0013,W07,6,FULFILLED,2026-09-03T15:54:20.880590
O002125,P0047,W06,10,PLACED,2026-08-29T10:01:20.880590
O002126,P0086,W01,22,PROCESSING,2026-08-11T11:14:20.880590
O002127,P0047,W06,24,FULFILLED,2026-08-22T03:11:20.880590
O002128,P0084,W05,7,CANCELLED,2026-08-17T21:39:20.880590
O002129,P0014,W03,21,PLACED,2026-08-11T00:41:20.880590
O002130,P0076,W04,7,CANCELLED,2026-08-08T22:14:20.880590
O002131,P0010,W06,10,CANCELLED,2026-08-11T13:09:20.880590
O002132,P0069,W03,2,PROCESSING,2026-08-16T06:03:20.880590
O002133,P0054,W05,29,FULFILLED,2026-08-15T18:48:20.880590
O002134,P0058,W02,30,CANCELLED,2026-08-23T17:11:20.880590
O002135,P0062,W07,17,PLACED,2026-08-10T03:22:20.880590
O002136,P0077,W05,23,PROCESSING,2026-08-14T15:45:20.880590
O002137,P0006,W01,26,PROCESSING,2026-08-20T05:47:20.880590
O002138,P0064,W02,6,CANCELLED,2026-08-25T03:35:20.880590
O002139,P0050,W07,13,FULFILLED,2026-08-30T05:41:20.880590
O002140,P0024,W01,6,PROCESSING,2026-08-16T11:26:20.880590
O002141,P0090,W01,29,CANCELLED,2026-09-03T00:09:20.880590
O002142,P0091,W05,10,PROCESSING,2026-08-29T23:43:20.880590
O002143,P0091,W05,18,PLACED,2026-08-20T13:07:20.880590
O002144,P0029,W01,18,PROCESSING,2026-08-14T20:18:20.880590
O002145,P0006,W03,29,FULFILLED,2026-08-20T08:11:20.880590
O002146,P0035,W01,21,PROCESSING,2026-08-13T02:39:20.880590
O002147,P0069,W02,1,FULFILLED,2026-08-16T14:45:20.880590
O002148,P0078,W06,11,PLACED,2026-09-04T20:28:20.880590
O002149,P0034,W03,14,FULFILLED,2026-09-01T01:22:20.880590
O002150,P0008,W01,27,FULFILLED,2026-08-21T20:00:20.880590
O002151,P0094,W05,6,FULFILLED,2026-08-17T00:55:20.880590
O002152,P0069,W02,24,CANCELLED,2026-08-07T18:29:20.880590
O002153,P0033,W04,27,CANCELLED,2026-09-05T19:34:20.880590
O002154,P0042,W05,7,CANCELLED,2026-08-17T02:24:20.880590
O002155,P0058,W04,24,CANCELLED,2026-08-14T03:25:20.880590
O002156,P0019,W08,3,CANCELLED,2026-08-23T20:04:20.880590
O002157,P0059,W03,27,PROCESSING,2026-08-15T07:40:20.880590
O002158,P0073,W08,24,PROCESSING,2026-08-15T15:42:20.880590
O002159,P0037,W01,10,PROCESSING,2026-09-05T12:43:20.880590
O002160,P0051,W04,3,PROCESSING,2026-08-15T03:32:20.880590
O002161,P0055,W04,15,CANCELLED,2026-08-10T08:06:20.880590
O002162,P0093,W03,24,PLACED,2026-08-11T14:53:20.880590
O002163,P0013,W07,13,PLACED,2026-09-03T12:22:20.880590
O002164,P0002,W01,5,PROCESSING,2026-08-12T01:36:20.880590
O002165,P0035,W03,21,PLACED,2026-08-10T20:43:20.880590
O002166,P0014,W06,28,PLACED,2026-08-07T11:40:20.880590
O002167,P0018,W08,25,CANCELLED,2026-08-16T06:24:20.880590
O002168,P0040,W06,16,PROCESSING,2026-08-14T11:36:20.880590
O002169,P0008,W05,21,PLACED,2026-08-18T03:43:20.880590
O002170,P0006,W02,18,FULFILLED,2026-08-08T00:34:20.880590
O002171,P0066,W07,5,PLACED,2026-08-11T17:26:20.880590
O002172,P0004,W04,14,CANCELLED,2026-08-17T06:25:20.880590
O002173,P0046,W05,8,CANCELLED,2026-08-13T18:23:20.880590
O002174,P0063,W03,4,PROCESSING,2026-08-12T04:11:20.880590
O002175,P0037,W06,3,FULFILLED,2026-08-11T16:32:20.880590
O002176,P0047,W02,29,PLACED,2026-08-12T10:41:20.880590
O002177,P0020,W03,14,FULFILLED,2026-09-03T13:41:20.880590
O002178,P0024,W07,5,FULFILLED,2026-09-03T08:21:20.880590
O002179,P0037,W06,29,PLACED,2026-09-04T11:49:20.880590
O002180,P0064,W06,30,FULFILLED,2026-08-19T09:31:20.880590
O002181,P0001,W03,25,PROCESSING,2026-08-10T12:49:20.880590
O002182,P0019,W07,15,CANCELLED,2026-08-21T15:13:20.880590
O002183,P0015,W07,24,FULFILLED,2026-08-10T02:56:20.880590
O002184,P0012,W06,5,PROCESSING,2026-08-13T15:25:20.880590
O002185,P0046,W06,16,CANCELLED,2026-08-24T13:57:20.880590
O002186,P0089,W07,20,FULFILLED,2026-08-28T23:06:20.880590
O002187,P0084,W04,13,CANCELLED,2026-08-13T08:23:20.880590
O002188,P0064,W08,18,PROCESSING,2026-09-01T01:26:20.880590
O002189,P0011,W07,17,PROCESSING,2026-08-24T13:31:20.880590
O002190,P0031,W06,1,PROCESSING,2026-08-11T00:43:20.880590
O002191,P0047,W08,5,PLACED,2026-08-07T20:09:20.880590
O002192,P0045,W06,28,PROCESSING,2026-08-09T18:29:20.880590
O002193,P0059,W03,27,CANCELLED,2026-08-20T11:18:20.880590
O002194,P0027,W04,2,PROCESSING,2026-08-18T02:17:20.880590
O002195,P0090,W03,13,PLACED,2026-08-12T09:28:20.880590
O002196,P0048,W01,23,PLACED,2026-08-26T09:18:20.880590
O002197,P0010,W08,27,PROCESSING,2026-09-02T12:41:20.880590
O002198,P0019,W06,5,PLACED,2026-08-08T10:23:20.880590
O002199,P0010,W01,19,CANCELLED,2026-08-18T05:04:20.880590
O002200,P0098,W03,16,PROCESSING,2026-08-13T20:56:20.880590
O002201,P0090,W05,16,CANCELLED,2026-08-31T01:31:20.880590
O002202,P0057,W01,10,PLACED,2026-08-22T09:52:20.880590
O002203,P0008,W01,20,PROCESSING,2026-08-14T03:41:20.880590
O002204,P0021,W01,13,CANCELLED,2026-08-29T23:08:20.880590
O002205,P0071,W05,30,FULFILLED,2026-08-27T17:37:20.880590
O002206,P0055,W03,9,PLACED,2026-08-17T09:42:20.880590
O002207,P0049,W03,24,PROCESSING,2026-08-30T19:02:20.880590
O002208,P0080,W01,8,CANCELLED,2026-08-25T06:45:20.880590
O002209,P0096,W02,27,CANCELLED,2026-08-15T10:03:20.880590
O002210,P0041,W07,27,CANCELLED,2026-08-28T18:52:20.880590
O002211,P0007,W06,21,CANCELLED,2026-08-14T13:26:20.880590
O002212,P0035,W02,4,PLACED,2026-08-15T22:06:20.880590
O002213,P0078,W06,1,PROCESSING,2026-08-23T13:35:20.880590
O002214,P0021,W02,3,PROCESSING,2026-08-19T21:39:20.880590
O002215,P0002,W05,7,PROCESSING,2026-09-03T05:37:20.880590
O002216,P0005,W04,9,PLACED,2026-09-05T02:42:20.880590
O002217,P0073,W01,19,CANCELLED,2026-09-02T00:08:20.880590
O002218,P0007,W06,3,FULFILLED,2026-08-09T03:18:20.880590
O002219,P0046,W05,13,PROCESSING,2026-08-07T10:40:20.880590
O002220,P0097,W07,24,FULFILLED,2026-08-21T08:54:20.880590
O002221,P0090,W02,11,CANCELLED,2026-08-12T22:53:20.880590
O002222,P0013,W03,1,CANCELLED,2026-08-29T23:27:20.880590
O002223,P0076,W01,10,PROCESSING,2026-08-28T18:22:20.880590
O002224,P0088,W08,3,PLACED,2026-08-13T22:56:20.880590
O002225,P0028,W03,25,PROCESSING,2026-08-17T14:21:20.880590
O002226,P0067,W06,15,PROCESSING,2026-08-29T21:19:20.880590
O002227,P0038,W06,20,CANCELLED,2026-08-22T11:43:20.880590
O002228,P0092,W07,8,PROCESSING,2026-08-08T21:07:20.880590
O002229,P0078,W02,5,CANCELLED,2026-09-03T20:07:20.880590
O002230,P0002,W03,25,FULFILLED,2026-08-11T11:48:20.880590
O002231,P0012,W08,4,CANCELLED,2026-08-31T23:02:20.880590
O002232,P0022,W05,6,PLACED,2026-08-21T08:04:20.880590
O002233,P0074,W06,12,PLACED,2026-08-19T19:22:20.880590
O002234,P0023,W08,9,CANCELLED,2026-08-10T07:06:20.880590
O002235,P0098,W08,21,PROCESSING,2026-08-18T17:03:20.880590
O002236,P0073,W08,2,FULFILLED,2026-08-12T16:49:20.880590
O002237,P0052,W07,28,PROCESSING,2026-08-20T02:29:20.880590
O002238,P0047,W06,12,PLACED,2026-08-27T02:55:20.880590
O002239,P0065,W08,9,PLACED,2026-08-25T20:44:20.880590
O002240,P0083,W01,24,PROCESSING,2026-09-04T07:17:20.880590
O002241,P0002,W03,28,PLACED,2026-09-01T13:57:20.880590
O002242,P0049,W03,19,CANCELLED,2026-08-20T06:53:20.880590
O002243,P0029,W07,28,CANCELLED,2026-08-10T09:07:20.880590
O002244,P0045,W08,15,CANCELLED,2026-08-11T07:32:20.880590
O002245,P0011,W03,24,PLACED,2026-08-12T00:36:20.880590
O002246,P0099,W07,7,CANCELLED,2026-08-25T02:59:20.880590
O002247,P0009,W06,11,CANCELLED,2026-08-22T00:28:20.880590
O002248,P0090,W08,4,FULFILLED,2026-08-16T17:40:20.880590
O002249,P0005,W03,16,PROCESSING,2026-08-27T17:56:20.880590
O002250,P0028,W06,19,PLACED,2026-09-05T04:42:20.880590
O002251,P0100,W07,2,FULFILLED,2026-09-03T09:57:20.880590
O002252,P0061,W04,2,PROCESSING,2026-08-26T15:12:20.880590
O002253,P0098,W07,9,FULFILLED,2026-08-08T02:28:20.880590
O002254,P0023,W02,5,PLACED,2026-09-04T23:45:20.880590
O002255,P0052,W02,10,CANCELLED,2026-08-19T12:35:20.880590
O002256,P0068,W04,22,FULFILLED,2026-08-26T03:51:20.880590
O002257,P0007,W02,29,CANCELLED,2026-08-15T10:28:20.880590
O002258,P0097,W05,6,PROCESSING,2026-08-22T14:59:20.880590
O002259,P0054,W08,16,PROCESSING,2026-08-22T22:55:20.880590
O002260,P0046,W07,27,PLACED,2026-08-26T22:30:20.880590
O002261,P0077,W04,3,PROCESSING,2026-09-01T14:04:20.880590
O002262,P0086,W06,1,PROCESSING,2026-08-21T19:01:20.880590
O002263,P0019,W08,28,FULFILLED,2026-08-27T22:23:20.880590
O002264,P0087,W07,9,PLACED,2026-08-12T05:30:20.880590
O002265,P0017,W08,21,PLACED,2026-08-27T13:32:20.880590
O002266,P0028,W04,14,PROCESSING,2026-08-08T17:16:20.880590
O002267,P0049,W04,12,PROCESSING,2026-09-03T09:48:20.880590
O002268,P0087,W01,12,FULFILLED,2026-08-15T18:12:20.880590
O002269,P0039,W05,17,PLACED,2026-08-07T19:06:20.880590
O002270,P0084,W08,14,CANCELLED,2026-08-29T18:36:20.880590
O002271,P0046,W07,17,FULFILLED,2026-08-23T01:35:20.880590
O002272,P0023,W08,14,FULFILLED,2026-08-12T05:15:20.880590
O002273,P0071,W03,18,CANCELLED,2026-08-15T02:38:20.880590
O002274,P0037,W07,21,FULFILLED,2026-08-24T10:11:20.880590
O002275,P0013,W02,26,PLACED,2026-09-04T07:01:20.880590
O002276,P0084,W01,20,CANCELLED,2026-08-11T03:19:20.880590
O002277,P0064,W02,21,CANCELLED,2026-08-11T18:39:20.880590
O002278,P0075,W01,22,FULFILLED,2026-08-29T23:13:20.880590
O002279,P0028,W04,25,CANCELLED,2026-08-26T04:52:20.880590
O002280,P0049,W02,7,CANCELLED,2026-09-01T03:53:20.880590
O002281,P0045,W08,14,CANCELLED,2026-08-12T17:20:20.880590
O002282,P0048,W04,17,FULFILLED,2026-08-07T09:43:20.880590
O002283,P0085,W05,10,CANCELLED,2026-08-19T05:43:20.880590
O002284,P0001,W07,2,PLACED,2026-08-18T01:15:20.880590
O002285,P0020,W06,27,FULFILLED,2026-08-08T06:05:20.880590
O002286,P0022,W07,8,CANCELLED,2026-08-22T07:25:20.880590
O002287,P0079,W07,27,PLACED,2026-08-15T19:51:20.880590
O002288,P0055,W03,21,CANCELLED,2026-09-02T08:35:20.880590
O002289,P0052,W06,17,PROCESSING,2026-08-14T23:09:20.880590
O002290,P0030,W02,23,PROCESSING,2026-08-26T23:10:20.880590
O002291,P0016,W07,27,FULFILLED,2026-08-30T00:11:20.880590
O002292,P0021,W06,7,PLACED,2026-09-01T05:20:20.880590
O002293,P0004,W07,1,PROCESSING,2026-08-11T07:17:20.880590
O002294,P0080,W02,19,CANCELLED,2026-08-08T07:48:20.880590
O002295,P0096,W03,15,FULFILLED,2026-08-08T05:02:20.880590
O002296,P0031,W04,10,PROCESSING,2026-08-15T13:11:20.880590
O002297,P0032,W07,25,FULFILLED,2026-08-31T10:14:20.880590
O002298,P0036,W02,30,PROCESSING,2026-08-09T09:56:20.880590
O002299,P0003,W02,4,CANCELLED,2026-09-04T14:44:20.880590
O002300,P0016,W02,5,FULFILLED,2026-09-03T04:17:20.880590
O002301,P0024,W02,3,CANCELLED,2026-08-18T23:35:20.880590
O002302,P0027,W07,4,CANCELLED,2026-08-23T12:09:20.880590
O002303,P0053,W02,16,PLACED,2026-08-08T01:23:20.880590
O002304,P0088,W07,13,FULFILLED,2026-08-16T15:06:20.880590
O002305,P0058,W03,6,FULFILLED,2026-09-04T21:25:20.880590
O002306,P0023,W01,4,FULFILLED,2026-08-07T12:29:20.880590
O002307,P0062,W01,6,FULFILLED,2026-08-22T20:11:20.880590
O002308,P0025,W01,18,PLACED,2026-08-12T14:13:20.880590
O002309,P0066,W03,7,FULFILLED,2026-08-30T15:12:20.880590
O002310,P0028,W01,11,PROCESSING,2026-08-12T06:47:20.880590
O002311,P0011,W03,9,FULFILLED,2026-08-17T01:27:20.880590
O002312,P0026,W02,12,FULFILLED,2026-08-28T23:25:20.880590
O002313,P0096,W08,14,CANCELLED,2026-08-28T07:33:20.880590
O002314,P0033,W03,7,FULFILLED,2026-08-15T20:17:20.880590
O002315,P0014,W05,6,PROCESSING,2026-08-24T22:29:20.880590
O002316,P0056,W08,14,FULFILLED,2026-08-29T06:15:20.880590
O002317,P0080,W02,20,CANCELLED,2026-08-21T13:34:20.880590
O002318,P0026,W06,12,PLACED,2026-08-26T14:20:20.880590
O002319,P0022,W01,17,FULFILLED,2026-08-27T12:17:20.880590
O002320,P0053,W05,20,FULFILLED,2026-09-02T18:26:20.880590
O002321,P0004,W02,6,FULFILLED,2026-08-25T04:28:20.880590
O002322,P0024,W06,8,PLACED,2026-08-26T14:25:20.880590
O002323,P0085,W06,12,PROCESSING,2026-08-16T20:27:20.880590
O002324,P0016,W01,11,PLACED,2026-08-21T08:52:20.880590
O002325,P0028,W08,19,FULFILLED,2026-08-22T00:37:20.880590
O002326,P0072,W02,13,FULFILLED,2026-08-17T15:31:20.880590
O002327,P0028,W04,4,FULFILLED,2026-09-03T10:44:20.880590
O002328,P0086,W02,19,CANCELLED,2026-09-03T17:24:20.880590
O002329,P0041,W06,7,PROCESSING,2026-08-26T20:46:20.880590
O002330,P0064,W08,2,FULFILLED,2026-08-09T07:39:20.880590
O002331,P0016,W02,15,PROCESSING,2026-08-26T05:31:20.880590
O002332,P0042,W07,8,PLACED,2026-09-03T10:20:20.880590
O002333,P0003,W01,30,CANCELLED,2026-08-20T00:45:20.880590
O002334,P0017,W07,2,PLACED,2026-08-20T00:01:20.880590
O002335,P0083,W01,3,CANCELLED,2026-08-22T09:56:20.880590
O002336,P0054,W05,9,FULFILLED,2026-08-11T09:18:20.880590
O002337,P0052,W02,18,FULFILLED,2026-08-22T19:08:20.880590
O002338,P0079,W01,13,FULFILLED,2026-08-29T12:47:20.880590
O002339,P0064,W02,27,FULFILLED,2026-08-27T17:56:20.880590
O002340,P0014,W01,8,PLACED,2026-09-04T04:24:20.880590
O002341,P0018,W02,11,CANCELLED,2026-08-07T12:46:20.880590
O002342,P0022,W02,7,FULFILLED,2026-08-17T08:38:20.880590
O002343,P0001,W01,9,PLACED,2026-08-31T12:34:20.880590
O002344,P0007,W05,3,FULFILLED,2026-08-12T02:26:20.880590
O002345,P0089,W07,9,PROCESSING,2026-08-22T01:07:20.880590
O002346,P0075,W08,4,PROCESSING,2026-08-13T07:53:20.880590
O002347,P0019,W07,21,CANCELLED,2026-08-21T14:12:20.880590
O002348,P0067,W04,19,CANCELLED,2026-08-12T15:04:20.880590
O002349,P0036,W06,25,CANCELLED,2026-08-29T08:44:20.880590
O002350,P0012,W05,25,FULFILLED,2026-08-17T08:05:20.880590
O002351,P0046,W04,22,PROCESSING,2026-08-10T19:51:20.880590
O002352,P0010,W08,2,PROCESSING,2026-08-10T14:37:20.880590
O002353,P0086,W04,15,CANCELLED,2026-08-07T15:45:20.880590
O002354,P0063,W02,11,PROCESSING,2026-08-15T14:40:20.880590
O002355,P0098,W06,25,FULFILLED,2026-09-02T22:25:20.880590
O002356,P0084,W03,28,PLACED,2026-08-27T17:19:20.880590
O002357,P0029,W06,13,CANCELLED,2026-08-12T23:28:20.880590
O002358,P0066,W04,25,CANCELLED,2026-09-04T07:08:20.880590
O002359,P0009,W05,14,PROCESSING,2026-08-15T14:42:20.880590
O002360,P0074,W02,5,CANCELLED,2026-08-21T00:54:20.880590
O002361,P0096,W02,8,PLACED,2026-08-11T22:28:20.880590
O002362,P0024,W05,1,CANCELLED,2026-08-28T00:47:20.880590
O002363,P0058,W06,9,PLACED,2026-08-31T05:17:20.880590
O002364,P0011,W06,14,PROCESSING,2026-09-01T02:29:20.880590
O002365,P0051,W07,17,FULFILLED,2026-08-13T21:56:20.880590
O002366,P0057,W05,12,PLACED,2026-08-09T11:28:20.880590
O002367,P0084,W07,24,CANCELLED,2026-08-09T07:05:20.880590
O002368,P0038,W04,13,PROCESSING,2026-08-15T21:14:20.880590
O002369,P0036,W08,17,CANCELLED,2026-09-03T02:16:20.880590
O002370,P0088,W01,21,PROCESSING,2026-08-12T00:40:20.880590
O002371,P0029,W02,2,PLACED,2026-08-12T02:44:20.880590
O002372,P0035,W04,3,PLACED,2026-09-02T05:43:20.880590
O002373,P0029,W07,13,CANCELLED,2026-08-19T14:17:20.880590
O002374,P0029,W05,16,PROCESSING,2026-08-11T16:04:20.880590
O002375,P0027,W06,21,FULFILLED,2026-08-14T20:13:20.880590
O002376,P0037,W01,4,PROCESSING,2026-09-03T04:44:20.880590
O002377,P0090,W08,24,FULFILLED,2026-08-29T23:05:20.880590
O002378,P0022,W06,22,PLACED,2026-08-17T22:03:20.880590
O002379,P0024,W06,29,CANCELLED,2026-08-14T15:26:20.880590
O002380,P0002,W08,14,FULFILLED,2026-08-13T12:20:20.880590
O002381,P0023,W05,29,PLACED,2026-08-08T00:09:20.880590
O002382,P0087,W01,20,FULFILLED,2026-08-14T19:53:20.880590
O002383,P0075,W01,16,PROCESSING,2026-08-28T14:57:20.880590
O002384,P0015,W01,27,PLACED,2026-08-28T13:35:20.880590
O002385,P0088,W05,27,PROCESSING,2026-09-01T21:01:20.880590
O002386,P0065,W03,25,PROCESSING,2026-08-30T23:09:20.880590
O002387,P0013,W05,26,FULFILLED,2026-08-11T07:59:20.880590
O002388,P0063,W06,18,FULFILLED,2026-08-27T15:47:20.880590
O002389,P0033,W06,15,PLACED,2026-08-29T04:47:20.880590
O002390,P0039,W06,29,CANCELLED,2026-08-23T02:34:20.880590
O002391,P0035,W01,5,CANCELLED,2026-08-12T04:34:20.880590
O002392,P0085,W03,12,CANCELLED,2026-08-17T01:59:20.880590
O002393,P0032,W07,12,PROCESSING,2026-08-08T11:10:20.880590
O002394,P0025,W07,21,PLACED,2026-08-11T02:55:20.880590
O002395,P0081,W08,29,PROCESSING,2026-08-19T12:36:20.880590
O002396,P0087,W06,29,FULFILLED,2026-08-19T03:12:20.880590
O002397,P0076,W07,9,FULFILLED,2026-08-24T20:31:20.880590
O002398,P0006,W06,27,PLACED,2026-08-15T17:34:20.880590
O002399,P0059,W06,10,PLACED,2026-08-26T18:52:20.880590
O002400,P0064,W03,15,PROCESSING,2026-08-07T10:31:20.880590
O002401,P0038,W03,10,CANCELLED,2026-08-30T20:52:20.880590
O002402,P0009,W05,1,CANCELLED,2026-08-20T04:16:20.880590
O002403,P0028,W05,27,PLACED,2026-08-08T22:08:20.880590
O002404,P0063,W05,1,CANCELLED,2026-08-09T11:31:20.880590
O002405,P0085,W01,2,FULFILLED,2026-08-23T02:10:20.880590
O002406,P0045,W05,26,PROCESSING,2026-08-13T07:50:20.880590
O002407,P0092,W05,5,PROCESSING,2026-08-10T23:21:20.880590
O002408,P0075,W02,10,PROCESSING,2026-08-26T17:19:20.880590
O002409,P0061,W06,8,CANCELLED,2026-08-08T12:31:20.880590
O002410,P0052,W02,29,FULFILLED,2026-08-26T06:58:20.880590
O002411,P0077,W05,6,CANCELLED,2026-08-20T19:18:20.880590
O002412,P0075,W03,22,PROCESSING,2026-08-21T17:39:20.880590
O002413,P0018,W07,18,PROCESSING,2026-08-18T10:30:20.880590
O002414,P0040,W02,10,CANCELLED,2026-08-20T18:15:20.880590
O002415,P0024,W07,26,CANCELLED,2026-08-31T21:36:20.880590
O002416,P0018,W08,23,FULFILLED,2026-08-11T10:19:20.880590
O002417,P0088,W06,15,FULFILLED,2026-08-29T23:43:20.880590
O002418,P0060,W07,14,CANCELLED,2026-08-26T12:32:20.880590
O002419,P0072,W01,25,CANCELLED,2026-08-08T07:38:20.880590
O002420,P0097,W03,20,FULFILLED,2026-08-11T02:00:20.880590
O002421,P0075,W06,5,FULFILLED,2026-08-18T02:27:20.880590
O002422,P0097,W07,5,CANCELLED,2026-08-09T11:53:20.880590
O002423,P0060,W08,27,PLACED,2026-08-07T07:55:20.880590
O002424,P0008,W05,27,PLACED,2026-08-10T21:53:20.880590
O002425,P0077,W02,27,FULFILLED,2026-08-22T05:40:20.880590
O002426,P0062,W06,28,PLACED,2026-09-01T19:01:20.880590
O002427,P0095,W01,23,PROCESSING,2026-08-12T14:03:20.880590
O002428,P0019,W08,5,PROCESSING,2026-08-30T13:18:20.880590
O002429,P0020,W05,21,FULFILLED,2026-09-05T04:06:20.880590
O002430,P0063,W04,4,PLACED,2026-08-07T08:27:20.880590
O002431,P0020,W02,17,PLACED,2026-08-07T01:27:20.880590
O002432,P0027,W02,16,PLACED,2026-08-18T07:25:20.880590
O002433,P0057,W07,2,PLACED,2026-08-30T01:53:20.880590
O002434,P0052,W08,6,PROCESSING,2026-08-20T17:00:20.880590
O002435,P0034,W08,28,PLACED,2026-08-31T22:34:20.880590
O002436,P0019,W01,6,PROCESSING,2026-08-26T17:39:20.880590
O002437,P0031,W03,17,PROCESSING,2026-09-05T23:32:20.880590
O002438,P0062,W05,10,PLACED,2026-08-28T17:30:20.880590
O002439,P0064,W06,22,FULFILLED,2026-09-02T20:30:20.880590
O002440,P0050,W02,15,CANCELLED,2026-08-24T20:41:20.880590
O002441,P0019,W01,10,CANCELLED,2026-08-26T09:26:20.880590
O002442,P0073,W07,1,FULFILLED,2026-08-12T12:37:20.880590
O002443,P0083,W08,2,FULFILLED,2026-08-08T14:38:20.880590
O002444,P0060,W08,9,PLACED,2026-08-13T09:34:20.880590
O002445,P0046,W04,12,CANCELLED,2026-08-14T06:20:20.880590
O002446,P0009,W03,21,PROCESSING,2026-08-30T09:47:20.880590
O002447,P0084,W06,15,PROCESSING,2026-08-23T01:44:20.880590
O002448,P0098,W05,30,CANCELLED,2026-08-19T17:26:20.880590
O002449,P0083,W08,13,CANCELLED,2026-08-10T03:55:20.880590
O002450,P0085,W03,19,FULFILLED,2026-09-03T15:09:20.880590
O002451,P0090,W06,19,FULFILLED,2026-08-12T22:46:20.880590
O002452,P0080,W07,3,PLACED,2026-09-02T15:50:20.880590
O002453,P0094,W03,8,PLACED,2026-08-08T09:39:20.880590
O002454,P0064,W08,11,PROCESSING,2026-08-11T21:26:20.880590
O002455,P0014,W03,24,CANCELLED,2026-08-17T19:51:20.880590
O002456,P0009,W01,20,FULFILLED,2026-08-26T04:13:20.880590
O002457,P0005,W02,15,FULFILLED,2026-08-12T06:27:20.880590
O002458,P0081,W01,30,PROCESSING,2026-09-03T15:54:20.880590
O002459,P0014,W08,13,PROCESSING,2026-08-21T16:12:20.880590
O002460,P0074,W04,7,FULFILLED,2026-09-05T01:37:20.880590
O002461,P0057,W05,8,PROCESSING,2026-08-29T09:49:20.880590
O002462,P0056,W04,3,PLACED,2026-08-14T10:27:20.880590
O002463,P0086,W02,7,PLACED,2026-09-04T16:34:20.880590
O002464,P0001,W06,25,CANCELLED,2026-08-13T10:56:20.880590
O002465,P0070,W02,11,PROCESSING,2026-09-01T22:08:20.880590
O002466,P0068,W08,7,PROCESSING,2026-09-05T06:54:20.880590
O002467,P0061,W06,12,PROCESSING,2026-09-02T00:24:20.880590
O002468,P0057,W07,21,CANCELLED,2026-08-10T02:46:20.880590
O002469,P0073,W02,5,FULFILLED,2026-08-10T06:49:20.880590
O002470,P0016,W08,8,PLACED,2026-08-11T15:38:20.880590
O002471,P0070,W06,1,PROCESSING,2026-09-03T10:24:20.880590
O002472,P0033,W07,23,FULFILLED,2026-08-20T06:03:20.880590
O002473,P0021,W05,3,PROCESSING,2026-08-10T03:38:20.880590
O002474,P0079,W05,13,PLACED,2026-08-30T14:56:20.880590
O002475,P0090,W02,19,CANCELLED,2026-08-31T21:43:20.880590
O002476,P0084,W01,2,FULFILLED,2026-08-19T00:44:20.880590
O002477,P0034,W04,11,PLACED,2026-08-26T05:42:20.880590
O002478,P0027,W06,30,PLACED,2026-08-13T09:33:20.880590
O002479,P0064,W02,26,PLACED,2026-08-17T18:46:20.880590
O002480,P0010,W07,20,PLACED,2026-08-22T19:10:20.880590
O002481,P0062,W03,9,PLACED,2026-09-01T03:43:20.880590
O002482,P0005,W08,17,PROCESSING,2026-08-11T19:04:20.880590
O002483,P0045,W07,16,FULFILLED,2026-09-05T15:45:20.880590
O002484,P0003,W01,1,PROCESSING,2026-08-17T10:11:20.880590
O002485,P0078,W07,22,PLACED,2026-08-31T08:53:20.880590
O002486,P0062,W01,13,CANCELLED,2026-09-01T04:53:20.880590
O002487,P0056,W07,18,PROCESSING,2026-08-12T18:12:20.880590
O002488,P0057,W02,29,FULFILLED,2026-08-12T07:39:20.880590
O002489,P0025,W06,14,PLACED,2026-08-23T01:39:20.880590
O002490,P0030,W02,19,PLACED,2026-08-17T21:33:20.880590
O002491,P0053,W01,26,PLACED,2026-08-17T09:29:20.880590
O002492,P0008,W02,2,PROCESSING,2026-08-18T10:23:20.880590
O002493,P0024,W05,2,FULFILLED,2026-08-27T00:26:20.880590
O002494,P0078,W04,10,PROCESSING,2026-08-22T23:20:20.880590
O002495,P0051,W08,22,PLACED,2026-09-03T15:27:20.880590
O002496,P0010,W02,9,PROCESSING,2026-09-05T22:35:20.880590
O002497,P0091,W06,29,PROCESSING,2026-08-29T14:00:20.880590
O002498,P0092,W05,12,FULFILLED,2026-08-27T05:52:20.880590
O002499,P0032,W05,11,PLACED,2026-09-05T19:22:20.880590
O002500,P0045,W07,23,CANCELLED,2026-08-09T12:23:20.880590
O002501,P0011,W04,30,PROCESSING,2026-08-19T19:00:20.880590
O002502,P0030,W05,24,PROCESSING,2026-08-30T18:28:20.880590
O002503,P0048,W03,2,PROCESSING,2026-08-12T15:29:20.880590
O002504,P0084,W08,4,PLACED,2026-08-27T02:19:20.880590
O002505,P0005,W05,9,CANCELLED,2026-08-29T18:21:20.880590
O002506,P0011,W01,9,CANCELLED,2026-08-20T17:32:20.880590
O002507,P0003,W07,13,CANCELLED,2026-08-29T14:28:20.880590
O002508,P0029,W04,13,PROCESSING,2026-08-09T01:55:20.880590
O002509,P0069,W01,22,FULFILLED,2026-08-26T16:16:20.880590
O002510,P0070,W06,30,PLACED,2026-08-08T11:36:20.880590
O002511,P0097,W06,30,FULFILLED,2026-09-03T18:19:20.880590
O002512,P0028,W01,11,CANCELLED,2026-09-02T22:54:20.880590
O002513,P0094,W01,26,PLACED,2026-08-26T12:24:20.880590
O002514,P0050,W05,28,CANCELLED,2026-09-01T05:45:20.880590
O002515,P0074,W05,6,CANCELLED,2026-08-26T08:21:20.880590
O002516,P0096,W04,5,PLACED,2026-08-28T07:52:20.880590
O002517,P0088,W05,3,PROCESSING,2026-08-19T20:00:20.880590
O002518,P0038,W06,19,CANCELLED,2026-08-31T18:18:20.880590
O002519,P0079,W05,12,FULFILLED,2026-08-08T19:35:20.880590
O002520,P0084,W01,4,FULFILLED,2026-08-18T11:02:20.880590
O002521,P0085,W06,27,FULFILLED,2026-09-01T22:18:20.880590
O002522,P0057,W08,1,CANCELLED,2026-08-15T04:41:20.880590
O002523,P0060,W01,12,CANCELLED,2026-08-07T11:06:20.880590
O002524,P0072,W04,14,PLACED,2026-09-05T02:00:20.880590
O002525,P0011,W05,29,FULFILLED,2026-09-02T10:27:20.880590
O002526,P0057,W03,9,FULFILLED,2026-08-09T23:22:20.880590
O002527,P0064,W03,8,PROCESSING,2026-08-18T20:54:20.880590
O002528,P0080,W01,8,PLACED,2026-08-13T17:52:20.880590
O002529,P0005,W03,22,CANCELLED,2026-09-05T20:24:20.880590
O002530,P0041,W01,18,PROCESSING,2026-09-02T10:48:20.880590
O002531,P0092,W05,9,PLACED,2026-08-09T19:50:20.880590
O002532,P0070,W01,20,PROCESSING,2026-08-23T03:21:20.880590
O002533,P0014,W02,17,CANCELLED,2026-08-22T23:24:20.880590
O002534,P0066,W02,8,PROCESSING,2026-08-12T05:02:20.880590
O002535,P0074,W06,27,CANCELLED,2026-08-21T21:15:20.880590
O002536,P0083,W07,29,FULFILLED,2026-08-10T07:23:20.880590
O002537,P0004,W06,20,FULFILLED,2026-08-13T13:41:20.880590
O002538,P0053,W06,16,FULFILLED,2026-08-22T07:18:20.880590
O002539,P0004,W03,12,PLACED,2026-09-04T08:42:20.880590
O002540,P0020,W01,4,PROCESSING,2026-08-20T07:07:20.880590
O002541,P0066,W06,7,CANCELLED,2026-08-21T07:24:20.880590
O002542,P0005,W03,13,PLACED,2026-09-02T13:51:20.880590
O002543,P0029,W07,18,PLACED,2026-08-10T13:51:20.880590
O002544,P0007,W08,22,CANCELLED,2026-08-31T01:52:20.880590
O002545,P0035,W04,27,FULFILLED,2026-08-21T11:35:20.880590
O002546,P0043,W04,26,FULFILLED,2026-08-18T03:57:20.880590
O002547,P0059,W06,24,PLACED,2026-08-17T13:36:20.880590
O002548,P0057,W07,12,PLACED,2026-08-18T00:42:20.880590
O002549,P0072,W02,30,FULFILLED,2026-08-23T01:52:20.880590
O002550,P0062,W04,15,CANCELLED,2026-09-05T19:01:20.880590
O002551,P0073,W03,30,PROCESSING,2026-08-17T12:22:20.880590
O002552,P0087,W03,20,FULFILLED,2026-08-25T14:38:20.880590
O002553,P0044,W06,4,PLACED,2026-08-20T02:46:20.880590
O002554,P0054,W03,19,CANCELLED,2026-08-25T15:36:20.880590
O002555,P0099,W04,29,PROCESSING,2026-09-04T20:25:20.880590
O002556,P0002,W03,4,CANCELLED,2026-08-27T17:22:20.880590
O002557,P0098,W08,24,PLACED,2026-08-19T01:05:20.880590
O002558,P0005,W07,1,PROCESSING,2026-08-12T19:28:20.880590
O002559,P0017,W07,29,CANCELLED,2026-08-10T09:10:20.880590
O002560,P0017,W07,23,PROCESSING,2026-08-23T04:28:20.880590
O002561,P0016,W06,29,FULFILLED,2026-08-20T09:52:20.880590
O002562,P0078,W02,24,PLACED,2026-09-02T23:28:20.880590
O002563,P0095,W06,15,CANCELLED,2026-08-10T09:58:20.880590
O002564,P0058,W07,10,CANCELLED,2026-09-04T18:27:20.880590
O002565,P0094,W03,24,PLACED,2026-08-13T04:26:20.880590
O002566,P0001,W06,22,CANCELLED,2026-08-13T23:43:20.880590
O002567,P0042,W08,6,FULFILLED,2026-08-24T07:47:20.880590
O002568,P0030,W05,16,FULFILLED,2026-08-11T11:15:20.880590
O002569,P0073,W07,10,FULFILLED,2026-08-09T06:09:20.880590
O002570,P0041,W03,5,PLACED,2026-08-24T12:55:20.880590
O002571,P0056,W05,19,FULFILLED,2026-08-16T15:32:20.880590
O002572,P0045,W05,6,PLACED,2026-08-11T14:03:20.880590
O002573,P0036,W08,15,PROCESSING,2026-08-20T03:49:20.880590
O002574,P0037,W05,20,PLACED,2026-08-14T18:21:20.880590
O002575,P0086,W05,5,PLACED,2026-08-17T14:28:20.880590
O002576,P0071,W03,1,PLACED,2026-08-16T11:20:20.880590
O002577,P0069,W04,1,CANCELLED,2026-08-31T15:03:20.880590
O002578,P0048,W04,10,CANCELLED,2026-08-08T05:34:20.880590
O002579,P0067,W03,27,CANCELLED,2026-08-27T07:17:20.880590
O002580,P0015,W02,15,CANCELLED,2026-08-20T11:34:20.880590
O002581,P0034,W02,28,PROCESSING,2026-08-29T12:10:20.880590
O002582,P0094,W02,12,PLACED,2026-08-19T17:33:20.880590
O002583,P0094,W02,11,PROCESSING,2026-08-17T04:22:20.880590
O002584,P0043,W05,15,PLACED,2026-08-30T03:15:20.880590
O002585,P0005,W07,4,FULFILLED,2026-08-21T09:16:20.880590
O002586,P0072,W01,21,PLACED,2026-08-15T17:22:20.880590
O002587,P0018,W07,28,PROCESSING,2026-08-18T06:01:20.880590
O002588,P0034,W08,5,CANCELLED,2026-08-15T23:08:20.880590
O002589,P0094,W08,10,PROCESSING,2026-08-15T13:47:20.880590
O002590,P0082,W02,17,PROCESSING,2026-08-16T02:18:20.880590
O002591,P0056,W02,16,PROCESSING,2026-08-07T04:54:20.880590
O002592,P0005,W07,23,FULFILLED,2026-08-15T03:57:20.880590
O002593,P0049,W04,21,FULFILLED,2026-09-03T23:23:20.880590
O002594,P0068,W03,29,FULFILLED,2026-08-29T02:19:20.880590
O002595,P0038,W08,16,CANCELLED,2026-08-17T14:42:20.880590
O002596,P0046,W08,10,PLACED,2026-09-03T06:25:20.880590
O002597,P0015,W05,14,CANCELLED,2026-08-17T00:32:20.880590
O002598,P0032,W07,4,PROCESSING,2026-08-21T20:50:20.880590
O002599,P0041,W02,12,CANCELLED,2026-08-28T05:01:20.880590
O002600,P0100,W08,27,CANCELLED,2026-08-12T21:17:20.880590
O002601,P0053,W04,1,FULFILLED,2026-09-03T09:55:20.880590
O002602,P0065,W04,29,CANCELLED,2026-08-19T06:03:20.880590
O002603,P0072,W06,9,FULFILLED,2026-08-09T19:49:20.880590
O002604,P0051,W08,14,CANCELLED,2026-08-25T18:35:20.880590
O002605,P0007,W05,16,PROCESSING,2026-08-18T22:10:20.880590
O002606,P0082,W01,10,CANCELLED,2026-08-22T12:36:20.880590
O002607,P0029,W03,18,PROCESSING,2026-08-25T17:02:20.880590
O002608,P0015,W06,5,PLACED,2026-09-04T12:23:20.880590
O002609,P0049,W02,25,FULFILLED,2026-08-08T00:28:20.880590
O002610,P0099,W02,21,PLACED,2026-08-23T02:39:20.880590
O002611,P0027,W06,18,PROCESSING,2026-08-30T15:55:20.880590
O002612,P0069,W07,28,PROCESSING,2026-08-14T04:53:20.880590
O002613,P0021,W06,11,CANCELLED,2026-08-20T06:22:20.880590
O002614,P0071,W04,1,PLACED,2026-08-16T20:55:20.880590
O002615,P0097,W02,17,CANCELLED,2026-08-07T23:17:20.880590
O002616,P0006,W03,10,FULFILLED,2026-08-29T03:03:20.880590
O002617,P0030,W04,2,FULFILLED,2026-08-08T03:53:20.880590
O002618,P0049,W07,5,FULFILLED,2026-08-12T16:28:20.880590
O002619,P0010,W02,17,CANCELLED,2026-08-10T22:10:20.880590
O002620,P0002,W03,4,CANCELLED,2026-08-07T23:25:20.880590
O002621,P0078,W05,26,FULFILLED,2026-08-15T21:37:20.880590
O002622,P0066,W01,10,FULFILLED,2026-08-26T09:47:20.880590
O002623,P0026,W02,9,CANCELLED,2026-08-27T22:39:20.880590
O002624,P0038,W07,3,PROCESSING,2026-08-24T04:44:20.880590
O002625,P0072,W05,16,FULFILLED,2026-08-25T13:14:20.880590
O002626,P0065,W04,13,PLACED,2026-08-31T07:49:20.880590
O002627,P0094,W07,12,PLACED,2026-08-29T16:18:20.880590
O002628,P0029,W01,13,PROCESSING,2026-08-27T15:24:20.880590
O002629,P0048,W08,19,PLACED,2026-08-27T09:45:20.880590
O002630,P0040,W06,5,PLACED,2026-09-05T07:32:20.880590
O002631,P0072,W03,7,CANCELLED,2026-08-11T09:36:20.880590
O002632,P0032,W02,5,CANCELLED,2026-09-03T01:34:20.880590
O002633,P0061,W04,2,CANCELLED,2026-09-04T02:47:20.880590
O002634,P0053,W05,24,FULFILLED,2026-08-18T12:41:20.880590
O002635,P0005,W06,23,CANCELLED,2026-08-13T21:55:20.880590
O002636,P0035,W04,25,CANCELLED,2026-08-07T07:30:20.880590
O002637,P0064,W06,21,PROCESSING,2026-08-31T21:20:20.880590
O002638,P0060,W08,17,PLACED,2026-08-21T16:56:20.880590
O002639,P0055,W02,13,PROCESSING,2026-08-11T20:09:20.880590
O002640,P0021,W02,6,PROCESSING,2026-08-07T16:17:20.880590
O002641,P0015,W01,29,CANCELLED,2026-08-26T23:23:20.880590
O002642,P0022,W08,5,CANCELLED,2026-08-29T14:17:20.880590
O002643,P0002,W05,4,CANCELLED,2026-08-25T05:40:20.880590
O002644,P0093,W05,17,FULFILLED,2026-08-20T10:47:20.880590
O002645,P0048,W03,5,FULFILLED,2026-09-04T01:16:20.880590
O002646,P0088,W04,26,FULFILLED,2026-08-30T20:56:20.880590
O002647,P0078,W05,16,CANCELLED,2026-08-30T16:43:20.880590
O002648,P0043,W03,6,CANCELLED,2026-08-16T15:28:20.880590
O002649,P0041,W07,6,PROCESSING,2026-08-07T12:08:20.880590
O002650,P0009,W01,10,PROCESSING,2026-08-28T11:19:20.880590
O002651,P0089,W02,18,CANCELLED,2026-08-16T03:04:20.880590
O002652,P0013,W01,20,CANCELLED,2026-08-22T02:59:20.880590
O002653,P0021,W02,12,PROCESSING,2026-09-03T02:43:20.880590
O002654,P0081,W01,30,PROCESSING,2026-08-22T18:12:20.880590
O002655,P0037,W07,19,FULFILLED,2026-08-19T13:19:20.880590
O002656,P0080,W07,30,FULFILLED,2026-08-23T18:34:20.880590
O002657,P0070,W04,3,PROCESSING,2026-09-01T14:18:20.880590
O002658,P0094,W04,9,PROCESSING,2026-08-11T17:53:20.880590
O002659,P0073,W02,5,CANCELLED,2026-08-19T00:36:20.880590
O002660,P0074,W05,26,CANCELLED,2026-08-22T02:02:20.880590
O002661,P0022,W01,26,PROCESSING,2026-08-16T14:02:20.880590
O002662,P0012,W03,5,PROCESSING,2026-08-16T21:49:20.880590
O002663,P0001,W06,3,PLACED,2026-08-28T16:45:20.880590
O002664,P0066,W08,14,CANCELLED,2026-08-13T07:01:20.880590
O002665,P0039,W02,8,CANCELLED,2026-08-21T22:41:20.880590
O002666,P0100,W07,23,CANCELLED,2026-08-24T05:32:20.880590
O002667,P0040,W06,17,PLACED,2026-08-23T05:09:20.880590
O002668,P0028,W03,21,FULFILLED,2026-09-03T14:39:20.880590
O002669,P0056,W08,16,FULFILLED,2026-08-13T13:29:20.880590
O002670,P0072,W07,21,FULFILLED,2026-08-12T12:45:20.880590
O002671,P0004,W06,28,CANCELLED,2026-08-15T03:51:20.880590
O002672,P0094,W07,7,PROCESSING,2026-08-22T19:19:20.880590
O002673,P0048,W03,30,PLACED,2026-08-24T11:09:20.880590
O002674,P0057,W06,17,PROCESSING,2026-08-15T23:19:20.880590
O002675,P0076,W05,11,PLACED,2026-08-07T07:32:20.880590
O002676,P0033,W01,20,FULFILLED,2026-08-23T20:19:20.880590
O002677,P0083,W05,21,CANCELLED,2026-08-08T14:02:20.880590
O002678,P0006,W05,9,PLACED,2026-08-25T04:27:20.880590
O002679,P0004,W08,20,CANCELLED,2026-09-02T02:23:20.880590
O002680,P0023,W08,24,PLACED,2026-08-29T08:57:20.880590
O002681,P0048,W01,20,PROCESSING,2026-08-08T19:08:20.880590
O002682,P0017,W02,14,PLACED,2026-08-15T02:38:20.880590
O002683,P0057,W01,11,PLACED,2026-08-09T14:38:20.880590
O002684,P0036,W04,21,PLACED,2026-08-31T19:42:20.880590
O002685,P0087,W06,29,PROCESSING,2026-08-22T04:46:20.880590
O002686,P0093,W06,17,PLACED,2026-09-02T18:24:20.880590
O002687,P0054,W01,3,PROCESSING,2026-08-25T09:47:20.880590
O002688,P0019,W05,3,PROCESSING,2026-08-29T21:12:20.880590
O002689,P0006,W05,20,PROCESSING,2026-08-27T05:43:20.880590
O002690,P0053,W03,21,PLACED,2026-08-30T01:31:20.880590
O002691,P0036,W06,4,FULFILLED,2026-08-21T05:17:20.880590
O002692,P0073,W02,19,CANCELLED,2026-08-28T06:41:20.880590
O002693,P0015,W02,6,PLACED,2026-08-11T01:42:20.880590
O002694,P0041,W01,25,PROCESSING,2026-08-15T12:12:20.880590
O002695,P0028,W06,15,PLACED,2026-08-07T12:49:20.880590
O002696,P0040,W04,24,PROCESSING,2026-08-18T06:54:20.880590
O002697,P0007,W07,23,FULFILLED,2026-08-21T04:33:20.880590
O002698,P0036,W03,19,FULFILLED,2026-08-15T03:50:20.880590
O002699,P0029,W04,9,PROCESSING,2026-08-25T21:35:20.880590
O002700,P0038,W05,23,CANCELLED,2026-08-15T02:52:20.880590
O002701,P0012,W08,12,FULFILLED,2026-08-19T02:22:20.880590
O002702,P0099,W08,27,PROCESSING,2026-08-22T22:27:20.880590
O002703,P0075,W07,5,PROCESSING,2026-08-08T17:32:20.880590
O002704,P0045,W05,7,FULFILLED,2026-08-26T19:18:20.880590
O002705,P0071,W05,3,PROCESSING,2026-08-29T23:39:20.880590
O002706,P0028,W08,9,PLACED,2026-08-18T19:27:20.880590
O002707,P0067,W03,16,PROCESSING,2026-08-12T07:21:20.880590
O002708,P0076,W06,12,CANCELLED,2026-08-28T07:46:20.880590
O002709,P0076,W01,11,PLACED,2026-09-06T00:27:20.880590
O002710,P0046,W01,6,CANCELLED,2026-09-04T16:58:20.880590
O002711,P0043,W06,21,PLACED,2026-08-28T16:47:20.880590
O002712,P0046,W05,6,CANCELLED,2026-08-15T13:47:20.880590
O002713,P0024,W01,15,CANCELLED,2026-08-31T22:38:20.880590
O002714,P0074,W07,24,CANCELLED,2026-09-03T01:45:20.880590
O002715,P0032,W05,24,FULFILLED,2026-08-28T14:41:20.880590
O002716,P0044,W08,22,CANCELLED,2026-09-03T09:48:20.880590
O002717,P0006,W04,25,PLACED,2026-08-20T17:17:20.880590
O002718,P0055,W05,19,CANCELLED,2026-08-26T05:14:20.880590
O002719,P0004,W03,17,PROCESSING,2026-09-03T01:12:20.880590
O002720,P0077,W04,19,PROCESSING,2026-08-20T17:43:20.880590
O002721,P0085,W06,26,PLACED,2026-08-12T23:17:20.880590
O002722,P0040,W03,26,FULFILLED,2026-08-11T04:09:20.880590
O002723,P0051,W03,15,PLACED,2026-08-27T22:27:20.880590
O002724,P0019,W04,29,PROCESSING,2026-09-06T00:47:20.880590
O002725,P0040,W02,6,PROCESSING,2026-08-20T18:29:20.880590
O002726,P0056,W02,24,PROCESSING,2026-08-16T07:29:20.880590
O002727,P0088,W06,1,CANCELLED,2026-08-14T01:46:20.880590
O002728,P0045,W02,16,CANCELLED,2026-08-14T07:26:20.880590
O002729,P0061,W07,27,CANCELLED,2026-08-16T17:30:20.880590
O002730,P0098,W02,13,PROCESSING,2026-08-18T02:33:20.880590
O002731,P0098,W03,13,FULFILLED,2026-08-21T13:08:20.880590
O002732,P0087,W07,20,CANCELLED,2026-08-19T22:44:20.880590
O002733,P0010,W06,16,PLACED,2026-08-31T08:48:20.880590
O002734,P0078,W03,25,PROCESSING,2026-08-17T03:33:20.880590
O002735,P0047,W06,17,PLACED,2026-08-23T20:36:20.880590
O002736,P0077,W07,30,PLACED,2026-09-03T20:19:20.880590
O002737,P0030,W03,16,PROCESSING,2026-09-05T10:33:20.880590
O002738,P0028,W05,14,PLACED,2026-08-09T01:44:20.880590
O002739,P0050,W03,14,PROCESSING,2026-08-22T12:20:20.880590
O002740,P0040,W07,22,CANCELLED,2026-08-20T00:40:20.880590
O002741,P0034,W07,6,PROCESSING,2026-08-08T15:27:20.880590
O002742,P0088,W02,15,PLACED,2026-08-25T04:22:20.880590
O002743,P0088,W02,21,CANCELLED,2026-08-22T19:39:20.880590
O002744,P0021,W06,5,CANCELLED,2026-08-07T14:46:20.880590
O002745,P0002,W08,21,CANCELLED,2026-08-27T18:03:20.880590
O002746,P0099,W01,10,CANCELLED,2026-08-26T06:51:20.880590
O002747,P0095,W02,20,CANCELLED,2026-08-18T19:55:20.880590
O002748,P0048,W08,23,FULFILLED,2026-08-29T21:48:20.880590
O002749,P0047,W02,26,PROCESSING,2026-08-31T09:48:20.880590
O002750,P0069,W07,28,PLACED,2026-08-26T08:36:20.880590
O002751,P0001,W06,30,FULFILLED,2026-08-13T21:40:20.880590
O002752,P0066,W08,14,PLACED,2026-08-16T01:15:20.880590
O002753,P0037,W01,4,CANCELLED,2026-08-28T05:03:20.880590
O002754,P0047,W01,29,FULFILLED,2026-08-28T00:07:20.880590
O002755,P0055,W06,22,FULFILLED,2026-08-18T13:01:20.880590
O002756,P0070,W05,6,FULFILLED,2026-08-08T03:07:20.880590
O002757,P0054,W01,15,FULFILLED,2026-08-23T07:13:20.880590
O002758,P0082,W01,20,PLACED,2026-08-20T14:33:20.880590
O002759,P0094,W01,18,CANCELLED,2026-08-23T07:37:20.880590
O002760,P0023,W02,18,PLACED,2026-08-18T08:59:20.880590
O002761,P0094,W03,21,CANCELLED,2026-08-12T19:06:20.880590
O002762,P0036,W06,15,PROCESSING,2026-08-26T16:17:20.880590
O002763,P0073,W08,2,PLACED,2026-08-30T21:16:20.880590
O002764,P0048,W01,5,PLACED,2026-08-21T22:08:20.880590
O002765,P0066,W02,11,FULFILLED,2026-08-24T10:34:20.880590
O002766,P0052,W01,6,FULFILLED,2026-08-26T06:55:20.880590
O002767,P0096,W02,27,CANCELLED,2026-09-05T18:33:20.880590
O002768,P0025,W05,10,PROCESSING,2026-08-12T08:35:20.880590
O002769,P0048,W08,7,CANCELLED,2026-08-09T06:45:20.880590
O002770,P0096,W03,9,PLACED,2026-08-19T13:33:20.880590
O002771,P0052,W03,22,FULFILLED,2026-09-03T13:49:20.880590
O002772,P0001,W07,7,PLACED,2026-08-19T11:15:20.880590
O002773,P0085,W03,9,FULFILLED,2026-08-25T21:58:20.880590
O002774,P0077,W06,4,PROCESSING,2026-08-28T02:31:20.880590
O002775,P0003,W06,8,PLACED,2026-08-17T06:59:20.880590
O002776,P0037,W08,19,CANCELLED,2026-09-03T21:12:20.880590
O002777,P0077,W06,18,CANCELLED,2026-09-04T22:45:20.880590
O002778,P0072,W01,11,FULFILLED,2026-08-28T16:54:20.880590
O002779,P0045,W08,5,CANCELLED,2026-08-21T14:33:20.880590
O002780,P0027,W03,22,CANCELLED,2026-08-29T18:25:20.880590
O002781,P0052,W01,22,PLACED,2026-08-18T16:42:20.880590
O002782,P0063,W06,3,PROCESSING,2026-09-04T19:03:20.880590
O002783,P0048,W05,10,FULFILLED,2026-08-31T03:52:20.880590
O002784,P0087,W08,1,PROCESSING,2026-08-27T14:34:20.880590
O002785,P0075,W03,20,FULFILLED,2026-09-04T11:56:20.880590
O002786,P0056,W07,25,PLACED,2026-09-01T18:25:20.880590
O002787,P0072,W08,8,CANCELLED,2026-08-19T23:29:20.880590
O002788,P0017,W07,20,PLACED,2026-08-31T12:36:20.880590
O002789,P0051,W04,7,PLACED,2026-08-11T11:20:20.880590
O002790,P0038,W03,28,PROCESSING,2026-09-02T00:49:20.880590
O002791,P0071,W07,12,PROCESSING,2026-08-25T07:32:20.880590
O002792,P0077,W05,11,FULFILLED,2026-08-26T02:10:20.880590
O002793,P0014,W06,17,CANCELLED,2026-09-04T17:50:20.880590
O002794,P0052,W08,25,CANCELLED,2026-08-17T07:17:20.880590
O002795,P0058,W03,30,PROCESSING,2026-08-20T02:06:20.880590
O002796,P0037,W01,18,FULFILLED,2026-08-25T06:22:20.880590
O002797,P0084,W03,22,PLACED,2026-08-28T04:15:20.880590
O002798,P0075,W07,14,CANCELLED,2026-08-24T12:08:20.880590
O002799,P0082,W01,20,PROCESSING,2026-08-15T15:43:20.880590
O002800,P0079,W02,20,CANCELLED,2026-08-13T08:46:20.880590
O002801,P0042,W04,6,CANCELLED,2026-08-08T02:21:20.880590
O002802,P0048,W01,24,CANCELLED,2026-08-11T04:46:20.880590
O002803,P0066,W04,28,PROCESSING,2026-09-01T04:24:20.880590
O002804,P0048,W04,6,CANCELLED,2026-08-27T21:25:20.880590
O002805,P0042,W03,10,PLACED,2026-08-16T03:38:20.880590
O002806,P0027,W08,15,PROCESSING,2026-08-08T11:09:20.880590
O002807,P0057,W04,26,PROCESSING,2026-09-03T12:19:20.880590
O002808,P0065,W02,26,FULFILLED,2026-08-28T01:23:20.880590
O002809,P0032,W08,24,PLACED,2026-08-14T07:22:20.880590
O002810,P0096,W01,22,CANCELLED,2026-08-07T08:56:20.880590
O002811,P0061,W07,3,CANCELLED,2026-08-30T17:08:20.880590
O002812,P0092,W02,23,PLACED,2026-08-18T21:26:20.880590
O002813,P0062,W01,10,CANCELLED,2026-08-27T00:23:20.880590
O002814,P0047,W07,23,CANCELLED,2026-08-08T21:00:20.880590
O002815,P0016,W02,5,FULFILLED,2026-08-26T13:32:20.880590
O002816,P0097,W02,24,PROCESSING,2026-09-02T10:43:20.880590
O002817,P0053,W06,5,PROCESSING,2026-08-23T17:41:20.880590
O002818,P0027,W05,4,FULFILLED,2026-08-29T00:32:20.880590
O002819,P0089,W02,15,CANCELLED,2026-09-05T06:41:20.880590
O002820,P0097,W05,11,FULFILLED,2026-08-18T04:43:20.880590
O002821,P0043,W08,23,FULFILLED,2026-08-27T07:07:20.880590
O002822,P0036,W01,25,PROCESSING,2026-09-01T22:04:20.880590
O002823,P0067,W05,1,PROCESSING,2026-08-13T19:05:20.880590
O002824,P0073,W06,23,FULFILLED,2026-08-23T22:29:20.880590
O002825,P0092,W03,19,FULFILLED,2026-08-21T00:22:20.880590
O002826,P0092,W08,22,FULFILLED,2026-08-28T16:33:20.880590
O002827,P0096,W03,5,FULFILLED,2026-08-14T02:06:20.880590
O002828,P0033,W04,1,PROCESSING,2026-08-24T13:05:20.880590
O002829,P0039,W03,19,PLACED,2026-09-02T14:27:20.880590
O002830,P0047,W07,16,PROCESSING,2026-08-18T20:46:20.880590
O002831,P0083,W03,19,FULFILLED,2026-08-22T17:23:20.880590
O002832,P0048,W07,28,CANCELLED,2026-08-30T21:02:20.880590
O002833,P0022,W08,6,CANCELLED,2026-09-05T13:37:20.880590
O002834,P0002,W02,11,PROCESSING,2026-08-24T08:20:20.880590
O002835,P0027,W04,5,FULFILLED,2026-08-21T03:15:20.880590
O002836,P0100,W02,21,PROCESSING,2026-09-03T18:12:20.880590
O002837,P0064,W08,19,PLACED,2026-08-23T06:48:20.880590
O002838,P0030,W04,12,PLACED,2026-08-30T21:53:20.880590
O002839,P0081,W02,11,PLACED,2026-08-25T04:40:20.880590
O002840,P0071,W02,26,PLACED,2026-08-19T09:56:20.880590
O002841,P0073,W04,8,FULFILLED,2026-08-27T09:15:20.880590
O002842,P0089,W04,8,CANCELLED,2026-08-15T08:57:20.880590
O002843,P0006,W05,18,FULFILLED,2026-08-15T03:13:20.880590
O002844,P0096,W04,24,PLACED,2026-08-11T05:12:20.880590
O002845,P0067,W05,2,PROCESSING,2026-08-13T02:11:20.880590
O002846,P0032,W08,15,PLACED,2026-08-17T10:00:20.880590
O002847,P0007,W06,26,PLACED,2026-08-31T11:53:20.880590
O002848,P0062,W02,15,PLACED,2026-08-15T23:57:20.880590
O002849,P0026,W02,18,PROCESSING,2026-08-28T17:22:20.880590
O002850,P0063,W05,19,PLACED,2026-09-03T06:54:20.880590
O002851,P0056,W02,24,CANCELLED,2026-09-02T12:48:20.880590
O002852,P0025,W08,1,FULFILLED,2026-09-05T07:20:20.880590
O002853,P0077,W05,16,PROCESSING,2026-08-25T14:09:20.880590
O002854,P0065,W08,17,FULFILLED,2026-08-22T00:22:20.880590
O002855,P0039,W05,28,PROCESSING,2026-09-05T10:14:20.880590
O002856,P0036,W05,21,CANCELLED,2026-08-22T14:02:20.880590
O002857,P0097,W03,16,PLACED,2026-08-12T03:10:20.880590
O002858,P0066,W08,16,PROCESSING,2026-08-21T14:04:20.880590
O002859,P0009,W07,22,FULFILLED,2026-08-15T04:42:20.880590
O002860,P0057,W06,21,PROCESSING,2026-08-11T08:42:20.880590
O002861,P0100,W02,25,PROCESSING,2026-08-15T20:52:20.880590
O002862,P0040,W05,11,CANCELLED,2026-08-16T18:18:20.880590
O002863,P0088,W05,30,PROCESSING,2026-08-11T17:49:20.880590
O002864,P0087,W03,11,PROCESSING,2026-09-02T01:06:20.880590
O002865,P0099,W07,26,PROCESSING,2026-08-15T19:01:20.880590
O002866,P0079,W03,11,CANCELLED,2026-08-14T05:55:20.880590
O002867,P0077,W07,25,FULFILLED,2026-09-05T19:12:20.880590
O002868,P0034,W08,30,FULFILLED,2026-08-17T11:14:20.880590
O002869,P0019,W05,11,FULFILLED,2026-08-23T22:25:20.880590
O002870,P0058,W05,14,CANCELLED,2026-08-21T09:51:20.880590
O002871,P0001,W07,2,CANCELLED,2026-08-26T01:01:20.880590
O002872,P0083,W03,15,FULFILLED,2026-08-23T03:39:20.880590
O002873,P0091,W04,7,FULFILLED,2026-08-07T22:41:20.880590
O002874,P0048,W01,11,CANCELLED,2026-08-20T11:24:20.880590
O002875,P0042,W04,26,PROCESSING,2026-08-24T11:06:20.880590
O002876,P0065,W08,28,FULFILLED,2026-09-04T03:57:20.880590
O002877,P0010,W04,6,FULFILLED,2026-08-11T22:06:20.880590
O002878,P0093,W08,2,CANCELLED,2026-08-28T21:21:20.880590
O002879,P0032,W05,20,CANCELLED,2026-08-29T05:23:20.880590
O002880,P0013,W01,21,FULFILLED,2026-08-09T18:12:20.880590
O002881,P0069,W06,15,FULFILLED,2026-08-19T14:55:20.880590
O002882,P0061,W03,29,PLACED,2026-08-12T02:41:20.880590
O002883,P0100,W07,27,PROCESSING,2026-08-21T19:54:20.880590
O002884,P0076,W05,19,PROCESSING,2026-08-13T21:42:20.880590
O002885,P0012,W08,8,FULFILLED,2026-09-01T15:05:20.880590
O002886,P0070,W05,18,FULFILLED,2026-09-02T02:59:20.880590
O002887,P0018,W02,28,FULFILLED,2026-08-08T01:17:20.880590
O002888,P0099,W08,24,PROCESSING,2026-08-23T11:58:20.880590
O002889,P0042,W08,8,CANCELLED,2026-08-15T10:32:20.880590
O002890,P0043,W04,22,FULFILLED,2026-08-23T13:02:20.880590
O002891,P0078,W01,5,PLACED,2026-08-18T16:20:20.880590
O002892,P0053,W07,13,CANCELLED,2026-09-05T06:54:20.880590
O002893,P0068,W01,30,FULFILLED,2026-08-09T05:52:20.880590
O002894,P0073,W07,2,FULFILLED,2026-08-07T19:06:20.880590
O002895,P0063,W05,19,FULFILLED,2026-08-31T13:56:20.880590
O002896,P0009,W02,19,PLACED,2026-09-04T22:19:20.880590
O002897,P0100,W02,18,PROCESSING,2026-09-01T11:13:20.880590
O002898,P0012,W08,20,PROCESSING,2026-08-30T10:17:20.880590
O002899,P0099,W07,27,FULFILLED,2026-08-10T09:14:20.880590
O002900,P0058,W03,21,FULFILLED,2026-08-28T06:06:20.880590
O002901,P0024,W06,15,CANCELLED,2026-08-10T09:10:20.880590
O002902,P0052,W05,1,CANCELLED,2026-08-08T00:52:20.880590
O002903,P0002,W04,11,CANCELLED,2026-08-07T22:01:20.880590
O002904,P0034,W04,19,FULFILLED,2026-08-13T21:47:20.880590
O002905,P0059,W04,25,FULFILLED,2026-08-31T06:54:20.880590
O002906,P0020,W04,25,PROCESSING,2026-09-02T07:29:20.880590
O002907,P0040,W03,4,PLACED,2026-08-16T10:34:20.880590
O002908,P0078,W01,25,PROCESSING,2026-08-31T08:03:20.880590
O002909,P0045,W02,11,FULFILLED,2026-08-31T15:19:20.880590
O002910,P0085,W04,7,FULFILLED,2026-08-17T12:45:20.880590
O002911,P0055,W05,8,PROCESSING,2026-08-14T11:46:20.880590
O002912,P0004,W03,29,CANCELLED,2026-08-23T05:32:20.880590
O002913,P0049,W01,15,PROCESSING,2026-08-12T15:53:20.880590
O002914,P0007,W08,15,CANCELLED,2026-08-24T08:55:20.880590
O002915,P0027,W07,19,PLACED,2026-08-16T02:22:20.880590
O002916,P0023,W02,6,PROCESSING,2026-08-11T06:50:20.880590
O002917,P0063,W06,24,FULFILLED,2026-08-12T12:52:20.880590
O002918,P0025,W04,3,FULFILLED,2026-08-25T22:50:20.880590
O002919,P0033,W02,15,PLACED,2026-08-28T19:29:20.880590
O002920,P0049,W07,13,PLACED,2026-08-07T09:20:20.880590
O002921,P0047,W05,27,PLACED,2026-08-23T04:49:20.880590
O002922,P0084,W05,8,PLACED,2026-08-26T19:37:20.880590
O002923,P0083,W07,29,CANCELLED,2026-09-05T15:51:20.880590
O002924,P0036,W06,2,PROCESSING,2026-08-07T18:43:20.880590
O002925,P0023,W01,5,PROCESSING,2026-08-18T09:23:20.880590
O002926,P0089,W08,25,PLACED,2026-08-13T10:34:20.880590
O002927,P0077,W04,28,FULFILLED,2026-08-09T20:14:20.880590
O002928,P0080,W07,27,PROCESSING,2026-08-23T23:24:20.880590
O002929,P0023,W03,30,PROCESSING,2026-08-26T03:20:20.880590
O002930,P0047,W02,26,PROCESSING,2026-08-15T07:47:20.880590
O002931,P0064,W04,10,CANCELLED,2026-08-08T10:09:20.880590
O002932,P0048,W05,20,FULFILLED,2026-09-04T12:25:20.880590
O002933,P0004,W06,1,CANCELLED,2026-08-08T08:31:20.880590
O002934,P0095,W03,30,CANCELLED,2026-08-08T14:47:20.880590
O002935,P0070,W07,25,PROCESSING,2026-08-09T04:12:20.880590
O002936,P0013,W01,12,PROCESSING,2026-08-14T06:10:20.880590
O002937,P0054,W02,4,CANCELLED,2026-08-11T06:02:20.880590
O002938,P0054,W08,5,PLACED,2026-08-28T04:42:20.880590
O002939,P0061,W08,29,FULFILLED,2026-08-21T05:34:20.880590
O002940,P0042,W06,20,PLACED,2026-08-12T21:26:20.880590
O002941,P0064,W04,5,PROCESSING,2026-08-28T19:17:20.880590
O002942,P0017,W03,8,PLACED,2026-08-30T11:38:20.880590
O002943,P0092,W07,10,PLACED,2026-08-11T08:57:20.880590
O002944,P0029,W05,6,FULFILLED,2026-08-18T10:14:20.880590
O002945,P0091,W08,22,FULFILLED,2026-08-22T00:21:20.880590
O002946,P0042,W07,12,PROCESSING,2026-08-13T01:16:20.880590
O002947,P0095,W01,24,CANCELLED,2026-09-02T10:14:20.880590
O002948,P0007,W04,6,PLACED,2026-09-04T19:35:20.880590
O002949,P0082,W01,27,PROCESSING,2026-08-13T13:33:20.880590
O002950,P0051,W06,1,CANCELLED,2026-08-14T10:14:20.880590
O002951,P0045,W04,21,CANCELLED,2026-08-29T01:54:20.880590
O002952,P0028,W08,20,FULFILLED,2026-08-27T15:14:20.880590
O002953,P0057,W02,24,FULFILLED,2026-08-31T21:39:20.880590
O002954,P0099,W06,11,PROCESSING,2026-09-05T21:21:20.880590
O002955,P0044,W08,25,CANCELLED,2026-08-18T16:15:20.880590
O002956,P0086,W06,25,FULFILLED,2026-08-11T10:49:20.880590
O002957,P0047,W07,21,PLACED,2026-08-09T22:21:20.880590
O002958,P0017,W02,8,CANCELLED,2026-08-31T18:51:20.880590
O002959,P0016,W05,5,FULFILLED,2026-08-12T02:48:20.880590
O002960,P0058,W07,18,PLACED,2026-08-21T00:46:20.880590
O002961,P0024,W07,27,PROCESSING,2026-08-30T00:42:20.880590
O002962,P0088,W04,25,PLACED,2026-08-13T12:12:20.880590
O002963,P0094,W06,17,PROCESSING,2026-08-16T02:25:20.880590
O002964,P0068,W01,26,FULFILLED,2026-09-01T16:14:20.880590
O002965,P0030,W03,12,PROCESSING,2026-08-31T14:38:20.880590
O002966,P0088,W03,21,PROCESSING,2026-08-11T14:47:20.880590
O002967,P0070,W07,28,PROCESSING,2026-08-13T23:29:20.880590
O002968,P0007,W07,10,CANCELLED,2026-08-19T17:31:20.880590
O002969,P0054,W08,15,FULFILLED,2026-08-30T19:18:20.880590
O002970,P0093,W05,1,PLACED,2026-08-13T06:05:20.880590
O002971,P0091,W05,7,PLACED,2026-08-18T11:56:20.880590
O002972,P0097,W07,5,PROCESSING,2026-08-09T18:06:20.880590
O002973,P0021,W04,13,PROCESSING,2026-08-28T22:43:20.880590
O002974,P0054,W07,19,PROCESSING,2026-09-05T11:06:20.880590
O002975,P0045,W02,8,FULFILLED,2026-08-18T08:55:20.880590
O002976,P0052,W02,24,PROCESSING,2026-08-13T10:48:20.880590
O002977,P0057,W03,22,FULFILLED,2026-08-16T10:14:20.880590
O002978,P0002,W02,17,FULFILLED,2026-08-21T23:06:20.880590
O002979,P0014,W08,8,CANCELLED,2026-08-30T22:01:20.880590
O002980,P0016,W08,5,PLACED,2026-08-20T15:48:20.880590
O002981,P0035,W01,13,FULFILLED,2026-08-22T14:17:20.880590
O002982,P0081,W08,14,PROCESSING,2026-08-12T04:39:20.880590
O002983,P0098,W05,8,PLACED,2026-08-29T05:40:20.880590
O002984,P0094,W06,8,CANCELLED,2026-08-11T02:09:20.880590
O002985,P0054,W01,21,PLACED,2026-08-26T17:47:20.880590
O002986,P0093,W05,29,FULFILLED,2026-08-19T19:28:20.880590
O002987,P0066,W06,14,FULFILLED,2026-09-05T04:45:20.880590
O002988,P0011,W01,4,CANCELLED,2026-08-23T06:59:20.880590
O002989,P0075,W08,8,CANCELLED,2026-08-18T02:33:20.880590
O002990,P0014,W08,18,CANCELLED,2026-08-19T03:41:20.880590
O002991,P0067,W07,2,PLACED,2026-09-03T16:00:20.880590
O002992,P0083,W02,19,PLACED,2026-09-02T22:13:20.880590
O002993,P0098,W04,12,CANCELLED,2026-08-12T09:43:20.880590
O002994,P0092,W01,12,CANCELLED,2026-08-24T23:29:20.880590
O002995,P0074,W01,13,CANCELLED,2026-08-28T00:40:20.880590
O002996,P0028,W03,1,FULFILLED,2026-08-08T05:25:20.880590
O002997,P0038,W07,26,PLACED,2026-08-11T13:20:20.880590
O002998,P0033,W06,27,FULFILLED,2026-08-27T20:10:20.880590
O002999,P0032,W05,15,PLACED,2026-08-23T02:18:20.880590
O003000,P0059,W05,25,PROCESSING,2026-08-21T19:52:20.880590
O003001,P0072,W06,24,CANCELLED,2026-08-16T14:06:20.880590
O003002,P0100,W03,28,CANCELLED,2026-08-22T22:06:20.880590
O003003,P0043,W06,20,PROCESSING,2026-08-11T02:29:20.880590
O003004,P0040,W02,30,PLACED,2026-08-21T11:09:20.880590
O003005,P0052,W06,20,CANCELLED,2026-09-05T03:52:20.880590
O003006,P0024,W07,7,FULFILLED,2026-09-05T03:53:20.880590
O003007,P0045,W06,26,CANCELLED,2026-08-29T03:38:20.880590
O003008,P0097,W03,6,FULFILLED,2026-08-23T12:13:20.880590
O003009,P0015,W04,19,FULFILLED,2026-08-07T18:48:20.880590
O003010,P0090,W05,25,PROCESSING,2026-08-30T02:14:20.880590
O003011,P0080,W02,7,PLACED,2026-08-25T04:06:20.880590
O003012,P0092,W07,28,FULFILLED,2026-08-11T04:18:20.880590
O003013,P0092,W06,18,FULFILLED,2026-08-13T16:37:20.880590
O003014,P0018,W07,4,FULFILLED,2026-08-25T02:46:20.880590
O003015,P0073,W02,11,PROCESSING,2026-09-03T23:26:20.880590
O003016,P0006,W04,18,PROCESSING,2026-08-27T04:47:20.880590
O003017,P0004,W08,8,PROCESSING,2026-08-19T12:27:20.880590
O003018,P0029,W08,21,PROCESSING,2026-08-18T05:24:20.880590
O003019,P0002,W05,8,PLACED,2026-08-13T16:12:20.880590
O003020,P0062,W08,14,PROCESSING,2026-09-03T22:07:20.880590
O003021,P0024,W07,21,CANCELLED,2026-08-25T19:47:20.880590
O003022,P0091,W06,26,FULFILLED,2026-08-18T23:02:20.880590
O003023,P0048,W06,29,PROCESSING,2026-08-26T16:31:20.880590
O003024,P0070,W06,3,PROCESSING,2026-08-21T15:06:20.880590
O003025,P0090,W04,26,PROCESSING,2026-08-21T16:45:20.880590
O003026,P0065,W08,18,FULFILLED,2026-08-11T10:57:20.880590
O003027,P0078,W04,24,FULFILLED,2026-08-11T19:53:20.880590
O003028,P0071,W04,15,FULFILLED,2026-09-05T09:53:20.880590
O003029,P0007,W08,20,CANCELLED,2026-09-02T04:39:20.880590
O003030,P0076,W07,3,PROCESSING,2026-08-29T16:25:20.880590
O003031,P0072,W08,18,PLACED,2026-08-08T01:34:20.880590
O003032,P0062,W03,3,FULFILLED,2026-08-22T21:05:20.880590
O003033,P0093,W05,19,FULFILLED,2026-08-10T00:51:20.880590
O003034,P0092,W08,14,PROCESSING,2026-08-08T07:32:20.880590
O003035,P0028,W08,10,FULFILLED,2026-08-25T02:13:20.880590
O003036,P0030,W07,5,FULFILLED,2026-08-22T02:26:20.880590
O003037,P0079,W01,23,FULFILLED,2026-08-07T08:49:20.880590
O003038,P0016,W02,20,PLACED,2026-09-02T19:03:20.880590
O003039,P0053,W03,24,PROCESSING,2026-08-31T04:04:20.880590
O003040,P0077,W03,27,PROCESSING,2026-08-18T09:10:20.880590
O003041,P0084,W08,24,PLACED,2026-08-08T09:37:20.880590
O003042,P0012,W02,13,CANCELLED,2026-08-22T03:49:20.880590
O003043,P0049,W08,5,FULFILLED,2026-08-25T14:35:20.880590
O003044,P0013,W05,12,PROCESSING,2026-08-15T09:17:20.880590
O003045,P0033,W08,3,PROCESSING,2026-08-26T15:29:20.880590
O003046,P0052,W04,8,FULFILLED,2026-08-18T21:57:20.880590
O003047,P0082,W02,11,CANCELLED,2026-09-05T12:21:20.880590
O003048,P0068,W05,1,PLACED,2026-08-11T08:07:20.880590
O003049,P0008,W06,4,PROCESSING,2026-09-01T09:56:20.880590
O003050,P0068,W01,1,FULFILLED,2026-08-07T03:18:20.880590
O003051,P0040,W01,26,FULFILLED,2026-08-24T13:40:20.880590
O003052,P0023,W04,21,CANCELLED,2026-08-10T05:12:20.880590
O003053,P0069,W04,12,PLACED,2026-08-15T07:58:20.880590
O003054,P0077,W06,19,PROCESSING,2026-08-14T02:21:20.880590
O003055,P0091,W03,17,PROCESSING,2026-08-27T02:46:20.880590
O003056,P0004,W01,30,PLACED,2026-08-27T07:35:20.880590
O003057,P0038,W02,12,PROCESSING,2026-08-21T05:50:20.880590
O003058,P0067,W03,29,PLACED,2026-09-02T21:58:20.880590
O003059,P0025,W03,20,FULFILLED,2026-08-29T16:59:20.880590
O003060,P0085,W07,26,CANCELLED,2026-08-27T18:02:20.880590
O003061,P0086,W02,11,PROCESSING,2026-08-12T08:32:20.880590
O003062,P0019,W04,27,CANCELLED,2026-08-23T16:51:20.880590
O003063,P0052,W01,12,PLACED,2026-08-15T15:08:20.880590
O003064,P0085,W02,28,PLACED,2026-08-28T22:10:20.880590
O003065,P0042,W07,25,PROCESSING,2026-09-05T20:38:20.880590
O003066,P0042,W03,15,PROCESSING,2026-08-19T22:02:20.880590
O003067,P0081,W07,13,CANCELLED,2026-08-20T09:24:20.880590
O003068,P0011,W08,1,CANCELLED,2026-08-24T05:16:20.880590
O003069,P0042,W08,20,CANCELLED,2026-08-11T19:21:20.880590
O003070,P0064,W05,25,PLACED,2026-08-20T23:32:20.880590
O003071,P0006,W04,3,FULFILLED,2026-08-31T01:38:20.880590
O003072,P0096,W03,21,FULFILLED,2026-09-02T19:05:20.880590
O003073,P0069,W01,2,FULFILLED,2026-08-09T05:47:20.880590
O003074,P0025,W06,18,PLACED,2026-08-24T13:49:20.880590
O003075,P0095,W03,17,FULFILLED,2026-08-26T19:14:20.880590
O003076,P0028,W02,15,PROCESSING,2026-08-09T02:15:20.880590
O003077,P0092,W06,3,PROCESSING,2026-08-17T03:25:20.880590
O003078,P0027,W01,2,CANCELLED,2026-08-29T14:23:20.880590
O003079,P0089,W02,30,FULFILLED,2026-08-16T10:27:20.880590
O003080,P0031,W06,6,CANCELLED,2026-08-07T06:35:20.880590
O003081,P0048,W07,2,PROCESSING,2026-08-17T10:51:20.880590
O003082,P0077,W04,20,FULFILLED,2026-08-13T12:09:20.880590
O003083,P0088,W05,7,FULFILLED,2026-08-26T07:16:20.880590
O003084,P0089,W01,14,CANCELLED,2026-08-25T16:22:20.880590
O003085,P0036,W04,27,CANCELLED,2026-08-24T05:20:20.880590
O003086,P0077,W01,21,CANCELLED,2026-08-18T14:13:20.880590
O003087,P0090,W08,5,PROCESSING,2026-08-08T23:04:20.880590
O003088,P0082,W02,4,PROCESSING,2026-08-10T06:26:20.880590
O003089,P0009,W03,18,FULFILLED,2026-08-29T07:01:20.880590
O003090,P0095,W05,22,CANCELLED,2026-08-14T16:13:20.880590
O003091,P0069,W05,10,FULFILLED,2026-08-20T00:30:20.880590
O003092,P0098,W02,13,PROCESSING,2026-08-11T23:55:20.880590
O003093,P0072,W08,7,PROCESSING,2026-08-10T23:54:20.880590
O003094,P0005,W08,16,PLACED,2026-08-30T15:27:20.880590
O003095,P0030,W01,27,CANCELLED,2026-08-12T03:06:20.880590
O003096,P0011,W02,8,CANCELLED,2026-08-15T10:54:20.880590
O003097,P0048,W08,24,PROCESSING,2026-09-04T01:30:20.880590
O003098,P0077,W01,22,PROCESSING,2026-08-27T04:13:20.880590
O003099,P0093,W06,2,PLACED,2026-08-16T15:15:20.880590
O003100,P0044,W05,30,PROCESSING,2026-08-14T00:13:20.880590
O003101,P0060,W04,29,PLACED,2026-08-22T23:50:20.880590
O003102,P0049,W03,10,PLACED,2026-08-24T20:50:20.880590
O003103,P0024,W04,11,CANCELLED,2026-08-17T07:26:20.880590
O003104,P0057,W02,27,PROCESSING,2026-08-08T05:03:20.880590
O003105,P0068,W05,18,PROCESSING,2026-09-03T10:35:20.880590
O003106,P0071,W06,2,PLACED,2026-08-13T14:00:20.880590
O003107,P0053,W01,20,PROCESSING,2026-08-10T00:33:20.880590
O003108,P0048,W01,5,PLACED,2026-08-21T16:45:20.880590
O003109,P0001,W07,1,PLACED,2026-08-17T16:38:20.880590
O003110,P0099,W02,28,PROCESSING,2026-08-24T16:41:20.880590
O003111,P0005,W02,1,CANCELLED,2026-09-04T15:40:20.880590
O003112,P0083,W07,10,CANCELLED,2026-09-02T01:38:20.880590
O003113,P0096,W04,22,CANCELLED,2026-08-27T12:34:20.880590
O003114,P0033,W06,21,CANCELLED,2026-09-03T22:32:20.880590
O003115,P0020,W08,18,FULFILLED,2026-08-28T20:45:20.880590
O003116,P0019,W05,21,PROCESSING,2026-08-17T05:54:20.880590
O003117,P0033,W03,12,PLACED,2026-08-24T17:42:20.880590
O003118,P0039,W03,2,CANCELLED,2026-08-26T16:59:20.880590
O003119,P0091,W04,13,PROCESSING,2026-08-25T17:39:20.880590
O003120,P0046,W04,13,CANCELLED,2026-09-04T13:43:20.880590
O003121,P0059,W08,15,CANCELLED,2026-08-26T01:41:20.880590
O003122,P0047,W06,11,CANCELLED,2026-08-28T03:42:20.880590
O003123,P0093,W04,8,PROCESSING,2026-08-13T02:48:20.880590
O003124,P0073,W04,28,FULFILLED,2026-08-15T18:00:20.880590
O003125,P0071,W07,12,FULFILLED,2026-08-28T03:32:20.880590
O003126,P0051,W03,16,PLACED,2026-08-16T18:37:20.880590
O003127,P0084,W08,10,CANCELLED,2026-08-31T18:19:20.880590
O003128,P0026,W04,11,PROCESSING,2026-08-09T08:59:20.880590
O003129,P0067,W07,6,CANCELLED,2026-08-24T13:09:20.880590
O003130,P0089,W04,13,PROCESSING,2026-08-08T03:27:20.880590
O003131,P0096,W03,21,CANCELLED,2026-08-19T11:57:20.880590
O003132,P0026,W03,14,FULFILLED,2026-09-02T05:32:20.880590
O003133,P0032,W03,25,CANCELLED,2026-08-28T09:13:20.880590
O003134,P0079,W01,22,PLACED,2026-08-21T10:48:20.880590
O003135,P0011,W01,1,PLACED,2026-08-10T00:48:20.880590
O003136,P0012,W06,30,FULFILLED,2026-08-22T03:30:20.880590
O003137,P0096,W03,7,FULFILLED,2026-08-16T07:09:20.880590
O003138,P0047,W06,19,CANCELLED,2026-08-10T01:31:20.880590
O003139,P0044,W03,10,FULFILLED,2026-08-28T16:20:20.880590
O003140,P0072,W03,29,PROCESSING,2026-08-11T16:16:20.880590
O003141,P0054,W02,18,CANCELLED,2026-08-14T11:44:20.880590
O003142,P0072,W08,23,FULFILLED,2026-08-14T06:18:20.880590
O003143,P0015,W03,30,CANCELLED,2026-08-18T09:49:20.880590
O003144,P0097,W01,5,CANCELLED,2026-08-11T11:26:20.880590
O003145,P0049,W08,6,PLACED,2026-08-28T13:51:20.880590
O003146,P0089,W06,30,CANCELLED,2026-09-02T17:40:20.880590
O003147,P0074,W03,15,PLACED,2026-09-02T16:16:20.880590
O003148,P0086,W06,29,FULFILLED,2026-08-29T10:33:20.880590
O003149,P0048,W02,6,PROCESSING,2026-08-10T22:16:20.880590
O003150,P0039,W07,30,PROCESSING,2026-09-04T11:01:20.880590
O003151,P0086,W04,21,FULFILLED,2026-08-12T02:37:20.880590
O003152,P0092,W02,12,CANCELLED,2026-08-20T08:44:20.880590
O003153,P0080,W07,6,FULFILLED,2026-08-07T18:50:20.880590
O003154,P0025,W05,17,PLACED,2026-08-18T13:26:20.880590
O003155,P0041,W03,2,PROCESSING,2026-08-29T08:12:20.880590
O003156,P0034,W08,14,FULFILLED,2026-08-21T00:20:20.880590
O003157,P0035,W08,22,PLACED,2026-08-08T21:36:20.880590
O003158,P0071,W01,5,PLACED,2026-08-22T05:03:20.880590
O003159,P0003,W05,13,PROCESSING,2026-09-02T03:59:20.880590
O003160,P0049,W07,2,FULFILLED,2026-08-28T10:54:20.880590
O003161,P0043,W06,26,CANCELLED,2026-08-24T03:10:20.880590
O003162,P0091,W06,5,FULFILLED,2026-08-25T14:10:20.880590
O003163,P0071,W04,16,FULFILLED,2026-08-18T23:08:20.880590
O003164,P0011,W08,30,PLACED,2026-08-19T04:41:20.880590
O003165,P0066,W02,1,PROCESSING,2026-08-21T13:25:20.880590
O003166,P0032,W02,6,FULFILLED,2026-08-11T22:20:20.880590
O003167,P0020,W04,25,PLACED,2026-08-10T00:22:20.880590
O003168,P0002,W01,24,FULFILLED,2026-08-10T11:47:20.880590
O003169,P0010,W03,19,CANCELLED,2026-09-04T03:50:20.880590
O003170,P0043,W02,20,PLACED,2026-09-04T18:38:20.880590
O003171,P0091,W03,7,PLACED,2026-08-09T14:45:20.880590
O003172,P0012,W02,1,CANCELLED,2026-08-15T12:06:20.880590
O003173,P0027,W01,23,PLACED,2026-08-17T15:59:20.880590
O003174,P0042,W04,16,PROCESSING,2026-08-24T16:00:20.880590
O003175,P0078,W03,16,FULFILLED,2026-08-29T14:25:20.880590
O003176,P0008,W08,6,PLACED,2026-09-02T23:49:20.880590
O003177,P0023,W04,9,PROCESSING,2026-08-10T16:18:20.880590
O003178,P0074,W04,23,PLACED,2026-08-31T17:25:20.880590
O003179,P0025,W03,28,FULFILLED,2026-08-10T12:11:20.880590
O003180,P0021,W07,21,FULFILLED,2026-08-17T10:08:20.880590
O003181,P0053,W05,7,CANCELLED,2026-09-03T10:28:20.880590
O003182,P0045,W04,17,PLACED,2026-08-18T11:31:20.880590
O003183,P0088,W05,10,PROCESSING,2026-09-05T20:40:20.880590
O003184,P0008,W02,16,FULFILLED,2026-08-10T00:02:20.880590
O003185,P0080,W07,3,CANCELLED,2026-08-09T19:23:20.880590
O003186,P0096,W02,11,FULFILLED,2026-08-07T14:31:20.880590
O003187,P0087,W02,19,FULFILLED,2026-09-03T14:47:20.880590
O003188,P0058,W06,24,CANCELLED,2026-08-21T13:55:20.880590
O003189,P0064,W05,25,CANCELLED,2026-08-23T22:02:20.880590
O003190,P0070,W04,8,PROCESSING,2026-08-21T07:48:20.880590
O003191,P0089,W06,14,CANCELLED,2026-08-09T00:03:20.880590
O003192,P0042,W07,15,CANCELLED,2026-08-28T01:39:20.880590
O003193,P0020,W03,24,CANCELLED,2026-08-27T15:18:20.880590
O003194,P0004,W03,26,FULFILLED,2026-08-26T03:43:20.880590
O003195,P0081,W03,13,FULFILLED,2026-08-24T10:04:20.880590
O003196,P0056,W03,5,PROCESSING,2026-08-07T16:39:20.880590
O003197,P0013,W01,13,CANCELLED,2026-08-16T22:25:20.880590
O003198,P0035,W06,7,PLACED,2026-08-13T21:08:20.880590
O003199,P0051,W03,10,FULFILLED,2026-08-29T16:37:20.880590
O003200,P0025,W08,20,CANCELLED,2026-08-17T10:10:20.880590
O003201,P0056,W03,16,PLACED,2026-08-26T18:12:20.880590
O003202,P0014,W02,11,CANCELLED,2026-08-23T03:23:20.880590
O003203,P0038,W03,8,CANCELLED,2026-09-03T17:18:20.880590
O003204,P0054,W08,1,FULFILLED,2026-08-16T21:47:20.880590
O003205,P0021,W06,21,FULFILLED,2026-09-04T19:11:20.880590
O003206,P0055,W02,20,PROCESSING,2026-09-04T04:57:20.880590
O003207,P0037,W06,24,FULFILLED,2026-08-31T03:55:20.880590
O003208,P0048,W08,3,PLACED,2026-08-12T21:22:20.880590
O003209,P0048,W07,8,PROCESSING,2026-08-27T09:44:20.880590
O003210,P0089,W04,30,FULFILLED,2026-08-21T21:42:20.880590
O003211,P0061,W05,18,FULFILLED,2026-09-04T21:46:20.880590
O003212,P0043,W04,29,PROCESSING,2026-09-02T07:53:20.880590
O003213,P0081,W04,23,PROCESSING,2026-08-21T16:56:20.880590
O003214,P0063,W08,29,PLACED,2026-08-18T09:29:20.880590
O003215,P0066,W02,13,PROCESSING,2026-08-21T07:47:20.880590
O003216,P0042,W02,17,CANCELLED,2026-09-04T10:33:20.880590
O003217,P0078,W05,3,CANCELLED,2026-08-28T02:47:20.880590
O003218,P0100,W04,26,FULFILLED,2026-08-24T18:56:20.880590
O003219,P0047,W01,16,PROCESSING,2026-08-13T13:42:20.880590
O003220,P0082,W01,11,FULFILLED,2026-08-17T05:21:20.880590
O003221,P0062,W03,26,FULFILLED,2026-09-04T07:20:20.880590
O003222,P0063,W06,20,PROCESSING,2026-08-21T14:58:20.880590
O003223,P0025,W02,10,PLACED,2026-09-05T10:50:20.880590
O003224,P0068,W05,8,CANCELLED,2026-08-15T22:20:20.880590
O003225,P0090,W01,10,FULFILLED,2026-08-26T07:26:20.880590
O003226,P0019,W05,1,PLACED,2026-08-16T08:30:20.880590
O003227,P0083,W07,3,FULFILLED,2026-09-05T17:10:20.880590
O003228,P0100,W03,15,CANCELLED,2026-08-28T05:15:20.880590
O003229,P0021,W08,25,FULFILLED,2026-09-01T07:54:20.880590
O003230,P0036,W08,9,PROCESSING,2026-08-11T23:06:20.880590
O003231,P0059,W05,6,PROCESSING,2026-09-03T15:55:20.880590
O003232,P0003,W02,2,FULFILLED,2026-08-21T18:00:20.880590
O003233,P0062,W06,5,FULFILLED,2026-09-01T04:58:20.880590
O003234,P0071,W01,21,CANCELLED,2026-08-24T03:02:20.880590
O003235,P0042,W07,6,FULFILLED,2026-09-05T11:22:20.880590
O003236,P0098,W01,21,FULFILLED,2026-09-03T23:03:20.880590
O003237,P0073,W01,29,PLACED,2026-08-21T19:19:20.880590
O003238,P0064,W02,30,PLACED,2026-08-13T01:27:20.880590
O003239,P0020,W02,17,PROCESSING,2026-08-13T10:14:20.880590
O003240,P0012,W06,12,FULFILLED,2026-08-17T18:06:20.880590
O003241,P0053,W06,25,PLACED,2026-08-10T18:03:20.880590
O003242,P0052,W01,17,CANCELLED,2026-08-29T11:18:20.880590
O003243,P0051,W03,18,PLACED,2026-09-05T06:27:20.880590
O003244,P0058,W03,4,FULFILLED,2026-08-16T11:47:20.880590
O003245,P0031,W01,21,PLACED,2026-08-17T09:47:20.880590
O003246,P0083,W04,16,PLACED,2026-08-09T10:44:20.880590
O003247,P0029,W04,5,PROCESSING,2026-08-08T23:29:20.880590
O003248,P0041,W06,13,CANCELLED,2026-08-29T20:11:20.880590
O003249,P0066,W05,16,PLACED,2026-08-07T22:26:20.880590
O003250,P0071,W02,2,PROCESSING,2026-08-25T22:38:20.880590
O003251,P0005,W04,8,CANCELLED,2026-09-02T21:29:20.880590
O003252,P0045,W02,19,FULFILLED,2026-08-07T09:13:20.880590
O003253,P0022,W07,7,PROCESSING,2026-08-30T05:32:20.880590
O003254,P0001,W05,9,FULFILLED,2026-08-31T11:07:20.880590
O003255,P0050,W03,27,PROCESSING,2026-08-30T07:26:20.880590
O003256,P0033,W06,7,FULFILLED,2026-09-03T17:05:20.880590
O003257,P0051,W02,21,FULFILLED,2026-08-18T21:46:20.880590
O003258,P0004,W08,20,CANCELLED,2026-08-27T14:44:20.880590
O003259,P0024,W02,2,CANCELLED,2026-08-16T08:53:20.880590
O003260,P0096,W04,7,FULFILLED,2026-08-11T21:59:20.880590
O003261,P0076,W05,12,CANCELLED,2026-08-16T19:32:20.880590
O003262,P0083,W04,19,FULFILLED,2026-08-09T12:48:20.880590
O003263,P0066,W01,10,PLACED,2026-08-16T22:13:20.880590
O003264,P0024,W06,7,CANCELLED,2026-08-16T21:48:20.880590
O003265,P0093,W06,15,CANCELLED,2026-08-24T17:50:20.880590
O003266,P0097,W03,30,CANCELLED,2026-09-03T10:45:20.880590
O003267,P0072,W05,26,PROCESSING,2026-08-28T21:53:20.880590
O003268,P0079,W02,29,PLACED,2026-08-10T14:15:20.880590
O003269,P0080,W01,28,PLACED,2026-08-08T11:29:20.880590
O003270,P0001,W05,15,CANCELLED,2026-08-19T12:57:20.880590
O003271,P0021,W02,2,FULFILLED,2026-09-01T21:56:20.880590
O003272,P0083,W04,14,FULFILLED,2026-08-16T20:35:20.880590
O003273,P0036,W07,21,PLACED,2026-08-10T12:32:20.880590
O003274,P0099,W01,29,PLACED,2026-08-20T14:19:20.880590
O003275,P0019,W05,15,PROCESSING,2026-08-20T19:20:20.880590
O003276,P0082,W01,29,CANCELLED,2026-08-12T12:50:20.880590
O003277,P0002,W02,3,PROCESSING,2026-08-15T00:06:20.880590
O003278,P0075,W05,9,PLACED,2026-08-27T18:39:20.880590
O003279,P0062,W02,24,PROCESSING,2026-09-01T16:36:20.880590
O003280,P0009,W07,22,CANCELLED,2026-08-16T20:46:20.880590
O003281,P0005,W08,14,CANCELLED,2026-08-08T10:04:20.880590
O003282,P0023,W01,19,PLACED,2026-08-25T19:53:20.880590
O003283,P0009,W05,23,FULFILLED,2026-09-05T22:36:20.880590
O003284,P0026,W05,1,FULFILLED,2026-08-28T20:47:20.880590
O003285,P0031,W08,26,PLACED,2026-08-15T14:50:20.880590
O003286,P0006,W07,18,CANCELLED,2026-09-05T15:35:20.880590
O003287,P0092,W01,10,FULFILLED,2026-08-17T14:17:20.880590
O003288,P0077,W06,15,CANCELLED,2026-08-11T01:59:20.880590
O003289,P0021,W06,22,FULFILLED,2026-08-31T20:15:20.880590
O003290,P0070,W03,11,FULFILLED,2026-09-01T03:16:20.880590
O003291,P0023,W07,12,CANCELLED,2026-08-25T13:58:20.880590
O003292,P0099,W05,5,CANCELLED,2026-08-22T20:54:20.880590
O003293,P0053,W06,14,PLACED,2026-08-31T17:43:20.880590
O003294,P0033,W03,11,FULFILLED,2026-09-03T11:07:20.880590
O003295,P0060,W08,25,PROCESSING,2026-09-05T10:26:20.880590
O003296,P0044,W03,20,FULFILLED,2026-08-09T00:07:20.880590
O003297,P0081,W03,28,PROCESSING,2026-08-31T15:28:20.880590
O003298,P0089,W07,3,CANCELLED,2026-08-16T10:13:20.880590
O003299,P0065,W01,17,PLACED,2026-08-12T03:37:20.880590
O003300,P0001,W05,30,PROCESSING,2026-09-02T05:58:20.880590
O003301,P0088,W06,16,PLACED,2026-08-17T09:07:20.880590
O003302,P0094,W06,18,CANCELLED,2026-08-21T20:56:20.880590
O003303,P0085,W07,8,FULFILLED,2026-08-30T20:48:20.880590
O003304,P0089,W02,8,CANCELLED,2026-08-25T15:03:20.880590
O003305,P0089,W04,23,PLACED,2026-08-14T03:29:20.880590
O003306,P0014,W08,5,PLACED,2026-08-30T00:28:20.880590
O003307,P0031,W07,10,PROCESSING,2026-08-21T00:15:20.880590
O003308,P0082,W02,27,PROCESSING,2026-08-31T17:23:20.880590
O003309,P0003,W01,10,PLACED,2026-08-08T03:05:20.880590
O003310,P0024,W02,3,FULFILLED,2026-08-16T11:36:20.880590
O003311,P0016,W07,12,CANCELLED,2026-08-27T15:46:20.880590
O003312,P0090,W05,11,CANCELLED,2026-08-07T12:57:20.880590
O003313,P0027,W05,14,CANCELLED,2026-08-24T02:55:20.880590
O003314,P0079,W01,22,CANCELLED,2026-09-04T23:14:20.880590
O003315,P0064,W06,12,PLACED,2026-08-08T11:50:20.880590
O003316,P0090,W08,28,CANCELLED,2026-08-18T16:47:20.880590
O003317,P0099,W02,14,FULFILLED,2026-08-31T14:10:20.880590
O003318,P0004,W07,2,CANCELLED,2026-08-29T08:57:20.880590
O003319,P0061,W05,18,PLACED,2026-08-11T00:15:20.880590
O003320,P0032,W02,15,CANCELLED,2026-08-10T20:02:20.880590
O003321,P0031,W08,2,FULFILLED,2026-08-22T09:55:20.880590
O003322,P0071,W08,7,CANCELLED,2026-08-21T03:48:20.880590
O003323,P0002,W03,19,PLACED,2026-08-11T09:07:20.880590
O003324,P0057,W02,17,PROCESSING,2026-08-30T02:25:20.880590
O003325,P0036,W07,26,PLACED,2026-08-28T03:19:20.880590
O003326,P0075,W02,23,CANCELLED,2026-08-18T13:58:20.880590
O003327,P0058,W05,28,PROCESSING,2026-08-14T23:22:20.880590
O003328,P0038,W06,14,PLACED,2026-08-08T20:54:20.880590
O003329,P0010,W04,16,CANCELLED,2026-08-14T02:29:20.880590
O003330,P0001,W07,25,PROCESSING,2026-08-18T09:26:20.880590
O003331,P0006,W05,6,PROCESSING,2026-08-24T04:53:20.880590
O003332,P0088,W08,8,CANCELLED,2026-08-22T12:51:20.880590
O003333,P0013,W03,5,PROCESSING,2026-08-12T08:13:20.880590
O003334,P0073,W01,15,CANCELLED,2026-09-03T14:27:20.880590
O003335,P0090,W07,1,FULFILLED,2026-08-23T17:55:20.880590
O003336,P0070,W02,14,CANCELLED,2026-09-04T22:49:20.880590
O003337,P0036,W07,18,CANCELLED,2026-08-08T14:02:20.880590
O003338,P0009,W02,9,FULFILLED,2026-08-10T02:31:20.880590
O003339,P0052,W04,30,PROCESSING,2026-08-28T15:50:20.880590
O003340,P0004,W03,3,PROCESSING,2026-08-12T13:35:20.880590
O003341,P0058,W06,18,FULFILLED,2026-08-16T00:03:20.880590
O003342,P0009,W03,19,CANCELLED,2026-08-28T19:23:20.880590
O003343,P0072,W01,8,PROCESSING,2026-08-12T07:57:20.880590
O003344,P0039,W03,24,CANCELLED,2026-08-13T18:24:20.880590
O003345,P0048,W01,17,PLACED,2026-08-07T13:38:20.880590
O003346,P0068,W05,19,PLACED,2026-08-12T04:34:20.880590
O003347,P0018,W06,30,PROCESSING,2026-08-20T20:44:20.880590
O003348,P0028,W04,22,CANCELLED,2026-08-28T22:07:20.880590
O003349,P0062,W04,4,PROCESSING,2026-08-28T19:49:20.880590
O003350,P0071,W02,5,PROCESSING,2026-08-24T17:03:20.880590
O003351,P0019,W02,16,PLACED,2026-08-30T06:19:20.880590
O003352,P0022,W04,21,CANCELLED,2026-09-01T19:48:20.880590
O003353,P0047,W04,27,FULFILLED,2026-09-04T12:45:20.880590
O003354,P0008,W07,2,FULFILLED,2026-08-25T13:18:20.880590
O003355,P0004,W04,22,FULFILLED,2026-08-25T00:27:20.880590
O003356,P0058,W04,24,PROCESSING,2026-08-24T20:14:20.880590
O003357,P0079,W07,21,PROCESSING,2026-08-28T21:00:20.880590
O003358,P0077,W05,16,PLACED,2026-08-18T01:01:20.880590
O003359,P0077,W01,14,PLACED,2026-08-26T18:05:20.880590
O003360,P0011,W03,25,PLACED,2026-09-01T14:55:20.880590
O003361,P0036,W07,9,CANCELLED,2026-08-23T21:01:20.880590
O003362,P0044,W05,27,FULFILLED,2026-09-05T15:34:20.880590
O003363,P0061,W08,13,PROCESSING,2026-08-21T01:59:20.880590
O003364,P0044,W02,23,CANCELLED,2026-08-28T10:02:20.880590
O003365,P0069,W02,9,FULFILLED,2026-08-22T15:25:20.880590
O003366,P0037,W04,11,FULFILLED,2026-08-19T09:41:20.880590
O003367,P0073,W04,12,FULFILLED,2026-08-17T22:55:20.880590
O003368,P0043,W07,9,FULFILLED,2026-08-15T18:57:20.880590
O003369,P0055,W04,25,PROCESSING,2026-09-03T06:19:20.880590
O003370,P0025,W06,23,FULFILLED,2026-08-20T11:39:20.880590
O003371,P0060,W03,4,FULFILLED,2026-08-16T08:44:20.880590
O003372,P0032,W04,20,FULFILLED,2026-09-05T02:55:20.880590
O003373,P0083,W08,12,PROCESSING,2026-08-15T09:23:20.880590
O003374,P0062,W05,30,CANCELLED,2026-08-24T21:10:20.880590
O003375,P0044,W03,9,PLACED,2026-08-31T12:24:20.880590
O003376,P0016,W07,27,CANCELLED,2026-08-18T13:15:20.880590
O003377,P0009,W04,26,FULFILLED,2026-08-07T04:59:20.880590
O003378,P0059,W05,17,CANCELLED,2026-08-29T14:08:20.880590
O003379,P0035,W01,14,CANCELLED,2026-08-16T02:59:20.880590
O003380,P0014,W08,14,CANCELLED,2026-09-03T03:36:20.880590
O003381,P0016,W03,6,PLACED,2026-08-21T07:27:20.880590
O003382,P0098,W01,2,PLACED,2026-08-23T12:05:20.880590
O003383,P0014,W05,5,PLACED,2026-08-19T16:21:20.880590
O003384,P0027,W01,29,PLACED,2026-08-26T07:44:20.880590
O003385,P0015,W06,20,FULFILLED,2026-08-07T12:10:20.880590
O003386,P0056,W04,8,PROCESSING,2026-08-19T23:49:20.880590
O003387,P0078,W05,30,FULFILLED,2026-09-04T04:46:20.880590
O003388,P0020,W01,18,FULFILLED,2026-08-17T19:35:20.880590
O003389,P0022,W07,7,PLACED,2026-08-17T01:34:20.880590
O003390,P0012,W05,26,CANCELLED,2026-08-14T08:36:20.880590
O003391,P0013,W04,28,CANCELLED,2026-08-12T17:28:20.880590
O003392,P0031,W08,20,PROCESSING,2026-08-17T02:46:20.880590
O003393,P0029,W05,4,PLACED,2026-08-14T22:58:20.880590
O003394,P0086,W05,14,CANCELLED,2026-08-17T22:13:20.880590
O003395,P0028,W04,4,PLACED,2026-08-27T08:44:20.880590
O003396,P0092,W08,15,PROCESSING,2026-08-25T15:38:20.880590
O003397,P0079,W07,1,FULFILLED,2026-08-24T13:21:20.880590
O003398,P0087,W08,14,FULFILLED,2026-08-16T09:28:20.880590
O003399,P0003,W08,17,CANCELLED,2026-08-21T17:12:20.880590
O003400,P0078,W04,12,PROCESSING,2026-08-27T04:24:20.880590
O003401,P0077,W07,6,CANCELLED,2026-08-10T13:54:20.880590
O003402,P0028,W06,12,CANCELLED,2026-08-16T11:39:20.880590
O003403,P0032,W05,29,PROCESSING,2026-08-19T12:51:20.880590
O003404,P0077,W08,1,PROCESSING,2026-08-24T07:52:20.880590
O003405,P0090,W02,15,PLACED,2026-09-05T10:26:20.880590
O003406,P0074,W06,12,CANCELLED,2026-08-24T18:09:20.880590
O003407,P0063,W07,24,CANCELLED,2026-08-07T23:48:20.880590
O003408,P0012,W07,9,FULFILLED,2026-08-26T08:41:20.880590
O003409,P0035,W06,30,FULFILLED,2026-08-17T11:03:20.880590
O003410,P0021,W03,8,PROCESSING,2026-08-28T20:05:20.880590
O003411,P0049,W06,2,PROCESSING,2026-08-08T17:03:20.880590
O003412,P0091,W03,3,PLACED,2026-08-11T03:41:20.880590
O003413,P0011,W05,15,PROCESSING,2026-08-18T10:54:20.880590
O003414,P0019,W07,9,PROCESSING,2026-08-20T09:37:20.880590
O003415,P0053,W05,6,PLACED,2026-08-17T11:38:20.880590
O003416,P0012,W01,19,PROCESSING,2026-08-17T14:37:20.880590
O003417,P0071,W08,14,PROCESSING,2026-08-20T04:15:20.880590
O003418,P0003,W04,20,PLACED,2026-08-17T19:27:20.880590
O003419,P0099,W02,9,PROCESSING,2026-08-10T03:00:20.880590
O003420,P0016,W08,18,FULFILLED,2026-08-31T08:38:20.880590
O003421,P0020,W03,8,PLACED,2026-08-15T04:50:20.880590
O003422,P0022,W05,17,PLACED,2026-08-21T20:55:20.880590
O003423,P0065,W01,13,PROCESSING,2026-08-29T20:32:20.880590
O003424,P0007,W08,5,PROCESSING,2026-08-14T15:49:20.880590
O003425,P0078,W06,19,FULFILLED,2026-08-18T01:39:20.880590
O003426,P0032,W08,6,PLACED,2026-08-28T02:29:20.880590
O003427,P0021,W01,3,CANCELLED,2026-08-18T08:32:20.880590
O003428,P0001,W05,15,CANCELLED,2026-08-13T05:51:20.880590
O003429,P0071,W07,29,CANCELLED,2026-08-25T00:52:20.880590
O003430,P0067,W06,26,CANCELLED,2026-09-05T12:29:20.880590
O003431,P0068,W07,6,CANCELLED,2026-08-18T12:02:20.880590
O003432,P0005,W04,3,FULFILLED,2026-08-12T19:18:20.880590
O003433,P0015,W07,13,CANCELLED,2026-08-20T15:23:20.880590
O003434,P0048,W01,11,CANCELLED,2026-08-20T16:34:20.880590
O003435,P0097,W01,7,CANCELLED,2026-08-16T02:27:20.880590
O003436,P0097,W03,15,PROCESSING,2026-09-05T02:46:20.880590
O003437,P0039,W07,8,PROCESSING,2026-09-05T14:22:20.880590
O003438,P0030,W08,9,CANCELLED,2026-08-07T19:18:20.880590
O003439,P0060,W08,12,PROCESSING,2026-08-25T05:29:20.880590
O003440,P0017,W07,2,PROCESSING,2026-08-28T03:27:20.880590
O003441,P0082,W02,10,FULFILLED,2026-08-13T16:22:20.880590
O003442,P0045,W08,30,CANCELLED,2026-08-09T11:26:20.880590
O003443,P0056,W02,20,FULFILLED,2026-09-05T19:08:20.880590
O003444,P0066,W08,2,CANCELLED,2026-08-23T04:55:20.880590
O003445,P0046,W06,7,FULFILLED,2026-08-10T03:25:20.880590
O003446,P0022,W01,4,PROCESSING,2026-08-30T02:53:20.880590
O003447,P0035,W01,1,PROCESSING,2026-09-01T14:49:20.880590
O003448,P0067,W06,1,CANCELLED,2026-09-04T18:16:20.880590
O003449,P0043,W08,12,FULFILLED,2026-08-25T10:03:20.880590
O003450,P0048,W01,26,PLACED,2026-08-20T00:37:20.880590
O003451,P0098,W08,14,PLACED,2026-08-27T00:15:20.880590
O003452,P0094,W02,5,CANCELLED,2026-08-31T23:58:20.880590
O003453,P0085,W08,24,FULFILLED,2026-08-22T02:01:20.880590
O003454,P0019,W04,3,CANCELLED,2026-08-13T14:39:20.880590
O003455,P0051,W04,2,PLACED,2026-08-19T14:37:20.880590
O003456,P0002,W03,7,CANCELLED,2026-08-20T20:16:20.880590
O003457,P0025,W07,26,PROCESSING,2026-09-01T23:14:20.880590
O003458,P0071,W05,30,PROCESSING,2026-08-26T11:43:20.880590
O003459,P0009,W03,28,PLACED,2026-08-07T02:02:20.880590
O003460,P0094,W08,26,PLACED,2026-08-19T03:25:20.880590
O003461,P0060,W03,30,CANCELLED,2026-08-17T00:43:20.880590
O003462,P0011,W08,26,FULFILLED,2026-08-12T06:11:20.880590
O003463,P0094,W06,28,CANCELLED,2026-09-04T03:07:20.880590
O003464,P0074,W06,21,FULFILLED,2026-08-18T19:18:20.880590
O003465,P0020,W05,26,PROCESSING,2026-08-31T00:43:20.880590
O003466,P0003,W07,16,FULFILLED,2026-08-17T08:29:20.880590
O003467,P0066,W05,16,CANCELLED,2026-08-21T23:50:20.880590
O003468,P0076,W05,26,FULFILLED,2026-08-09T09:26:20.880590
O003469,P0019,W04,28,PROCESSING,2026-08-11T21:44:20.880590
O003470,P0060,W03,30,PLACED,2026-08-18T09:06:20.880590
O003471,P0065,W06,14,CANCELLED,2026-08-31T17:39:20.880590
O003472,P0073,W06,10,PLACED,2026-08-26T03:23:20.880590
O003473,P0021,W08,30,PLACED,2026-08-18T02:17:20.880590
O003474,P0008,W07,13,CANCELLED,2026-08-21T08:20:20.880590
O003475,P0054,W08,1,FULFILLED,2026-08-14T01:40:20.880590
O003476,P0016,W05,8,CANCELLED,2026-08-23T21:58:20.880590
O003477,P0051,W04,13,CANCELLED,2026-08-29T10:39:20.880590
O003478,P0037,W04,20,PROCESSING,2026-08-17T18:13:20.880590
O003479,P0021,W06,19,CANCELLED,2026-08-22T08:32:20.880590
O003480,P0013,W02,3,PLACED,2026-08-10T19:56:20.880590
O003481,P0070,W07,16,PLACED,2026-08-13T21:18:20.880590
O003482,P0020,W01,1,CANCELLED,2026-09-05T13:10:20.880590
O003483,P0005,W03,10,FULFILLED,2026-08-15T03:22:20.880590
O003484,P0086,W02,2,PROCESSING,2026-08-23T07:37:20.880590
O003485,P0043,W02,2,PLACED,2026-08-21T03:45:20.880590
O003486,P0079,W01,27,PROCESSING,2026-08-08T20:34:20.880590
O003487,P0051,W08,4,FULFILLED,2026-08-14T19:01:20.880590
O003488,P0038,W02,27,FULFILLED,2026-09-03T01:32:20.880590
O003489,P0009,W08,20,FULFILLED,2026-08-13T08:49:20.880590
O003490,P0083,W02,16,PROCESSING,2026-08-14T05:19:20.880590
O003491,P0005,W07,28,FULFILLED,2026-08-19T23:17:20.880590
O003492,P0089,W08,26,CANCELLED,2026-08-14T11:14:20.880590
O003493,P0066,W05,10,CANCELLED,2026-08-23T09:16:20.880590
O003494,P0031,W05,22,FULFILLED,2026-08-26T01:57:20.880590
O003495,P0031,W08,5,PROCESSING,2026-08-16T15:23:20.880590
O003496,P0011,W01,19,PLACED,2026-08-08T17:36:20.880590
O003497,P0014,W08,5,PROCESSING,2026-08-13T18:43:20.880590
O003498,P0037,W06,23,FULFILLED,2026-08-10T09:38:20.880590
O003499,P0031,W08,14,CANCELLED,2026-09-02T10:08:20.880590
O003500,P0083,W05,30,PROCESSING,2026-08-12T15:20:20.880590
O003501,P0084,W01,12,PROCESSING,2026-08-28T14:18:20.880590
O003502,P0025,W06,3,PLACED,2026-08-24T20:16:20.880590
O003503,P0033,W07,6,CANCELLED,2026-08-08T11:41:20.880590
O003504,P0085,W07,26,FULFILLED,2026-08-28T03:41:20.880590
O003505,P0018,W06,24,CANCELLED,2026-08-27T12:30:20.880590
O003506,P0041,W03,1,PROCESSING,2026-09-06T00:34:20.880590
O003507,P0054,W02,16,FULFILLED,2026-08-18T11:08:20.880590
O003508,P0006,W03,8,CANCELLED,2026-08-13T19:15:20.880590
O003509,P0026,W03,14,PLACED,2026-08-19T16:54:20.880590
O003510,P0081,W06,23,FULFILLED,2026-08-07T11:29:20.880590
O003511,P0048,W06,1,PLACED,2026-09-04T01:01:20.880590
O003512,P0099,W04,7,PROCESSING,2026-08-29T00:45:20.880590
O003513,P0088,W05,17,CANCELLED,2026-08-22T04:36:20.880590
O003514,P0076,W04,14,PLACED,2026-08-31T02:56:20.880590
O003515,P0093,W05,18,CANCELLED,2026-08-27T18:20:20.880590
O003516,P0037,W06,1,CANCELLED,2026-08-09T02:02:20.880590
O003517,P0081,W02,16,CANCELLED,2026-09-02T21:06:20.880590
O003518,P0078,W04,30,FULFILLED,2026-08-28T03:43:20.880590
O003519,P0029,W08,9,FULFILLED,2026-09-02T22:49:20.880590
O003520,P0005,W04,22,FULFILLED,2026-09-05T17:38:20.880590
O003521,P0034,W01,17,PROCESSING,2026-08-25T00:39:20.880590
O003522,P0029,W08,8,CANCELLED,2026-08-08T21:42:20.880590
O003523,P0056,W01,3,FULFILLED,2026-08-07T03:52:20.880590
O003524,P0070,W07,1,FULFILLED,2026-08-31T10:03:20.880590
O003525,P0085,W01,16,PROCESSING,2026-09-03T09:02:20.880590
O003526,P0085,W05,25,PLACED,2026-08-31T08:47:20.880590
O003527,P0050,W06,6,PROCESSING,2026-08-17T17:55:20.880590
O003528,P0088,W07,3,FULFILLED,2026-08-07T16:56:20.880590
O003529,P0032,W08,1,PLACED,2026-09-05T11:56:20.880590
O003530,P0096,W05,6,FULFILLED,2026-08-12T23:16:20.880590
O003531,P0054,W03,29,CANCELLED,2026-08-18T18:13:20.880590
O003532,P0094,W03,12,PLACED,2026-08-16T08:20:20.880590
O003533,P0040,W02,3,PROCESSING,2026-08-20T04:50:20.880590
O003534,P0001,W04,3,FULFILLED,2026-08-12T14:03:20.880590
O003535,P0015,W08,11,PLACED,2026-08-15T04:54:20.880590
O003536,P0099,W08,17,PLACED,2026-08-29T20:03:20.880590
O003537,P0086,W05,26,PLACED,2026-08-28T23:03:20.880590
O003538,P0012,W06,6,CANCELLED,2026-08-23T06:32:20.880590
O003539,P0070,W05,24,PLACED,2026-08-15T16:10:20.880590
O003540,P0099,W02,3,PROCESSING,2026-09-04T06:59:20.880590
O003541,P0044,W03,17,PROCESSING,2026-08-13T16:40:20.880590
O003542,P0097,W06,1,FULFILLED,2026-08-28T20:16:20.880590
O003543,P0097,W07,4,CANCELLED,2026-08-24T18:36:20.880590
O003544,P0022,W04,20,CANCELLED,2026-08-16T17:22:20.880590
O003545,P0096,W02,24,PROCESSING,2026-09-02T17:52:20.880590
O003546,P0100,W08,18,CANCELLED,2026-09-05T23:03:20.880590
O003547,P0042,W06,7,PLACED,2026-08-24T16:25:20.880590
O003548,P0058,W04,1,FULFILLED,2026-08-08T17:09:20.880590
O003549,P0086,W06,21,FULFILLED,2026-08-07T20:07:20.880590
O003550,P0096,W01,11,CANCELLED,2026-08-25T23:17:20.880590
O003551,P0018,W02,20,PLACED,2026-08-10T22:30:20.880590
O003552,P0018,W08,16,FULFILLED,2026-09-03T01:00:20.880590
O003553,P0080,W01,26,FULFILLED,2026-08-12T12:13:20.880590
O003554,P0040,W07,10,PLACED,2026-08-18T06:09:20.880590
O003555,P0008,W05,22,PROCESSING,2026-08-11T21:49:20.880590
O003556,P0049,W03,9,FULFILLED,2026-08-18T19:31:20.880590
O003557,P0010,W06,3,CANCELLED,2026-08-25T19:27:20.880590
O003558,P0095,W05,14,PLACED,2026-08-21T02:15:20.880590
O003559,P0037,W06,6,PLACED,2026-08-08T05:58:20.880590
O003560,P0068,W02,12,PLACED,2026-08-13T07:31:20.880590
O003561,P0034,W06,11,PLACED,2026-08-11T09:21:20.880590
O003562,P0074,W04,19,PLACED,2026-08-15T08:53:20.880590
O003563,P0007,W05,10,PLACED,2026-08-17T14:17:20.880590
O003564,P0074,W05,30,FULFILLED,2026-09-01T01:00:20.880590
O003565,P0052,W01,10,CANCELLED,2026-08-11T15:07:20.880590
O003566,P0085,W06,9,PLACED,2026-08-11T06:57:20.880590
O003567,P0009,W02,19,PLACED,2026-08-13T06:56:20.880590
O003568,P0062,W01,16,FULFILLED,2026-08-11T22:06:20.880590
O003569,P0070,W02,9,PROCESSING,2026-08-25T12:51:20.880590
O003570,P0072,W04,3,FULFILLED,2026-09-02T22:47:20.880590
O003571,P0024,W02,21,PLACED,2026-08-14T17:19:20.880590
O003572,P0028,W03,6,PROCESSING,2026-08-28T11:07:20.880590
O003573,P0001,W05,19,PROCESSING,2026-08-25T14:57:20.880590
O003574,P0071,W04,2,CANCELLED,2026-08-29T11:31:20.880590
O003575,P0079,W07,7,FULFILLED,2026-08-16T15:53:20.880590
O003576,P0018,W07,19,CANCELLED,2026-08-22T17:26:20.880590
O003577,P0037,W05,8,PLACED,2026-09-02T09:06:20.880590
O003578,P0033,W08,1,PLACED,2026-08-26T04:24:20.880590
O003579,P0076,W04,24,FULFILLED,2026-08-25T12:22:20.880590
O003580,P0074,W03,27,PLACED,2026-08-12T21:26:20.880590
O003581,P0017,W01,8,PROCESSING,2026-08-18T09:09:20.880590
O003582,P0094,W02,22,CANCELLED,2026-08-09T04:16:20.880590
O003583,P0028,W05,4,PLACED,2026-08-13T02:38:20.880590
O003584,P0027,W02,27,PLACED,2026-09-05T17:24:20.880590
O003585,P0014,W06,7,CANCELLED,2026-08-25T20:54:20.880590
O003586,P0019,W02,28,FULFILLED,2026-08-13T15:07:20.880590
O003587,P0053,W07,22,FULFILLED,2026-08-21T20:31:20.880590
O003588,P0085,W04,28,PROCESSING,2026-08-27T05:44:20.880590
O003589,P0050,W06,7,PROCESSING,2026-08-16T11:16:20.880590
O003590,P0063,W05,14,PLACED,2026-08-29T08:31:20.880590
O003591,P0001,W07,15,PROCESSING,2026-08-18T12:47:20.880590
O003592,P0008,W08,17,FULFILLED,2026-08-09T20:29:20.880590
O003593,P0053,W02,29,FULFILLED,2026-08-16T08:03:20.880590
O003594,P0037,W05,6,CANCELLED,2026-08-13T11:05:20.880590
O003595,P0061,W02,19,CANCELLED,2026-08-07T16:27:20.880590
O003596,P0039,W04,15,PROCESSING,2026-08-22T21:21:20.880590
O003597,P0062,W07,9,PROCESSING,2026-08-19T14:27:20.880590
O003598,P0029,W08,29,PROCESSING,2026-08-28T22:05:20.880590
O003599,P0100,W04,21,CANCELLED,2026-08-07T20:08:20.880590
O003600,P0029,W03,4,FULFILLED,2026-08-24T13:28:20.880590
O003601,P0067,W05,23,PLACED,2026-08-23T22:27:20.880590
O003602,P0085,W05,24,CANCELLED,2026-08-19T10:18:20.880590
O003603,P0009,W02,8,FULFILLED,2026-08-07T23:35:20.880590
O003604,P0032,W03,21,CANCELLED,2026-08-18T12:46:20.880590
O003605,P0001,W03,1,FULFILLED,2026-08-31T02:29:20.880590
O003606,P0054,W06,1,CANCELLED,2026-09-01T06:23:20.880590
O003607,P0024,W02,24,FULFILLED,2026-08-15T20:40:20.880590
O003608,P0033,W05,19,PROCESSING,2026-08-26T09:27:20.880590
O003609,P0052,W06,4,CANCELLED,2026-09-04T16:17:20.880590
O003610,P0080,W04,29,PROCESSING,2026-08-28T12:48:20.880590
O003611,P0006,W06,12,CANCELLED,2026-08-21T20:05:20.880590
O003612,P0069,W06,16,PROCESSING,2026-08-18T00:50:20.880590
O003613,P0072,W01,23,PLACED,2026-08-26T15:59:20.880590
O003614,P0073,W03,8,CANCELLED,2026-08-11T18:07:20.880590
O003615,P0027,W08,14,PLACED,2026-08-09T01:20:20.880590
O003616,P0088,W08,23,PROCESSING,2026-08-11T17:29:20.880590
O003617,P0095,W04,7,FULFILLED,2026-08-17T02:30:20.880590
O003618,P0005,W05,1,CANCELLED,2026-08-11T11:12:20.880590
O003619,P0036,W08,29,PROCESSING,2026-08-12T12:47:20.880590
O003620,P0044,W04,20,PLACED,2026-08-11T07:31:20.880590
O003621,P0033,W04,2,CANCELLED,2026-08-11T07:33:20.880590
O003622,P0070,W03,22,PLACED,2026-08-19T16:03:20.880590
O003623,P0028,W07,29,FULFILLED,2026-08-29T08:08:20.880590
O003624,P0012,W04,30,FULFILLED,2026-08-11T14:44:20.880590
O003625,P0055,W06,30,FULFILLED,2026-08-07T01:31:20.880590
O003626,P0072,W03,1,PLACED,2026-08-27T15:30:20.880590
O003627,P0074,W01,22,FULFILLED,2026-09-04T14:29:20.880590
O003628,P0023,W03,8,PLACED,2026-08-15T19:43:20.880590
O003629,P0026,W04,7,PROCESSING,2026-08-15T05:21:20.880590
O003630,P0059,W01,22,CANCELLED,2026-08-20T11:38:20.880590
O003631,P0080,W03,2,PLACED,2026-08-17T07:51:20.880590
O003632,P0047,W05,27,CANCELLED,2026-08-16T08:25:20.880590
O003633,P0089,W02,27,PROCESSING,2026-08-14T01:32:20.880590
O003634,P0049,W01,6,FULFILLED,2026-08-28T14:51:20.880590
O003635,P0069,W03,22,CANCELLED,2026-08-08T15:47:20.880590
O003636,P0011,W03,7,PLACED,2026-08-11T23:57:20.880590
O003637,P0054,W02,14,PROCESSING,2026-08-14T01:20:20.880590
O003638,P0035,W06,29,CANCELLED,2026-08-14T14:56:20.880590
O003639,P0077,W04,15,CANCELLED,2026-08-14T05:20:20.880590
O003640,P0079,W08,9,FULFILLED,2026-08-14T21:26:20.880590
O003641,P0078,W04,30,PLACED,2026-08-18T21:39:20.880590
O003642,P0052,W05,13,CANCELLED,2026-08-15T23:47:20.880590
O003643,P0075,W02,26,PROCESSING,2026-08-11T04:50:20.880590
O003644,P0030,W02,18,CANCELLED,2026-08-09T12:10:20.880590
O003645,P0084,W03,2,PROCESSING,2026-08-25T00:25:20.880590
O003646,P0030,W03,8,PLACED,2026-08-31T14:10:20.880590
O003647,P0078,W02,8,PLACED,2026-08-30T04:44:20.880590
O003648,P0068,W02,9,FULFILLED,2026-08-22T11:49:20.880590
O003649,P0071,W03,27,PROCESSING,2026-08-22T04:07:20.880590
O003650,P0055,W08,28,PROCESSING,2026-08-09T01:29:20.880590
O003651,P0029,W02,17,PROCESSING,2026-08-13T10:01:20.880590
O003652,P0057,W02,14,PLACED,2026-09-04T11:54:20.880590
O003653,P0059,W03,22,FULFILLED,2026-08-21T16:57:20.880590
O003654,P0004,W01,25,PLACED,2026-08-22T10:15:20.880590
O003655,P0100,W01,28,PLACED,2026-08-08T07:15:20.880590
O003656,P0042,W03,25,PLACED,2026-08-10T20:46:20.880590
O003657,P0089,W04,16,PLACED,2026-08-10T19:40:20.880590
O003658,P0069,W06,2,PLACED,2026-08-27T00:53:20.880590
O003659,P0046,W06,13,PLACED,2026-08-13T21:00:20.880590
O003660,P0083,W05,25,FULFILLED,2026-08-29T23:56:20.880590
O003661,P0021,W02,18,PROCESSING,2026-08-18T22:17:20.880590
O003662,P0086,W08,10,CANCELLED,2026-09-03T09:09:20.880590
O003663,P0099,W02,5,PROCESSING,2026-08-30T19:49:20.880590
O003664,P0065,W01,11,CANCELLED,2026-08-20T05:03:20.880590
O003665,P0006,W07,15,PLACED,2026-08-28T09:33:20.880590
O003666,P0077,W01,1,FULFILLED,2026-08-09T01:38:20.880590
O003667,P0049,W06,21,FULFILLED,2026-08-18T05:41:20.880590
O003668,P0047,W05,17,PROCESSING,2026-08-11T02:17:20.880590
O003669,P0049,W02,8,CANCELLED,2026-08-25T11:59:20.880590
O003670,P0035,W04,11,FULFILLED,2026-08-13T20:27:20.880590
O003671,P0047,W05,27,PROCESSING,2026-08-09T06:56:20.880590
O003672,P0049,W01,18,PLACED,2026-09-02T07:27:20.880590
O003673,P0061,W01,14,PROCESSING,2026-09-04T12:06:20.880590
O003674,P0053,W08,20,FULFILLED,2026-08-17T23:59:20.880590
O003675,P0099,W03,5,PLACED,2026-08-07T19:58:20.880590
O003676,P0035,W01,30,PLACED,2026-08-09T19:43:20.880590
O003677,P0033,W02,29,PLACED,2026-08-24T21:13:20.880590
O003678,P0081,W05,28,PROCESSING,2026-08-18T23:09:20.880590
O003679,P0061,W08,29,PROCESSING,2026-08-31T23:24:20.880590
O003680,P0025,W07,23,PROCESSING,2026-08-30T12:39:20.880590
O003681,P0083,W02,13,FULFILLED,2026-08-31T02:29:20.880590
O003682,P0020,W02,5,CANCELLED,2026-08-18T01:59:20.880590
O003683,P0087,W05,24,PROCESSING,2026-09-04T05:36:20.880590
O003684,P0074,W05,14,FULFILLED,2026-08-30T19:16:20.880590
O003685,P0003,W04,29,CANCELLED,2026-08-14T06:38:20.880590
O003686,P0048,W07,7,PLACED,2026-08-12T23:58:20.880590
O003687,P0100,W05,3,CANCELLED,2026-08-21T03:33:20.880590
O003688,P0050,W05,21,CANCELLED,2026-08-08T21:57:20.880590
O003689,P0046,W06,25,FULFILLED,2026-08-14T04:32:20.880590
O003690,P0024,W07,26,PROCESSING,2026-08-08T23:38:20.880590
O003691,P0044,W03,10,PROCESSING,2026-08-23T20:30:20.880590
O003692,P0086,W02,16,CANCELLED,2026-08-08T02:49:20.880590
O003693,P0053,W05,28,FULFILLED,2026-08-21T01:32:20.880590
O003694,P0074,W01,25,PROCESSING,2026-08-30T09:43:20.880590
O003695,P0048,W04,18,PROCESSING,2026-08-12T00:26:20.880590
O003696,P0043,W03,15,PLACED,2026-08-19T14:15:20.880590
O003697,P0005,W05,22,PLACED,2026-08-22T12:42:20.880590
O003698,P0031,W04,30,PROCESSING,2026-08-20T07:40:20.880590
O003699,P0098,W06,7,FULFILLED,2026-08-16T13:37:20.880590
O003700,P0041,W02,13,PROCESSING,2026-09-02T18:42:20.880590
O003701,P0014,W02,4,CANCELLED,2026-08-13T11:52:20.880590
O003702,P0060,W02,18,PLACED,2026-08-31T00:10:20.880590
O003703,P0026,W04,19,PLACED,2026-09-03T15:49:20.880590
O003704,P0087,W04,16,PROCESSING,2026-09-04T18:29:20.880590
O003705,P0052,W06,8,PLACED,2026-08-13T04:33:20.880590
O003706,P0005,W02,3,CANCELLED,2026-08-25T13:35:20.880590
O003707,P0050,W02,15,CANCELLED,2026-08-21T23:04:20.880590
O003708,P0093,W01,1,PROCESSING,2026-09-01T04:56:20.880590
O003709,P0004,W01,19,PLACED,2026-08-16T13:22:20.880590
O003710,P0100,W07,4,PROCESSING,2026-08-22T06:52:20.880590
O003711,P0068,W01,8,CANCELLED,2026-09-03T05:42:20.880590
O003712,P0061,W08,9,FULFILLED,2026-08-22T06:04:20.880590
O003713,P0016,W07,30,PLACED,2026-09-03T04:29:20.880590
O003714,P0088,W04,13,FULFILLED,2026-09-04T07:46:20.880590
O003715,P0045,W03,29,PLACED,2026-09-03T19:25:20.880590
O003716,P0040,W02,26,PLACED,2026-08-10T12:42:20.880590
O003717,P0082,W05,4,FULFILLED,2026-08-30T23:54:20.880590
O003718,P0030,W07,17,CANCELLED,2026-08-17T08:05:20.880590
O003719,P0004,W03,25,CANCELLED,2026-08-22T16:00:20.880590
O003720,P0022,W03,7,PROCESSING,2026-08-15T22:05:20.880590
O003721,P0031,W08,9,FULFILLED,2026-08-10T09:41:20.880590
O003722,P0054,W02,3,FULFILLED,2026-08-22T10:16:20.880590
O003723,P0090,W05,5,CANCELLED,2026-08-08T17:15:20.880590
O003724,P0047,W01,25,FULFILLED,2026-08-09T00:13:20.880590
O003725,P0064,W07,14,CANCELLED,2026-08-17T20:59:20.880590
O003726,P0067,W02,4,PROCESSING,2026-08-09T04:03:20.880590
O003727,P0100,W01,2,PROCESSING,2026-08-26T11:17:20.880590
O003728,P0067,W04,12,CANCELLED,2026-08-09T13:54:20.880590
O003729,P0078,W02,27,PLACED,2026-08-25T03:57:20.880590
O003730,P0020,W08,3,FULFILLED,2026-08-24T15:20:20.880590
O003731,P0013,W03,25,PROCESSING,2026-08-16T17:54:20.880590
O003732,P0044,W06,2,CANCELLED,2026-08-18T14:52:20.880590
O003733,P0071,W03,14,PLACED,2026-08-30T05:27:20.880590
O003734,P0081,W08,14,PROCESSING,2026-08-29T03:35:20.880590
O003735,P0027,W05,10,PLACED,2026-09-04T07:54:20.880590
O003736,P0031,W05,29,PLACED,2026-08-12T07:55:20.880590
O003737,P0058,W04,11,FULFILLED,2026-08-31T01:55:20.880590
O003738,P0062,W03,14,PLACED,2026-08-17T20:44:20.880590
O003739,P0030,W06,20,PLACED,2026-08-16T16:56:20.880590
O003740,P0014,W06,15,PLACED,2026-08-09T11:44:20.880590
O003741,P0007,W06,19,PLACED,2026-09-03T14:58:20.880590
O003742,P0037,W03,30,PLACED,2026-08-20T05:27:20.880590
O003743,P0033,W03,13,CANCELLED,2026-08-27T16:19:20.880590
O003744,P0074,W07,28,FULFILLED,2026-09-04T11:31:20.880590
O003745,P0083,W08,3,FULFILLED,2026-09-01T05:06:20.880590
O003746,P0069,W06,19,CANCELLED,2026-08-13T15:59:20.880590
O003747,P0073,W04,5,FULFILLED,2026-09-05T00:56:20.880590
O003748,P0014,W05,1,FULFILLED,2026-09-01T18:55:20.880590
O003749,P0080,W04,6,PROCESSING,2026-09-01T23:26:20.880590
O003750,P0024,W04,10,PROCESSING,2026-08-11T23:46:20.880590
O003751,P0052,W01,14,PLACED,2026-08-26T14:57:20.880590
O003752,P0061,W03,13,PLACED,2026-09-01T10:48:20.880590
O003753,P0098,W07,29,PLACED,2026-08-27T20:46:20.880590
O003754,P0057,W03,24,PROCESSING,2026-09-05T06:34:20.880590
O003755,P0072,W04,17,PROCESSING,2026-08-21T03:28:20.880590
O003756,P0086,W06,21,PROCESSING,2026-08-21T21:15:20.880590
O003757,P0018,W01,27,FULFILLED,2026-08-30T17:37:20.880590
O003758,P0045,W07,29,PLACED,2026-08-07T04:46:20.880590
O003759,P0089,W07,11,PLACED,2026-08-13T13:01:20.880590
O003760,P0019,W07,19,FULFILLED,2026-09-01T01:20:20.880590
O003761,P0087,W03,14,FULFILLED,2026-08-31T20:09:20.880590
O003762,P0071,W07,19,CANCELLED,2026-08-11T07:32:20.880590
O003763,P0053,W02,30,PROCESSING,2026-08-22T17:56:20.880590
O003764,P0072,W08,26,CANCELLED,2026-08-07T17:43:20.880590
O003765,P0087,W03,25,PROCESSING,2026-08-11T12:44:20.880590
O003766,P0041,W06,30,PLACED,2026-08-31T02:41:20.880590
O003767,P0025,W05,13,PROCESSING,2026-08-18T12:35:20.880590
O003768,P0076,W05,28,FULFILLED,2026-08-18T00:13:20.880590
O003769,P0006,W01,27,PROCESSING,2026-09-04T13:13:20.880590
O003770,P0097,W04,1,PLACED,2026-08-28T19:58:20.880590
O003771,P0056,W07,30,CANCELLED,2026-08-30T10:43:20.880590
O003772,P0008,W02,27,CANCELLED,2026-08-09T21:47:20.880590
O003773,P0026,W02,3,PROCESSING,2026-08-29T23:48:20.880590
O003774,P0043,W01,2,PLACED,2026-09-03T21:45:20.880590
O003775,P0068,W01,20,FULFILLED,2026-08-24T03:13:20.880590
O003776,P0038,W02,28,FULFILLED,2026-08-10T16:54:20.880590
O003777,P0059,W07,25,PROCESSING,2026-08-09T12:45:20.880590
O003778,P0067,W04,28,CANCELLED,2026-09-04T17:02:20.880590
O003779,P0053,W03,2,FULFILLED,2026-09-05T06:43:20.880590
O003780,P0082,W05,9,PLACED,2026-08-17T02:16:20.880590
O003781,P0057,W08,20,FULFILLED,2026-08-29T14:22:20.880590
O003782,P0021,W01,23,CANCELLED,2026-08-24T20:12:20.880590
O003783,P0093,W07,25,CANCELLED,2026-08-13T10:02:20.880590
O003784,P0077,W03,12,PLACED,2026-08-12T23:26:20.880590
O003785,P0012,W08,24,CANCELLED,2026-09-01T08:07:20.880590
O003786,P0007,W03,19,PLACED,2026-08-24T13:21:20.880590
O003787,P0003,W07,30,FULFILLED,2026-08-19T01:16:20.880590
O003788,P0025,W04,7,CANCELLED,2026-08-10T02:46:20.880590
O003789,P0012,W03,30,FULFILLED,2026-08-17T14:56:20.880590
O003790,P0092,W03,7,FULFILLED,2026-08-23T08:18:20.880590
O003791,P0014,W08,18,PLACED,2026-08-25T07:45:20.880590
O003792,P0002,W04,28,PROCESSING,2026-08-28T04:30:20.880590
O003793,P0011,W03,1,CANCELLED,2026-08-11T16:27:20.880590
O003794,P0029,W07,8,FULFILLED,2026-08-12T04:25:20.880590
O003795,P0060,W08,18,FULFILLED,2026-08-13T01:59:20.880590
O003796,P0016,W04,7,CANCELLED,2026-08-24T04:05:20.880590
O003797,P0086,W05,10,FULFILLED,2026-08-10T10:36:20.880590
O003798,P0007,W03,28,FULFILLED,2026-09-03T00:38:20.880590
O003799,P0019,W07,10,PLACED,2026-08-09T05:36:20.880590
O003800,P0056,W05,10,PLACED,2026-08-11T08:39:20.880590
O003801,P0058,W04,22,FULFILLED,2026-08-17T19:44:20.880590
O003802,P0051,W08,18,PLACED,2026-08-11T16:24:20.880590
O003803,P0060,W08,22,PROCESSING,2026-08-13T12:16:20.880590
O003804,P0010,W01,27,PROCESSING,2026-08-15T13:17:20.880590
O003805,P0012,W08,29,PROCESSING,2026-09-05T03:26:20.880590
O003806,P0081,W04,9,CANCELLED,2026-08-11T17:11:20.880590
O003807,P0074,W06,24,CANCELLED,2026-08-14T20:52:20.880590
O003808,P0057,W04,25,CANCELLED,2026-09-03T15:52:20.880590
O003809,P0070,W04,29,PLACED,2026-08-17T14:25:20.880590
O003810,P0023,W06,14,PLACED,2026-08-30T12:15:20.880590
O003811,P0030,W08,24,PLACED,2026-08-22T11:07:20.880590
O003812,P0090,W07,13,PLACED,2026-08-29T11:42:20.880590
O003813,P0062,W01,13,CANCELLED,2026-08-27T16:50:20.880590
O003814,P0052,W03,28,PLACED,2026-08-17T19:08:20.880590
O003815,P0098,W01,13,PROCESSING,2026-08-23T16:11:20.880590
O003816,P0085,W03,6,PROCESSING,2026-08-10T21:33:20.880590
O003817,P0045,W06,22,PROCESSING,2026-09-04T16:38:20.880590
O003818,P0051,W06,1,FULFILLED,2026-08-10T23:33:20.880590
O003819,P0058,W02,22,FULFILLED,2026-08-31T14:13:20.880590
O003820,P0073,W03,24,PLACED,2026-08-25T11:42:20.880590
O003821,P0084,W03,3,PROCESSING,2026-08-30T20:29:20.880590
O003822,P0073,W07,15,PLACED,2026-08-21T23:00:20.880590
O003823,P0076,W05,8,CANCELLED,2026-09-01T10:23:20.880590
O003824,P0078,W05,26,PLACED,2026-09-04T10:22:20.880590
O003825,P0017,W01,28,FULFILLED,2026-08-14T06:21:20.880590
O003826,P0078,W04,22,CANCELLED,2026-08-08T14:27:20.880590
O003827,P0092,W05,17,FULFILLED,2026-09-03T06:50:20.880590
O003828,P0017,W05,29,FULFILLED,2026-09-05T13:36:20.880590
O003829,P0066,W02,21,PLACED,2026-09-03T19:24:20.880590
O003830,P0045,W08,21,CANCELLED,2026-08-19T23:08:20.880590
O003831,P0089,W08,3,FULFILLED,2026-08-08T16:31:20.880590
O003832,P0031,W07,15,CANCELLED,2026-08-15T04:58:20.880590
O003833,P0026,W03,1,CANCELLED,2026-08-28T19:05:20.880590
O003834,P0049,W02,20,PLACED,2026-08-19T13:40:20.880590
O003835,P0085,W08,16,CANCELLED,2026-09-04T15:09:20.880590
O003836,P0070,W03,28,CANCELLED,2026-08-24T13:21:20.880590
O003837,P0064,W03,27,PROCESSING,2026-08-30T01:53:20.880590
O003838,P0067,W04,16,PLACED,2026-08-21T15:04:20.880590
O003839,P0069,W06,22,PLACED,2026-09-05T08:04:20.880590
O003840,P0083,W03,22,PROCESSING,2026-08-25T04:47:20.880590
O003841,P0007,W05,29,PLACED,2026-08-23T20:06:20.880590
O003842,P0097,W07,13,FULFILLED,2026-08-23T11:01:20.880590
O003843,P0073,W01,1,PLACED,2026-08-27T20:11:20.880590
O003844,P0036,W03,25,FULFILLED,2026-08-14T16:49:20.880590
O003845,P0035,W05,6,CANCELLED,2026-08-24T02:30:20.880590
O003846,P0076,W07,7,PROCESSING,2026-08-28T00:36:20.880590
O003847,P0079,W05,6,PROCESSING,2026-08-23T03:00:20.880590
O003848,P0018,W05,26,CANCELLED,2026-09-04T21:51:20.880590
O003849,P0025,W02,11,CANCELLED,2026-08-17T04:06:20.880590
O003850,P0034,W02,22,FULFILLED,2026-08-14T13:00:20.880590
O003851,P0069,W06,24,CANCELLED,2026-08-15T13:14:20.880590
O003852,P0044,W07,6,PROCESSING,2026-08-15T03:43:20.880590
O003853,P0076,W04,28,PROCESSING,2026-08-25T10:18:20.880590
O003854,P0068,W06,4,PROCESSING,2026-08-22T16:25:20.880590
O003855,P0014,W07,12,FULFILLED,2026-08-30T00:26:20.880590
O003856,P0083,W08,17,FULFILLED,2026-08-08T05:26:20.880590
O003857,P0072,W06,1,FULFILLED,2026-08-24T15:20:20.880590
O003858,P0099,W05,27,FULFILLED,2026-08-29T06:11:20.880590
O003859,P0001,W04,10,PLACED,2026-08-17T06:18:20.880590
O003860,P0074,W02,30,PLACED,2026-08-30T08:59:20.880590
O003861,P0077,W08,6,PLACED,2026-08-28T23:02:20.880590
O003862,P0067,W06,19,PROCESSING,2026-08-16T02:56:20.880590
O003863,P0005,W02,27,FULFILLED,2026-08-19T07:22:20.880590
O003864,P0051,W05,3,FULFILLED,2026-08-16T14:59:20.880590
O003865,P0059,W02,11,FULFILLED,2026-08-20T10:09:20.880590
O003866,P0014,W04,24,PROCESSING,2026-08-16T06:22:20.880590
O003867,P0080,W04,27,CANCELLED,2026-08-23T17:18:20.880590
O003868,P0094,W02,8,CANCELLED,2026-08-28T17:10:20.880590
O003869,P0041,W01,1,FULFILLED,2026-08-27T10:01:20.880590
O003870,P0090,W02,10,PLACED,2026-08-13T20:54:20.880590
O003871,P0100,W06,6,CANCELLED,2026-08-08T15:51:20.880590
O003872,P0079,W02,23,CANCELLED,2026-08-24T11:40:20.880590
O003873,P0008,W03,25,CANCELLED,2026-09-01T14:42:20.880590
O003874,P0035,W06,5,PROCESSING,2026-08-07T08:45:20.880590
O003875,P0068,W06,13,PROCESSING,2026-08-30T11:07:20.880590
O003876,P0043,W07,14,PLACED,2026-08-13T06:53:20.880590
O003877,P0099,W07,26,CANCELLED,2026-08-21T19:48:20.880590
O003878,P0057,W05,10,PROCESSING,2026-08-31T14:03:20.880590
O003879,P0064,W06,17,FULFILLED,2026-08-13T08:23:20.880590
O003880,P0070,W06,24,CANCELLED,2026-08-19T18:49:20.880590
O003881,P0041,W05,6,PROCESSING,2026-08-23T14:41:20.880590
O003882,P0079,W02,3,CANCELLED,2026-08-20T22:03:20.880590
O003883,P0004,W03,30,PLACED,2026-08-22T04:22:20.880590
O003884,P0006,W03,26,FULFILLED,2026-08-08T20:27:20.880590
O003885,P0082,W04,19,PROCESSING,2026-08-24T00:17:20.880590
O003886,P0031,W03,21,PLACED,2026-08-10T08:52:20.880590
O003887,P0041,W02,7,PLACED,2026-08-21T21:28:20.880590
O003888,P0044,W08,2,PROCESSING,2026-08-21T19:17:20.880590
O003889,P0082,W07,18,PROCESSING,2026-09-04T21:16:20.880590
O003890,P0037,W05,10,CANCELLED,2026-08-11T15:02:20.880590
O003891,P0076,W08,5,CANCELLED,2026-08-24T14:50:20.880590
O003892,P0055,W08,29,CANCELLED,2026-08-17T03:59:20.880590
O003893,P0083,W07,5,PLACED,2026-08-20T09:05:20.880590
O003894,P0047,W03,30,FULFILLED,2026-08-12T23:07:20.880590
O003895,P0027,W02,17,PROCESSING,2026-08-20T03:53:20.880590
O003896,P0091,W02,24,PROCESSING,2026-08-14T22:14:20.880590
O003897,P0009,W03,7,PROCESSING,2026-08-15T17:24:20.880590
O003898,P0001,W05,20,PLACED,2026-09-05T10:05:20.880590
O003899,P0049,W01,29,PLACED,2026-08-09T17:50:20.880590
O003900,P0032,W07,9,CANCELLED,2026-08-30T16:56:20.880590
O003901,P0027,W08,12,PLACED,2026-08-14T08:20:20.880590
O003902,P0022,W08,13,PLACED,2026-08-31T07:03:20.880590
O003903,P0023,W03,29,FULFILLED,2026-08-27T19:31:20.880590
O003904,P0060,W06,9,FULFILLED,2026-08-28T21:47:20.880590
O003905,P0081,W05,16,PROCESSING,2026-09-01T15:18:20.880590
O003906,P0020,W01,11,PROCESSING,2026-08-24T07:17:20.880590
O003907,P0012,W08,13,PROCESSING,2026-09-04T05:06:20.880590
O003908,P0051,W01,18,PROCESSING,2026-08-11T17:06:20.880590
O003909,P0016,W08,6,PLACED,2026-08-27T01:30:20.880590
O003910,P0088,W04,7,CANCELLED,2026-08-27T20:45:20.880590
O003911,P0073,W03,27,PLACED,2026-08-16T22:44:20.880590
O003912,P0024,W03,5,PROCESSING,2026-08-21T21:18:20.880590
O003913,P0022,W02,24,CANCELLED,2026-08-25T19:21:20.880590
O003914,P0085,W02,21,FULFILLED,2026-08-21T22:32:20.880590
O003915,P0071,W03,8,PROCESSING,2026-08-17T19:29:20.880590
O003916,P0084,W06,23,PROCESSING,2026-08-21T20:30:20.880590
O003917,P0070,W04,11,FULFILLED,2026-09-02T08:18:20.880590
O003918,P0054,W02,16,CANCELLED,2026-08-19T04:48:20.880590
O003919,P0029,W03,26,CANCELLED,2026-08-29T12:00:20.880590
O003920,P0032,W01,19,FULFILLED,2026-08-20T06:00:20.880590
O003921,P0033,W08,20,PLACED,2026-08-18T22:32:20.880590
O003922,P0058,W08,1,PROCESSING,2026-08-15T06:31:20.880590
O003923,P0023,W08,3,PROCESSING,2026-09-02T01:08:20.880590
O003924,P0043,W04,22,CANCELLED,2026-08-09T13:58:20.880590
O003925,P0064,W02,7,CANCELLED,2026-08-31T01:02:20.880590
O003926,P0018,W04,5,PROCESSING,2026-08-21T22:27:20.880590
O003927,P0087,W02,5,FULFILLED,2026-08-08T08:05:20.880590
O003928,P0094,W01,18,PROCESSING,2026-08-25T03:11:20.880590
O003929,P0005,W01,9,CANCELLED,2026-08-14T22:40:20.880590
O003930,P0088,W08,17,CANCELLED,2026-09-03T15:57:20.880590
O003931,P0088,W04,23,FULFILLED,2026-08-22T22:57:20.880590
O003932,P0046,W03,8,CANCELLED,2026-08-30T11:12:20.880590
O003933,P0097,W01,7,PLACED,2026-08-09T19:54:20.880590
O003934,P0039,W04,30,CANCELLED,2026-08-19T17:12:20.880590
O003935,P0011,W06,4,CANCELLED,2026-09-05T10:22:20.880590
O003936,P0045,W03,7,PLACED,2026-08-10T01:57:20.880590
O003937,P0100,W03,21,PROCESSING,2026-08-08T02:21:20.880590
O003938,P0096,W06,22,PLACED,2026-09-02T18:26:20.880590
O003939,P0039,W04,16,FULFILLED,2026-08-11T06:25:20.880590
O003940,P0095,W04,2,PROCESSING,2026-09-05T19:29:20.880590
O003941,P0074,W07,16,PLACED,2026-08-07T06:46:20.880590
O003942,P0088,W08,3,PLACED,2026-08-16T15:14:20.880590
O003943,P0051,W01,21,PROCESSING,2026-08-13T15:59:20.880590
O003944,P0015,W04,6,PLACED,2026-08-13T23:12:20.880590
O003945,P0053,W08,25,PROCESSING,2026-08-28T00:14:20.880590
O003946,P0015,W02,4,PLACED,2026-08-09T11:51:20.880590
O003947,P0052,W02,5,PROCESSING,2026-08-24T11:17:20.880590
O003948,P0016,W01,15,PROCESSING,2026-08-08T23:07:20.880590
O003949,P0085,W08,30,PROCESSING,2026-08-22T15:59:20.880590
O003950,P0080,W04,2,FULFILLED,2026-08-16T01:37:20.880590
O003951,P0025,W07,13,FULFILLED,2026-09-02T02:03:20.880590
O003952,P0069,W01,22,PROCESSING,2026-08-16T13:02:20.880590
O003953,P0084,W05,25,PLACED,2026-08-27T18:46:20.880590
O003954,P0098,W05,6,PLACED,2026-08-13T20:51:20.880590
O003955,P0037,W01,26,CANCELLED,2026-08-11T03:49:20.880590
O003956,P0068,W03,30,FULFILLED,2026-09-04T12:27:20.880590
O003957,P0074,W06,5,PROCESSING,2026-08-07T10:57:20.880590
O003958,P0037,W07,5,PLACED,2026-09-03T04:45:20.880590
O003959,P0025,W06,12,CANCELLED,2026-09-02T23:23:20.880590
O003960,P0095,W01,26,PROCESSING,2026-08-10T01:31:20.880590
O003961,P0077,W06,5,CANCELLED,2026-09-01T22:46:20.880590
O003962,P0100,W02,8,CANCELLED,2026-08-07T20:04:20.880590
O003963,P0019,W05,7,CANCELLED,2026-08-12T11:00:20.880590
O003964,P0071,W06,18,FULFILLED,2026-08-23T09:33:20.880590
O003965,P0040,W03,7,PLACED,2026-08-24T16:31:20.880590
O003966,P0010,W03,1,PROCESSING,2026-08-18T20:42:20.880590
O003967,P0007,W07,4,FULFILLED,2026-08-28T23:43:20.880590
O003968,P0021,W08,8,CANCELLED,2026-09-04T00:20:20.880590
O003969,P0008,W03,20,PLACED,2026-08-19T16:59:20.880590
O003970,P0093,W02,14,CANCELLED,2026-08-27T05:24:20.880590
O003971,P0003,W07,8,PROCESSING,2026-09-02T22:44:20.880590
O003972,P0037,W02,11,FULFILLED,2026-08-12T19:34:20.880590
O003973,P0021,W01,8,FULFILLED,2026-08-18T22:33:20.880590
O003974,P0032,W01,4,PLACED,2026-08-08T12:47:20.880590
O003975,P0047,W07,16,CANCELLED,2026-09-04T02:24:20.880590
O003976,P0055,W05,20,PLACED,2026-08-23T19:59:20.880590
O003977,P0057,W06,12,FULFILLED,2026-08-23T22:31:20.880590
O003978,P0023,W04,9,CANCELLED,2026-08-26T09:48:20.880590
O003979,P0018,W05,15,CANCELLED,2026-08-11T21:39:20.880590
O003980,P0015,W01,18,PLACED,2026-08-07T04:24:20.880590
O003981,P0066,W02,2,PROCESSING,2026-08-12T10:51:20.880590
O003982,P0095,W07,18,PROCESSING,2026-08-08T06:31:20.880590
O003983,P0058,W07,9,PLACED,2026-08-11T15:03:20.880590
O003984,P0021,W07,17,PLACED,2026-08-29T07:31:20.880590
O003985,P0002,W02,26,FULFILLED,2026-08-31T20:01:20.880590
O003986,P0014,W03,19,PLACED,2026-08-27T10:29:20.880590
O003987,P0044,W01,15,PLACED,2026-08-11T23:34:20.880590
O003988,P0066,W01,14,CANCELLED,2026-08-15T22:56:20.880590
O003989,P0032,W01,15,PROCESSING,2026-08-11T16:27:20.880590
O003990,P0011,W01,27,FULFILLED,2026-08-22T04:12:20.880590
O003991,P0068,W05,16,FULFILLED,2026-08-23T11:51:20.880590
O003992,P0052,W03,4,PROCESSING,2026-08-16T03:19:20.880590
O003993,P0003,W07,6,FULFILLED,2026-08-08T04:29:20.880590
O003994,P0068,W06,15,CANCELLED,2026-08-31T06:09:20.880590
O003995,P0077,W05,16,PLACED,2026-08-26T14:31:20.880590
O003996,P0016,W01,11,PROCESSING,2026-08-16T08:51:20.880590
O003997,P0078,W07,6,CANCELLED,2026-08-16T04:16:20.880590
O003998,P0056,W07,14,PROCESSING,2026-08-18T15:05:20.880590
O003999,P0046,W02,17,PROCESSING,2026-08-10T15:37:20.880590
O004000,P0090,W08,1,PLACED,2026-08-13T08:23:20.880590
O004001,P0035,W07,14,CANCELLED,2026-08-09T16:18:20.880590
O004002,P0040,W06,21,PLACED,2026-08-11T14:49:20.880590
O004003,P0015,W01,15,CANCELLED,2026-08-10T03:29:20.880590
O004004,P0016,W05,2,PLACED,2026-08-28T07:53:20.880590
O004005,P0034,W04,18,PLACED,2026-09-05T20:57:20.880590
O004006,P0097,W05,19,PLACED,2026-09-01T16:16:20.880590
O004007,P0032,W02,11,PROCESSING,2026-08-21T09:31:20.880590
O004008,P0033,W01,26,FULFILLED,2026-08-08T23:36:20.880590
O004009,P0077,W08,30,CANCELLED,2026-09-05T11:39:20.880590
O004010,P0068,W08,21,PROCESSING,2026-09-03T15:26:20.880590
O004011,P0009,W04,15,CANCELLED,2026-09-05T13:14:20.880590
O004012,P0054,W07,20,FULFILLED,2026-08-12T12:47:20.880590
O004013,P0053,W07,4,PROCESSING,2026-08-11T16:53:20.880590
O004014,P0063,W05,2,CANCELLED,2026-08-16T21:39:20.880590
O004015,P0074,W05,8,PROCESSING,2026-08-28T21:35:20.880590
O004016,P0098,W06,14,PROCESSING,2026-08-14T23:41:20.880590
O004017,P0095,W05,19,PLACED,2026-08-16T15:48:20.880590
O004018,P0058,W01,3,FULFILLED,2026-09-03T20:17:20.880590
O004019,P0056,W03,1,PROCESSING,2026-08-14T13:47:20.880590
O004020,P0007,W08,27,PROCESSING,2026-08-28T07:47:20.880590
O004021,P0012,W07,2,PROCESSING,2026-08-11T20:51:20.880590
O004022,P0081,W05,4,PLACED,2026-08-08T07:22:20.880590
O004023,P0048,W08,29,PROCESSING,2026-08-17T18:19:20.880590
O004024,P0011,W08,1,FULFILLED,2026-08-12T03:42:20.880590
O004025,P0004,W02,18,CANCELLED,2026-08-30T04:31:20.880590
O004026,P0039,W03,6,PLACED,2026-08-18T21:26:20.880590
O004027,P0046,W04,19,CANCELLED,2026-08-27T14:20:20.880590
O004028,P0048,W08,30,PLACED,2026-08-30T03:01:20.880590
O004029,P0023,W01,26,PLACED,2026-08-31T14:15:20.880590
O004030,P0070,W01,14,CANCELLED,2026-08-18T20:51:20.880590
O004031,P0061,W02,27,PROCESSING,2026-08-21T15:09:20.880590
O004032,P0049,W02,10,CANCELLED,2026-08-15T15:45:20.880590
O004033,P0098,W02,30,PROCESSING,2026-08-11T05:21:20.880590
O004034,P0064,W05,26,PROCESSING,2026-08-30T07:27:20.880590
O004035,P0086,W07,18,PROCESSING,2026-09-03T08:40:20.880590
O004036,P0093,W07,19,CANCELLED,2026-08-28T03:31:20.880590
O004037,P0007,W05,2,FULFILLED,2026-09-04T23:25:20.880590
O004038,P0092,W02,9,PLACED,2026-08-17T11:54:20.880590
O004039,P0055,W02,12,CANCELLED,2026-09-02T11:59:20.880590
O004040,P0064,W04,6,CANCELLED,2026-08-09T01:29:20.880590
O004041,P0087,W04,11,CANCELLED,2026-08-19T23:44:20.880590
O004042,P0014,W08,19,CANCELLED,2026-08-23T04:07:20.880590
O004043,P0038,W01,29,CANCELLED,2026-08-15T07:54:20.880590
O004044,P0037,W07,13,PROCESSING,2026-09-05T04:05:20.880590
O004045,P0079,W07,1,FULFILLED,2026-08-19T02:40:20.880590
O004046,P0066,W05,5,PLACED,2026-08-27T16:16:20.880590
O004047,P0002,W03,18,FULFILLED,2026-08-27T06:19:20.880590
O004048,P0050,W03,6,FULFILLED,2026-08-11T17:03:20.880590
O004049,P0098,W04,27,CANCELLED,2026-09-02T10:55:20.880590
O004050,P0070,W03,1,PROCESSING,2026-08-19T14:01:20.880590
O004051,P0069,W07,18,PROCESSING,2026-08-19T03:52:20.880590
O004052,P0006,W07,5,FULFILLED,2026-09-04T00:09:20.880590
O004053,P0062,W03,25,CANCELLED,2026-08-25T01:04:20.880590
O004054,P0074,W02,14,PLACED,2026-09-03T10:53:20.880590
O004055,P0009,W02,10,PLACED,2026-09-04T10:09:20.880590
O004056,P0015,W04,12,PROCESSING,2026-08-16T19:39:20.880590
O004057,P0092,W07,4,PROCESSING,2026-08-16T08:51:20.880590
O004058,P0061,W07,29,PLACED,2026-08-16T18:26:20.880590
O004059,P0024,W04,2,FULFILLED,2026-08-22T14:40:20.880590
O004060,P0072,W02,13,FULFILLED,2026-08-21T16:16:20.880590
O004061,P0022,W06,30,FULFILLED,2026-08-08T01:22:20.880590
O004062,P0064,W03,9,PLACED,2026-08-20T19:22:20.880590
O004063,P0013,W07,11,PLACED,2026-09-04T02:33:20.880590
O004064,P0090,W05,9,PLACED,2026-08-15T20:29:20.880590
O004065,P0054,W07,28,PLACED,2026-09-01T20:58:20.880590
O004066,P0097,W08,29,PLACED,2026-08-28T10:49:20.880590
O004067,P0017,W05,20,PLACED,2026-08-30T12:47:20.880590
O004068,P0070,W01,28,CANCELLED,2026-08-31T22:33:20.880590
O004069,P0071,W03,4,FULFILLED,2026-08-28T01:44:20.880590
O004070,P0057,W05,14,PLACED,2026-08-10T16:22:20.880590
O004071,P0042,W03,30,CANCELLED,2026-08-17T08:47:20.880590
O004072,P0049,W05,18,CANCELLED,2026-09-04T13:49:20.880590
O004073,P0085,W04,23,CANCELLED,2026-09-04T02:45:20.880590
O004074,P0071,W08,10,CANCELLED,2026-09-04T05:01:20.880590
O004075,P0040,W02,11,FULFILLED,2026-09-01T20:58:20.880590
O004076,P0034,W06,26,PLACED,2026-09-02T20:03:20.880590
O004077,P0016,W03,24,PROCESSING,2026-08-12T02:16:20.880590
O004078,P0088,W08,12,PROCESSING,2026-08-09T17:24:20.880590
O004079,P0089,W01,12,PLACED,2026-08-24T10:06:20.880590
O004080,P0061,W02,14,PLACED,2026-08-10T06:17:20.880590
O004081,P0077,W07,7,CANCELLED,2026-08-17T09:26:20.880590
O004082,P0032,W07,23,PROCESSING,2026-08-21T08:48:20.880590
O004083,P0066,W05,11,FULFILLED,2026-08-11T14:39:20.880590
O004084,P0008,W07,16,PLACED,2026-09-03T08:13:20.880590
O004085,P0004,W05,26,PROCESSING,2026-08-09T07:06:20.880590
O004086,P0068,W05,6,PLACED,2026-08-20T15:41:20.880590
O004087,P0049,W07,22,FULFILLED,2026-08-20T09:47:20.880590
O004088,P0079,W07,14,CANCELLED,2026-09-01T09:32:20.880590
O004089,P0007,W06,26,CANCELLED,2026-08-25T17:44:20.880590
O004090,P0021,W01,27,FULFILLED,2026-08-18T23:44:20.880590
O004091,P0055,W06,16,CANCELLED,2026-08-21T09:12:20.880590
O004092,P0069,W01,19,CANCELLED,2026-08-22T12:41:20.880590
O004093,P0099,W06,8,PROCESSING,2026-08-21T02:24:20.880590
O004094,P0078,W01,14,PROCESSING,2026-08-30T02:33:20.880590
O004095,P0048,W05,26,CANCELLED,2026-08-18T02:18:20.880590
O004096,P0017,W03,25,CANCELLED,2026-08-24T09:51:20.880590
O004097,P0090,W05,2,PLACED,2026-08-22T08:58:20.880590
O004098,P0081,W06,20,FULFILLED,2026-08-25T02:29:20.880590
O004099,P0007,W01,23,CANCELLED,2026-08-17T11:26:20.880590
O004100,P0024,W02,6,PROCESSING,2026-08-14T08:28:20.880590
O004101,P0024,W08,14,CANCELLED,2026-08-20T10:39:20.880590
O004102,P0061,W05,13,PROCESSING,2026-09-05T22:38:20.880590
O004103,P0079,W02,13,PLACED,2026-08-21T10:34:20.880590
O004104,P0011,W03,9,PLACED,2026-08-11T18:38:20.880590
O004105,P0048,W05,18,CANCELLED,2026-08-11T06:13:20.880590
O004106,P0001,W01,4,CANCELLED,2026-08-09T18:55:20.880590
O004107,P0067,W07,16,CANCELLED,2026-09-02T20:33:20.880590
O004108,P0017,W04,28,PLACED,2026-09-01T11:48:20.880590
O004109,P0074,W06,15,PLACED,2026-08-14T22:15:20.880590
O004110,P0058,W03,23,CANCELLED,2026-08-19T11:49:20.880590
O004111,P0022,W07,3,PROCESSING,2026-08-19T00:48:20.880590
O004112,P0022,W01,7,FULFILLED,2026-08-12T02:33:20.880590
O004113,P0095,W08,11,PROCESSING,2026-08-17T11:20:20.880590
O004114,P0045,W07,28,PLACED,2026-08-26T15:10:20.880590
O004115,P0071,W06,27,PROCESSING,2026-08-28T01:10:20.880590
O004116,P0034,W03,10,PROCESSING,2026-08-23T19:54:20.880590
O004117,P0086,W04,17,FULFILLED,2026-08-12T16:12:20.880590
O004118,P0047,W05,2,PLACED,2026-08-18T13:59:20.880590
O004119,P0033,W05,21,FULFILLED,2026-08-26T14:15:20.880590
O004120,P0084,W08,11,PROCESSING,2026-08-20T00:56:20.880590
O004121,P0010,W02,5,PROCESSING,2026-08-16T00:23:20.880590
O004122,P0092,W08,10,CANCELLED,2026-08-14T01:48:20.880590
O004123,P0094,W02,15,CANCELLED,2026-09-04T07:29:20.880590
O004124,P0098,W04,8,FULFILLED,2026-08-25T04:17:20.880590
O004125,P0083,W03,16,PROCESSING,2026-09-05T09:59:20.880590
O004126,P0025,W07,22,PROCESSING,2026-08-08T10:57:20.880590
O004127,P0061,W06,23,PLACED,2026-08-10T08:54:20.880590
O004128,P0070,W01,26,PLACED,2026-09-05T20:54:20.880590
O004129,P0050,W04,27,PLACED,2026-09-03T16:08:20.880590
O004130,P0043,W04,2,CANCELLED,2026-08-18T15:52:20.880590
O004131,P0030,W06,24,PROCESSING,2026-09-03T18:28:20.880590
O004132,P0080,W04,11,PROCESSING,2026-08-19T04:47:20.880590
O004133,P0002,W01,28,PLACED,2026-08-20T23:11:20.880590
O004134,P0009,W07,15,CANCELLED,2026-08-30T11:36:20.880590
O004135,P0037,W02,27,CANCELLED,2026-08-30T01:10:20.880590
O004136,P0023,W05,9,FULFILLED,2026-08-22T18:37:20.880590
O004137,P0034,W05,14,PLACED,2026-08-23T10:02:20.880590
O004138,P0027,W06,23,PLACED,2026-08-31T06:12:20.880590
O004139,P0078,W04,15,PLACED,2026-08-28T16:21:20.880590
O004140,P0083,W06,8,PLACED,2026-08-07T18:25:20.880590
O004141,P0069,W08,17,FULFILLED,2026-08-13T18:04:20.880590
O004142,P0095,W07,26,CANCELLED,2026-08-31T14:00:20.880590
O004143,P0068,W03,29,PLACED,2026-09-02T17:50:20.880590
O004144,P0041,W08,19,PROCESSING,2026-08-20T23:43:20.880590
O004145,P0014,W05,27,CANCELLED,2026-08-28T20:59:20.880590
O004146,P0033,W07,8,PLACED,2026-08-13T07:38:20.880590
O004147,P0094,W07,23,FULFILLED,2026-08-11T03:13:20.880590
O004148,P0035,W03,29,PROCESSING,2026-08-15T00:35:20.880590
O004149,P0084,W04,19,CANCELLED,2026-09-01T09:31:20.880590
O004150,P0067,W04,8,PLACED,2026-08-14T11:09:20.880590
O004151,P0015,W08,1,CANCELLED,2026-08-13T22:17:20.880590
O004152,P0073,W04,6,PLACED,2026-08-14T05:01:20.880590
O004153,P0072,W04,6,PROCESSING,2026-09-02T08:49:20.880590
O004154,P0006,W02,1,PROCESSING,2026-08-12T13:43:20.880590
O004155,P0023,W01,1,PLACED,2026-08-17T12:39:20.880590
O004156,P0050,W08,14,CANCELLED,2026-08-30T19:36:20.880590
O004157,P0006,W01,17,CANCELLED,2026-08-12T06:36:20.880590
O004158,P0016,W01,18,PLACED,2026-08-24T15:17:20.880590
O004159,P0025,W06,13,PLACED,2026-08-20T12:09:20.880590
O004160,P0008,W04,29,FULFILLED,2026-08-20T04:49:20.880590
O004161,P0084,W04,21,PLACED,2026-08-21T14:12:20.880590
O004162,P0066,W01,26,CANCELLED,2026-09-02T21:27:20.880590
O004163,P0054,W03,7,FULFILLED,2026-08-19T15:16:20.880590
O004164,P0053,W06,27,PLACED,2026-08-21T03:17:20.880590
O004165,P0001,W04,24,PLACED,2026-08-08T15:30:20.880590
O004166,P0097,W07,30,PROCESSING,2026-08-27T20:37:20.880590
O004167,P0048,W05,11,CANCELLED,2026-08-07T05:14:20.880590
O004168,P0010,W06,1,PLACED,2026-08-26T23:19:20.880590
O004169,P0056,W07,14,FULFILLED,2026-08-26T21:32:20.880590
O004170,P0010,W01,29,CANCELLED,2026-08-11T05:56:20.880590
O004171,P0039,W02,23,PLACED,2026-08-23T22:36:20.880590
O004172,P0037,W01,26,CANCELLED,2026-08-17T06:57:20.880590
O004173,P0042,W02,13,FULFILLED,2026-08-31T17:02:20.880590
O004174,P0061,W01,17,PLACED,2026-09-04T05:06:20.880590
O004175,P0099,W04,14,CANCELLED,2026-08-23T18:35:20.880590
O004176,P0026,W05,18,PROCESSING,2026-09-01T00:14:20.880590
O004177,P0069,W07,6,CANCELLED,2026-08-24T06:12:20.880590
O004178,P0059,W01,17,PROCESSING,2026-09-03T16:20:20.880590
O004179,P0056,W02,16,CANCELLED,2026-08-31T15:10:20.880590
O004180,P0010,W06,1,FULFILLED,2026-09-04T00:28:20.880590
O004181,P0055,W03,12,CANCELLED,2026-09-02T23:20:20.880590
O004182,P0073,W08,29,CANCELLED,2026-08-10T14:06:20.880590
O004183,P0089,W04,5,PLACED,2026-08-08T02:56:20.880590
O004184,P0017,W07,29,FULFILLED,2026-08-11T00:25:20.880590
O004185,P0081,W03,13,PLACED,2026-08-27T17:54:20.880590
O004186,P0011,W01,25,FULFILLED,2026-08-20T20:04:20.880590
O004187,P0010,W08,12,FULFILLED,2026-08-13T09:27:20.880590
O004188,P0041,W02,15,CANCELLED,2026-08-30T07:00:20.880590
O004189,P0038,W02,22,PROCESSING,2026-08-27T20:29:20.880590
O004190,P0038,W07,20,PROCESSING,2026-08-29T06:44:20.880590
O004191,P0013,W03,9,PLACED,2026-08-10T10:55:20.880590
O004192,P0092,W07,5,CANCELLED,2026-09-03T18:07:20.880590
O004193,P0023,W03,5,CANCELLED,2026-08-19T04:15:20.880590
O004194,P0066,W02,15,PLACED,2026-08-22T06:31:20.880590
O004195,P0093,W06,9,PROCESSING,2026-08-19T02:08:20.880590
O004196,P0071,W06,22,FULFILLED,2026-08-11T20:21:20.880590
O004197,P0063,W01,11,CANCELLED,2026-08-24T00:39:20.880590
O004198,P0017,W01,28,PROCESSING,2026-08-30T01:52:20.880590
O004199,P0047,W08,27,PLACED,2026-08-12T19:24:20.880590
O004200,P0003,W01,3,CANCELLED,2026-09-02T04:56:20.880590
O004201,P0091,W06,14,FULFILLED,2026-08-17T01:13:20.880590
O004202,P0059,W03,7,PROCESSING,2026-08-09T11:07:20.880590
O004203,P0061,W03,17,PROCESSING,2026-08-19T17:33:20.880590
O004204,P0079,W06,29,FULFILLED,2026-09-01T13:04:20.880590
O004205,P0008,W02,16,PROCESSING,2026-08-07T06:56:20.880590
O004206,P0089,W05,23,CANCELLED,2026-08-14T09:10:20.880590
O004207,P0012,W03,14,PLACED,2026-08-17T23:57:20.880590
O004208,P0070,W06,1,CANCELLED,2026-08-24T18:50:20.880590
O004209,P0008,W06,18,PLACED,2026-08-10T01:24:20.880590
O004210,P0015,W06,1,PROCESSING,2026-08-11T05:19:20.880590
O004211,P0014,W02,11,PROCESSING,2026-08-28T04:02:20.880590
O004212,P0011,W01,24,FULFILLED,2026-08-26T12:15:20.880590
O004213,P0057,W01,27,PROCESSING,2026-08-17T09:48:20.880590
O004214,P0006,W01,15,PLACED,2026-08-16T03:26:20.880590
O004215,P0076,W06,22,PLACED,2026-08-26T15:17:20.880590
O004216,P0062,W05,29,PLACED,2026-08-07T06:26:20.880590
O004217,P0074,W05,18,FULFILLED,2026-08-30T00:06:20.880590
O004218,P0030,W03,26,CANCELLED,2026-08-20T09:29:20.880590
O004219,P0076,W04,28,CANCELLED,2026-08-25T20:44:20.880590
O004220,P0017,W05,9,CANCELLED,2026-08-22T17:49:20.880590
O004221,P0053,W02,20,PROCESSING,2026-08-12T07:38:20.880590
O004222,P0026,W05,26,PLACED,2026-08-28T15:17:20.880590
O004223,P0099,W02,2,FULFILLED,2026-08-16T18:18:20.880590
O004224,P0006,W03,12,CANCELLED,2026-08-22T04:21:20.880590
O004225,P0088,W03,3,CANCELLED,2026-08-17T03:39:20.880590
O004226,P0028,W06,15,FULFILLED,2026-08-20T13:34:20.880590
O004227,P0098,W04,11,PROCESSING,2026-08-30T21:47:20.880590
O004228,P0068,W01,13,FULFILLED,2026-08-26T04:54:20.880590
O004229,P0056,W01,24,CANCELLED,2026-08-31T21:26:20.880590
O004230,P0025,W04,23,FULFILLED,2026-08-27T10:32:20.880590
O004231,P0070,W04,18,FULFILLED,2026-08-20T16:37:20.880590
O004232,P0041,W04,13,FULFILLED,2026-08-15T02:36:20.880590
O004233,P0018,W01,11,FULFILLED,2026-08-25T12:45:20.880590
O004234,P0058,W08,30,FULFILLED,2026-08-09T11:23:20.880590
O004235,P0051,W06,15,FULFILLED,2026-08-09T08:09:20.880590
O004236,P0011,W06,13,PROCESSING,2026-08-23T02:22:20.880590
O004237,P0073,W03,24,PLACED,2026-08-16T10:24:20.880590
O004238,P0005,W06,29,FULFILLED,2026-09-03T02:17:20.880590
O004239,P0006,W08,21,FULFILLED,2026-08-11T22:26:20.880590
O004240,P0086,W02,29,PROCESSING,2026-08-08T07:30:20.880590
O004241,P0011,W02,15,CANCELLED,2026-08-11T14:20:20.880590
O004242,P0077,W01,5,FULFILLED,2026-08-11T08:54:20.880590
O004243,P0091,W08,22,CANCELLED,2026-08-20T11:33:20.880590
O004244,P0088,W03,6,PLACED,2026-08-09T12:22:20.880590
O004245,P0092,W06,30,PROCESSING,2026-08-25T13:00:20.880590
O004246,P0035,W02,22,PROCESSING,2026-08-21T09:37:20.880590
O004247,P0011,W03,6,CANCELLED,2026-08-07T02:07:20.880590
O004248,P0073,W06,28,PLACED,2026-08-21T08:06:20.880590
O004249,P0021,W07,25,PLACED,2026-08-07T12:58:20.880590
O004250,P0041,W02,11,PROCESSING,2026-08-10T15:38:20.880590
O004251,P0045,W05,15,FULFILLED,2026-08-15T09:24:20.880590
O004252,P0057,W05,2,CANCELLED,2026-08-08T12:21:20.880590
O004253,P0098,W08,23,PROCESSING,2026-08-11T14:31:20.880590
O004254,P0060,W01,30,FULFILLED,2026-08-12T22:28:20.880590
O004255,P0087,W06,21,PLACED,2026-09-02T21:43:20.880590
O004256,P0086,W02,2,PLACED,2026-08-17T13:17:20.880590
O004257,P0037,W04,10,PLACED,2026-08-24T22:19:20.880590
O004258,P0089,W02,1,FULFILLED,2026-08-16T07:26:20.880590
O004259,P0017,W01,29,PROCESSING,2026-08-22T21:45:20.880590
O004260,P0006,W05,3,PLACED,2026-08-26T13:21:20.880590
O004261,P0039,W02,8,FULFILLED,2026-08-31T18:15:20.880590
O004262,P0079,W03,18,FULFILLED,2026-09-04T01:34:20.880590
O004263,P0098,W04,30,FULFILLED,2026-08-22T19:27:20.880590
O004264,P0044,W03,2,FULFILLED,2026-09-01T20:49:20.880590
O004265,P0010,W01,2,CANCELLED,2026-08-24T17:07:20.880590
O004266,P0073,W01,21,PLACED,2026-08-29T05:14:20.880590
O004267,P0074,W07,30,PLACED,2026-08-25T03:54:20.880590
O004268,P0070,W07,23,CANCELLED,2026-08-10T09:54:20.880590
O004269,P0034,W01,25,PROCESSING,2026-08-28T18:58:20.880590
O004270,P0065,W05,23,PROCESSING,2026-08-28T20:35:20.880590
O004271,P0085,W04,19,FULFILLED,2026-08-16T23:19:20.880590
O004272,P0075,W06,28,PROCESSING,2026-08-21T00:28:20.880590
O004273,P0001,W07,16,CANCELLED,2026-08-07T23:49:20.880590
O004274,P0098,W03,11,FULFILLED,2026-08-24T05:10:20.880590
O004275,P0028,W03,21,FULFILLED,2026-08-07T10:12:20.880590
O004276,P0010,W08,7,CANCELLED,2026-08-07T13:29:20.880590
O004277,P0033,W03,29,CANCELLED,2026-08-21T07:24:20.880590
O004278,P0037,W02,15,FULFILLED,2026-08-15T10:00:20.880590
O004279,P0075,W01,21,PROCESSING,2026-08-15T10:08:20.880590
O004280,P0090,W03,8,PROCESSING,2026-09-02T02:56:20.880590
O004281,P0043,W02,3,PLACED,2026-08-21T01:31:20.880590
O004282,P0074,W01,21,CANCELLED,2026-08-08T12:18:20.880590
O004283,P0046,W04,1,CANCELLED,2026-08-09T04:05:20.880590
O004284,P0033,W04,1,PROCESSING,2026-08-30T06:56:20.880590
O004285,P0012,W07,13,CANCELLED,2026-08-12T08:49:20.880590
O004286,P0018,W01,10,FULFILLED,2026-08-17T01:39:20.880590
O004287,P0043,W08,11,PROCESSING,2026-08-27T20:04:20.880590
O004288,P0022,W07,10,PROCESSING,2026-08-11T01:14:20.880590
O004289,P0006,W04,27,PROCESSING,2026-08-25T01:07:20.880590
O004290,P0086,W03,26,PLACED,2026-08-26T03:09:20.880590
O004291,P0059,W06,12,PROCESSING,2026-08-13T11:56:20.880590
O004292,P0033,W08,15,PLACED,2026-08-10T14:19:20.880590
O004293,P0017,W01,30,CANCELLED,2026-09-03T04:13:20.880590
O004294,P0012,W06,27,PROCESSING,2026-08-12T06:31:20.880590
O004295,P0092,W01,6,PROCESSING,2026-08-17T07:53:20.880590
O004296,P0090,W03,4,PROCESSING,2026-08-26T16:40:20.880590
O004297,P0046,W02,17,CANCELLED,2026-08-10T03:10:20.880590
O004298,P0088,W06,19,PLACED,2026-08-07T06:05:20.880590
O004299,P0014,W02,17,CANCELLED,2026-08-26T19:10:20.880590
O004300,P0069,W06,11,PLACED,2026-08-16T16:21:20.880590
O004301,P0041,W08,23,CANCELLED,2026-09-02T20:15:20.880590
O004302,P0091,W02,13,PLACED,2026-08-14T16:20:20.880590
O004303,P0097,W06,30,PROCESSING,2026-08-09T08:24:20.880590
O004304,P0069,W04,3,CANCELLED,2026-08-28T20:20:20.880590
O004305,P0020,W08,29,PROCESSING,2026-09-03T18:13:20.880590
O004306,P0036,W06,29,FULFILLED,2026-08-30T05:27:20.880590
O004307,P0085,W02,17,PROCESSING,2026-08-09T11:45:20.880590
O004308,P0093,W08,6,PLACED,2026-08-14T17:03:20.880590
O004309,P0023,W04,20,FULFILLED,2026-08-09T12:22:20.880590
O004310,P0017,W04,5,PROCESSING,2026-08-31T11:35:20.880590
O004311,P0033,W02,9,FULFILLED,2026-08-09T18:02:20.880590
O004312,P0036,W04,24,PROCESSING,2026-08-29T05:39:20.880590
O004313,P0096,W02,3,CANCELLED,2026-08-30T22:44:20.880590
O004314,P0074,W04,23,PLACED,2026-08-23T10:31:20.880590
O004315,P0095,W01,5,PLACED,2026-08-12T19:37:20.880590
O004316,P0027,W01,9,PROCESSING,2026-09-04T21:57:20.880590
O004317,P0017,W03,23,CANCELLED,2026-08-17T00:38:20.880590
O004318,P0046,W03,23,PLACED,2026-08-29T17:23:20.880590
O004319,P0048,W04,2,PROCESSING,2026-08-18T03:36:20.880590
O004320,P0012,W07,11,PLACED,2026-08-29T23:11:20.880590
O004321,P0033,W07,7,PLACED,2026-08-25T14:08:20.880590
O004322,P0045,W04,30,CANCELLED,2026-08-09T16:09:20.880590
O004323,P0059,W06,13,PLACED,2026-08-27T20:29:20.880590
O004324,P0069,W04,5,PLACED,2026-09-03T20:54:20.880590
O004325,P0084,W03,20,PLACED,2026-08-08T02:26:20.880590
O004326,P0088,W02,16,FULFILLED,2026-08-25T23:29:20.880590
O004327,P0078,W01,28,PROCESSING,2026-08-24T06:25:20.880590
O004328,P0096,W04,4,PLACED,2026-09-02T13:09:20.880590
O004329,P0032,W05,3,CANCELLED,2026-08-19T01:24:20.880590
O004330,P0021,W03,19,PLACED,2026-08-24T21:27:20.880590
O004331,P0016,W07,16,PLACED,2026-08-16T07:10:20.880590
O004332,P0008,W06,13,FULFILLED,2026-08-29T20:44:20.880590
O004333,P0051,W08,25,PLACED,2026-08-26T01:38:20.880590
O004334,P0030,W07,30,PROCESSING,2026-08-24T11:56:20.880590
O004335,P0074,W07,12,FULFILLED,2026-08-10T21:17:20.880590
O004336,P0039,W05,25,FULFILLED,2026-08-09T19:26:20.880590
O004337,P0084,W01,15,CANCELLED,2026-08-20T17:38:20.880590
O004338,P0026,W05,20,PROCESSING,2026-08-24T21:03:20.880590
O004339,P0073,W07,12,PLACED,2026-08-17T06:52:20.880590
O004340,P0083,W07,6,CANCELLED,2026-08-20T19:36:20.880590
O004341,P0017,W03,13,PROCESSING,2026-08-15T16:41:20.880590
O004342,P0016,W02,10,PROCESSING,2026-08-26T19:17:20.880590
O004343,P0028,W07,22,PROCESSING,2026-08-18T16:44:20.880590
O004344,P0084,W06,9,PROCESSING,2026-08-22T16:38:20.880590
O004345,P0087,W01,18,CANCELLED,2026-08-11T16:11:20.880590
O004346,P0088,W02,24,CANCELLED,2026-09-03T02:21:20.880590
O004347,P0082,W04,24,FULFILLED,2026-08-13T18:32:20.880590
O004348,P0085,W07,9,PROCESSING,2026-08-10T21:51:20.880590
O004349,P0072,W06,26,PROCESSING,2026-08-16T04:58:20.880590
O004350,P0093,W05,15,PROCESSING,2026-08-13T03:45:20.880590
O004351,P0086,W01,12,PROCESSING,2026-08-23T16:47:20.880590
O004352,P0032,W05,7,PLACED,2026-08-17T07:04:20.880590
O004353,P0010,W02,23,FULFILLED,2026-08-18T00:31:20.880590
O004354,P0064,W07,1,FULFILLED,2026-08-31T03:13:20.880590
O004355,P0048,W08,25,CANCELLED,2026-08-19T05:08:20.880590
O004356,P0087,W05,16,FULFILLED,2026-09-01T17:08:20.880590
O004357,P0052,W05,24,FULFILLED,2026-08-27T16:47:20.880590
O004358,P0047,W04,14,FULFILLED,2026-08-16T03:10:20.880590
O004359,P0061,W05,13,CANCELLED,2026-09-01T17:48:20.880590
O004360,P0100,W07,26,PLACED,2026-09-03T02:55:20.880590
O004361,P0027,W05,5,PLACED,2026-08-26T16:04:20.880590
O004362,P0044,W05,12,PLACED,2026-08-15T02:50:20.880590
O004363,P0090,W01,19,FULFILLED,2026-08-31T10:18:20.880590
O004364,P0040,W02,27,FULFILLED,2026-09-04T04:47:20.880590
O004365,P0098,W07,20,PROCESSING,2026-08-15T11:53:20.880590
O004366,P0048,W07,13,FULFILLED,2026-08-21T18:19:20.880590
O004367,P0024,W02,28,PROCESSING,2026-08-27T09:18:20.880590
O004368,P0059,W05,5,PROCESSING,2026-08-07T16:12:20.880590
O004369,P0100,W02,9,PROCESSING,2026-08-23T19:18:20.880590
O004370,P0016,W05,2,FULFILLED,2026-08-24T13:43:20.880590
O004371,P0070,W04,8,PROCESSING,2026-09-05T16:06:20.880590
O004372,P0015,W05,25,FULFILLED,2026-08-25T23:12:20.880590
O004373,P0028,W01,15,CANCELLED,2026-08-21T02:52:20.880590
O004374,P0085,W08,8,PLACED,2026-08-17T01:43:20.880590
O004375,P0004,W02,16,FULFILLED,2026-08-07T21:09:20.880590
O004376,P0019,W02,3,FULFILLED,2026-08-14T15:50:20.880590
O004377,P0058,W02,30,FULFILLED,2026-09-01T01:03:20.880590
O004378,P0021,W04,12,FULFILLED,2026-08-21T13:07:20.880590
O004379,P0056,W08,9,FULFILLED,2026-08-15T01:53:20.880590
O004380,P0087,W08,2,PLACED,2026-09-05T15:55:20.880590
O004381,P0025,W03,28,PLACED,2026-08-29T16:30:20.880590
O004382,P0053,W06,29,PROCESSING,2026-08-31T03:15:20.880590
O004383,P0057,W08,15,PROCESSING,2026-08-17T04:30:20.880590
O004384,P0056,W07,22,FULFILLED,2026-09-02T07:59:20.880590
O004385,P0025,W04,15,PLACED,2026-08-25T13:40:20.880590
O004386,P0036,W01,21,PLACED,2026-08-12T03:10:20.880590
O004387,P0090,W06,27,PROCESSING,2026-09-04T16:46:20.880590
O004388,P0069,W02,1,FULFILLED,2026-08-27T01:16:20.880590
O004389,P0084,W01,2,PLACED,2026-08-21T20:55:20.880590
O004390,P0062,W03,24,PROCESSING,2026-08-13T23:25:20.880590
O004391,P0040,W03,11,CANCELLED,2026-08-10T01:11:20.880590
O004392,P0016,W07,1,FULFILLED,2026-08-15T22:15:20.880590
O004393,P0074,W02,25,PROCESSING,2026-08-17T09:02:20.880590
O004394,P0068,W02,16,PROCESSING,2026-08-25T04:08:20.880590
O004395,P0026,W02,7,CANCELLED,2026-08-08T15:44:20.880590
O004396,P0045,W06,23,PROCESSING,2026-09-04T09:16:20.880590
O004397,P0100,W07,6,PLACED,2026-08-30T15:19:20.880590
O004398,P0083,W03,19,CANCELLED,2026-09-03T09:47:20.880590
O004399,P0045,W03,24,FULFILLED,2026-08-18T06:15:20.880590
O004400,P0046,W04,30,PROCESSING,2026-09-04T01:33:20.880590
O004401,P0022,W03,21,CANCELLED,2026-08-13T19:27:20.880590
O004402,P0090,W04,29,PROCESSING,2026-08-17T09:11:20.880590
O004403,P0037,W06,28,CANCELLED,2026-08-07T02:58:20.880590
O004404,P0046,W04,5,PROCESSING,2026-08-17T03:57:20.880590
O004405,P0055,W02,17,FULFILLED,2026-08-26T07:41:20.880590
O004406,P0061,W07,3,PLACED,2026-08-08T15:22:20.880590
O004407,P0059,W01,17,PROCESSING,2026-09-01T03:30:20.880590
O004408,P0078,W08,26,PLACED,2026-08-24T18:24:20.880590
O004409,P0021,W04,13,PLACED,2026-08-30T01:44:20.880590
O004410,P0002,W08,4,PROCESSING,2026-08-11T13:11:20.880590
O004411,P0013,W06,21,PROCESSING,2026-08-25T02:25:20.880590
O004412,P0087,W03,23,PLACED,2026-09-01T11:12:20.880590
O004413,P0086,W07,30,FULFILLED,2026-08-29T11:53:20.880590
O004414,P0034,W07,16,PROCESSING,2026-08-31T08:49:20.880590
O004415,P0057,W05,5,PROCESSING,2026-08-21T19:39:20.880590
O004416,P0028,W03,5,PROCESSING,2026-08-16T14:35:20.880590
O004417,P0003,W02,25,FULFILLED,2026-08-30T04:40:20.880590
O004418,P0020,W06,18,PROCESSING,2026-08-18T14:35:20.880590
O004419,P0024,W03,24,FULFILLED,2026-09-04T19:00:20.880590
O004420,P0008,W07,6,FULFILLED,2026-08-25T11:48:20.880590
O004421,P0048,W01,29,CANCELLED,2026-08-16T15:57:20.880590
O004422,P0082,W08,28,PROCESSING,2026-08-18T02:00:20.880590
O004423,P0083,W02,18,PLACED,2026-08-10T02:14:20.880590
O004424,P0051,W08,9,PLACED,2026-08-19T10:01:20.880590
O004425,P0001,W08,22,FULFILLED,2026-08-17T19:32:20.880590
O004426,P0072,W05,25,PLACED,2026-08-17T11:40:20.880590
O004427,P0072,W06,5,PLACED,2026-09-05T18:53:20.880590
O004428,P0029,W07,6,CANCELLED,2026-08-10T07:46:20.880590
O004429,P0066,W05,22,CANCELLED,2026-08-09T16:02:20.880590
O004430,P0074,W08,22,FULFILLED,2026-08-17T11:48:20.880590
O004431,P0009,W06,24,FULFILLED,2026-08-24T15:09:20.880590
O004432,P0006,W06,11,FULFILLED,2026-08-28T17:29:20.880590
O004433,P0010,W03,30,PLACED,2026-09-01T22:33:20.880590
O004434,P0012,W07,24,FULFILLED,2026-08-23T19:41:20.880590
O004435,P0010,W06,11,CANCELLED,2026-08-10T08:04:20.880590
O004436,P0003,W02,19,CANCELLED,2026-08-19T10:05:20.880590
O004437,P0028,W06,15,CANCELLED,2026-09-03T00:30:20.880590
O004438,P0024,W01,16,PLACED,2026-08-23T08:10:20.880590
O004439,P0003,W05,6,CANCELLED,2026-08-13T07:09:20.880590
O004440,P0086,W01,3,CANCELLED,2026-08-14T06:19:20.880590
O004441,P0018,W02,5,FULFILLED,2026-08-11T10:22:20.880590
O004442,P0026,W04,25,CANCELLED,2026-08-10T09:28:20.880590
O004443,P0052,W08,18,CANCELLED,2026-09-04T06:57:20.880590
O004444,P0005,W08,7,PLACED,2026-08-25T12:51:20.880590
O004445,P0055,W08,29,CANCELLED,2026-08-14T13:36:20.880590
O004446,P0011,W03,5,CANCELLED,2026-08-17T14:05:20.880590
O004447,P0050,W01,15,FULFILLED,2026-09-05T17:36:20.880590
O004448,P0068,W08,21,CANCELLED,2026-09-02T07:24:20.880590
O004449,P0031,W04,21,FULFILLED,2026-08-23T02:20:20.880590
O004450,P0015,W02,21,CANCELLED,2026-08-16T07:09:20.880590
O004451,P0040,W04,1,FULFILLED,2026-08-22T00:34:20.880590
O004452,P0030,W02,5,PLACED,2026-08-15T07:52:20.880590
O004453,P0016,W02,12,PLACED,2026-08-14T06:35:20.880590
O004454,P0063,W07,9,FULFILLED,2026-08-22T22:43:20.880590
O004455,P0082,W08,26,FULFILLED,2026-09-01T16:24:20.880590
O004456,P0001,W01,1,PROCESSING,2026-08-28T21:38:20.880590
O004457,P0072,W08,13,FULFILLED,2026-08-26T05:06:20.880590
O004458,P0070,W07,16,CANCELLED,2026-08-21T03:07:20.880590
O004459,P0074,W08,19,CANCELLED,2026-08-20T14:37:20.880590
O004460,P0012,W07,27,PROCESSING,2026-08-21T03:29:20.880590
O004461,P0045,W07,23,PLACED,2026-08-24T14:39:20.880590
O004462,P0043,W01,1,CANCELLED,2026-08-18T18:03:20.880590
O004463,P0046,W06,23,PROCESSING,2026-08-18T04:13:20.880590
O004464,P0026,W01,19,CANCELLED,2026-08-28T11:03:20.880590
O004465,P0073,W07,20,PROCESSING,2026-08-19T10:56:20.880590
O004466,P0057,W02,4,FULFILLED,2026-08-28T04:40:20.880590
O004467,P0073,W07,8,FULFILLED,2026-08-13T07:26:20.880590
O004468,P0007,W06,19,CANCELLED,2026-08-16T10:18:20.880590
O004469,P0023,W06,12,PLACED,2026-08-07T10:06:20.880590
O004470,P0068,W03,15,CANCELLED,2026-08-14T09:49:20.880590
O004471,P0055,W05,8,PLACED,2026-08-16T10:49:20.880590
O004472,P0079,W05,30,FULFILLED,2026-08-21T08:24:20.880590
O004473,P0051,W06,30,FULFILLED,2026-09-03T21:34:20.880590
O004474,P0085,W07,8,FULFILLED,2026-08-25T21:33:20.880590
O004475,P0097,W05,28,FULFILLED,2026-08-22T02:18:20.880590
O004476,P0040,W05,26,PLACED,2026-08-17T03:15:20.880590
O004477,P0079,W02,13,PROCESSING,2026-08-20T22:56:20.880590
O004478,P0032,W05,9,CANCELLED,2026-09-03T16:55:20.880590
O004479,P0029,W05,29,CANCELLED,2026-08-20T00:48:20.880590
O004480,P0003,W03,5,PROCESSING,2026-08-19T01:33:20.880590
O004481,P0076,W06,17,CANCELLED,2026-08-09T05:33:20.880590
O004482,P0078,W08,24,PROCESSING,2026-08-12T21:33:20.880590
O004483,P0086,W05,4,PROCESSING,2026-09-02T06:08:20.880590
O004484,P0014,W01,29,CANCELLED,2026-08-14T05:39:20.880590
O004485,P0008,W03,4,CANCELLED,2026-08-12T22:24:20.880590
O004486,P0062,W06,10,FULFILLED,2026-08-09T00:46:20.880590
O004487,P0037,W07,12,FULFILLED,2026-08-15T19:54:20.880590
O004488,P0075,W03,28,PROCESSING,2026-08-28T13:38:20.880590
O004489,P0032,W01,2,FULFILLED,2026-08-08T18:08:20.880590
O004490,P0073,W07,28,FULFILLED,2026-08-19T17:13:20.880590
O004491,P0009,W03,24,PROCESSING,2026-08-24T10:07:20.880590
O004492,P0007,W01,5,FULFILLED,2026-09-01T20:15:20.880590
O004493,P0018,W02,7,CANCELLED,2026-08-11T21:53:20.880590
O004494,P0051,W06,17,CANCELLED,2026-08-22T05:29:20.880590
O004495,P0043,W06,21,CANCELLED,2026-08-15T17:17:20.880590
O004496,P0072,W07,26,PLACED,2026-08-07T03:56:20.880590
O004497,P0079,W04,3,FULFILLED,2026-09-02T04:00:20.880590
O004498,P0071,W05,7,FULFILLED,2026-08-23T11:10:20.880590
O004499,P0051,W07,8,PLACED,2026-08-21T22:52:20.880590
O004500,P0029,W06,2,PROCESSING,2026-08-10T08:34:20.880590
O004501,P0024,W04,27,CANCELLED,2026-08-20T13:24:20.880590
O004502,P0086,W03,2,PROCESSING,2026-08-14T05:31:20.880590
O004503,P0040,W08,10,PROCESSING,2026-08-15T22:18:20.880590
O004504,P0053,W04,21,PLACED,2026-08-19T03:00:20.880590
O004505,P0039,W04,22,CANCELLED,2026-08-07T21:51:20.880590
O004506,P0054,W07,26,PLACED,2026-09-02T10:19:20.880590
O004507,P0071,W06,23,PROCESSING,2026-08-08T13:06:20.880590
O004508,P0036,W07,25,PLACED,2026-09-01T23:00:20.880590
O004509,P0084,W02,21,CANCELLED,2026-08-14T00:31:20.880590
O004510,P0037,W02,15,FULFILLED,2026-08-26T23:59:20.880590
O004511,P0005,W05,7,FULFILLED,2026-08-15T15:06:20.880590
O004512,P0020,W04,18,FULFILLED,2026-08-09T17:15:20.880590
O004513,P0021,W03,27,FULFILLED,2026-08-09T04:40:20.880590
O004514,P0051,W06,6,CANCELLED,2026-08-26T06:29:20.880590
O004515,P0094,W03,7,PROCESSING,2026-08-22T09:15:20.880590
O004516,P0067,W03,20,PROCESSING,2026-08-13T03:12:20.880590
O004517,P0018,W01,5,FULFILLED,2026-08-07T11:35:20.880590
O004518,P0074,W02,7,PROCESSING,2026-08-25T07:42:20.880590
O004519,P0030,W01,8,PROCESSING,2026-08-07T12:17:20.880590
O004520,P0053,W08,15,PLACED,2026-08-18T14:27:20.880590
O004521,P0086,W07,26,CANCELLED,2026-08-12T15:36:20.880590
O004522,P0002,W08,28,CANCELLED,2026-08-23T16:18:20.880590
O004523,P0100,W08,20,FULFILLED,2026-08-13T12:30:20.880590
O004524,P0032,W01,6,FULFILLED,2026-08-21T09:41:20.880590
O004525,P0048,W04,2,PLACED,2026-09-05T06:23:20.880590
O004526,P0030,W05,27,CANCELLED,2026-08-14T22:25:20.880590
O004527,P0031,W01,7,FULFILLED,2026-08-14T19:47:20.880590
O004528,P0006,W03,18,FULFILLED,2026-08-13T01:23:20.880590
O004529,P0009,W01,3,CANCELLED,2026-08-27T22:10:20.880590
O004530,P0021,W03,10,PLACED,2026-08-14T11:30:20.880590
O004531,P0008,W08,27,CANCELLED,2026-08-24T01:09:20.880590
O004532,P0085,W08,24,PLACED,2026-08-18T20:15:20.880590
O004533,P0083,W08,11,FULFILLED,2026-08-28T17:38:20.880590
O004534,P0014,W03,30,FULFILLED,2026-08-25T21:31:20.880590
O004535,P0050,W06,21,PROCESSING,2026-08-09T08:04:20.880590
O004536,P0057,W03,26,CANCELLED,2026-08-31T11:46:20.880590
O004537,P0019,W06,17,PLACED,2026-09-04T16:22:20.880590
O004538,P0020,W06,20,PLACED,2026-08-15T05:53:20.880590
O004539,P0089,W06,13,CANCELLED,2026-09-02T16:19:20.880590
O004540,P0037,W05,30,PROCESSING,2026-08-31T08:26:20.880590
O004541,P0063,W04,21,PROCESSING,2026-08-18T07:38:20.880590
O004542,P0074,W02,26,PROCESSING,2026-08-27T14:25:20.880590
O004543,P0017,W02,3,PLACED,2026-08-11T14:20:20.880590
O004544,P0068,W08,17,PLACED,2026-08-12T11:38:20.880590
O004545,P0090,W06,23,CANCELLED,2026-08-17T18:52:20.880590
O004546,P0007,W02,15,PLACED,2026-09-04T00:16:20.880590
O004547,P0038,W01,26,PROCESSING,2026-08-29T02:52:20.880590
O004548,P0020,W06,4,FULFILLED,2026-09-03T06:52:20.880590
O004549,P0023,W06,24,PLACED,2026-08-23T05:07:20.880590
O004550,P0014,W03,6,PROCESSING,2026-08-29T12:59:20.880590
O004551,P0050,W05,8,PROCESSING,2026-08-29T11:03:20.880590
O004552,P0059,W03,6,PLACED,2026-09-01T10:25:20.880590
O004553,P0038,W03,5,PLACED,2026-08-23T11:24:20.880590
O004554,P0023,W07,22,FULFILLED,2026-08-24T03:45:20.880590
O004555,P0076,W07,28,PROCESSING,2026-08-18T22:08:20.880590
O004556,P0095,W01,23,PROCESSING,2026-08-15T22:44:20.880590
O004557,P0038,W05,10,CANCELLED,2026-08-16T06:26:20.880590
O004558,P0040,W08,17,FULFILLED,2026-08-07T21:38:20.880590
O004559,P0035,W08,1,PROCESSING,2026-08-07T14:14:20.880590
O004560,P0048,W07,25,FULFILLED,2026-08-07T12:41:20.880590
O004561,P0079,W06,7,CANCELLED,2026-08-10T07:22:20.880590
O004562,P0033,W03,13,CANCELLED,2026-08-29T16:05:20.880590
O004563,P0085,W04,6,FULFILLED,2026-09-04T22:38:20.880590
O004564,P0030,W05,6,CANCELLED,2026-08-25T21:44:20.880590
O004565,P0061,W06,26,PROCESSING,2026-08-29T17:22:20.880590
O004566,P0046,W03,1,CANCELLED,2026-08-14T08:11:20.880590
O004567,P0052,W06,18,PLACED,2026-08-10T17:24:20.880590
O004568,P0078,W03,1,FULFILLED,2026-08-13T12:15:20.880590
O004569,P0093,W03,5,FULFILLED,2026-09-02T02:57:20.880590
O004570,P0010,W06,30,CANCELLED,2026-08-12T09:14:20.880590
O004571,P0006,W03,19,FULFILLED,2026-08-16T23:55:20.880590
O004572,P0097,W07,8,CANCELLED,2026-08-21T10:21:20.880590
O004573,P0060,W03,21,CANCELLED,2026-08-18T04:19:20.880590
O004574,P0080,W05,22,PROCESSING,2026-08-14T21:40:20.880590
O004575,P0056,W07,3,FULFILLED,2026-08-09T00:06:20.880590
O004576,P0080,W01,21,FULFILLED,2026-08-18T20:32:20.880590
O004577,P0025,W04,24,PLACED,2026-08-11T11:28:20.880590
O004578,P0084,W01,2,FULFILLED,2026-08-17T05:01:20.880590
O004579,P0069,W04,23,PROCESSING,2026-09-02T04:15:20.880590
O004580,P0083,W02,6,PROCESSING,2026-08-09T23:34:20.880590
O004581,P0023,W02,12,FULFILLED,2026-08-11T08:29:20.880590
O004582,P0085,W02,23,FULFILLED,2026-08-30T07:57:20.880590
O004583,P0020,W07,18,CANCELLED,2026-08-31T13:24:20.880590
O004584,P0064,W07,10,PLACED,2026-08-31T10:38:20.880590
O004585,P0098,W02,17,FULFILLED,2026-08-11T18:59:20.880590
O004586,P0072,W01,13,FULFILLED,2026-08-18T23:44:20.880590
O004587,P0097,W03,27,PLACED,2026-08-20T23:12:20.880590
O004588,P0050,W03,19,CANCELLED,2026-08-08T23:55:20.880590
O004589,P0082,W08,8,FULFILLED,2026-08-27T04:27:20.880590
O004590,P0042,W07,21,CANCELLED,2026-08-30T18:14:20.880590
O004591,P0052,W05,25,PLACED,2026-08-19T21:11:20.880590
O004592,P0056,W03,7,FULFILLED,2026-09-03T04:10:20.880590
O004593,P0024,W02,20,PROCESSING,2026-09-06T00:40:20.880590
O004594,P0019,W03,3,PROCESSING,2026-08-26T21:46:20.880590
O004595,P0003,W05,23,PLACED,2026-08-15T09:19:20.880590
O004596,P0037,W03,20,FULFILLED,2026-08-09T03:05:20.880590
O004597,P0028,W02,10,CANCELLED,2026-08-31T06:23:20.880590
O004598,P0073,W02,3,CANCELLED,2026-08-30T07:39:20.880590
O004599,P0058,W03,27,CANCELLED,2026-09-04T01:09:20.880590
O004600,P0079,W05,19,PLACED,2026-09-02T19:48:20.880590
O004601,P0021,W04,4,PLACED,2026-09-05T17:14:20.880590
O004602,P0029,W07,14,CANCELLED,2026-08-09T15:41:20.880590
O004603,P0095,W03,23,PLACED,2026-08-08T00:17:20.880590
O004604,P0001,W06,30,PROCESSING,2026-08-09T21:33:20.880590
O004605,P0070,W06,7,CANCELLED,2026-08-14T09:35:20.880590
O004606,P0013,W01,11,PLACED,2026-08-15T15:21:20.880590
O004607,P0023,W05,8,PROCESSING,2026-08-21T22:11:20.880590
O004608,P0091,W01,30,FULFILLED,2026-09-01T01:58:20.880590
O004609,P0089,W03,30,CANCELLED,2026-09-01T05:36:20.880590
O004610,P0022,W01,2,CANCELLED,2026-09-04T02:11:20.880590
O004611,P0069,W07,6,CANCELLED,2026-08-25T04:15:20.880590
O004612,P0032,W04,6,PROCESSING,2026-08-26T21:48:20.880590
O004613,P0079,W07,22,PROCESSING,2026-08-29T21:17:20.880590
O004614,P0062,W07,29,PLACED,2026-08-16T19:41:20.880590
O004615,P0044,W02,29,CANCELLED,2026-08-30T01:43:20.880590
O004616,P0051,W08,4,PROCESSING,2026-08-15T02:47:20.880590
O004617,P0071,W05,25,PLACED,2026-08-26T19:31:20.880590
O004618,P0010,W04,5,PROCESSING,2026-08-07T02:18:20.880590
O004619,P0029,W03,4,PROCESSING,2026-08-16T05:05:20.880590
O004620,P0024,W08,24,PLACED,2026-08-22T22:58:20.880590
O004621,P0062,W06,23,PLACED,2026-08-31T02:31:20.880590
O004622,P0062,W08,13,PLACED,2026-08-25T12:56:20.880590
O004623,P0006,W07,25,FULFILLED,2026-09-05T16:05:20.880590
O004624,P0022,W01,21,PLACED,2026-09-02T13:07:20.880590
O004625,P0035,W04,25,PLACED,2026-09-05T19:57:20.880590
O004626,P0017,W08,20,CANCELLED,2026-09-04T07:53:20.880590
O004627,P0015,W08,30,PLACED,2026-08-25T16:58:20.880590
O004628,P0076,W07,19,PROCESSING,2026-08-23T02:16:20.880590
O004629,P0089,W05,12,CANCELLED,2026-08-31T16:21:20.880590
O004630,P0095,W01,23,PROCESSING,2026-08-15T04:03:20.880590
O004631,P0049,W06,23,CANCELLED,2026-08-24T20:15:20.880590
O004632,P0050,W03,20,FULFILLED,2026-08-31T08:32:20.880590
O004633,P0013,W03,11,CANCELLED,2026-09-02T05:11:20.880590
O004634,P0040,W03,11,FULFILLED,2026-08-16T08:23:20.880590
O004635,P0078,W05,22,CANCELLED,2026-08-17T05:33:20.880590
O004636,P0082,W01,25,CANCELLED,2026-09-04T15:39:20.880590
O004637,P0018,W01,15,FULFILLED,2026-08-20T14:45:20.880590
O004638,P0061,W03,25,CANCELLED,2026-09-04T14:42:20.880590
O004639,P0076,W05,3,CANCELLED,2026-08-26T07:30:20.880590
O004640,P0080,W07,16,PLACED,2026-09-02T04:28:20.880590
O004641,P0001,W08,10,CANCELLED,2026-09-01T15:44:20.880590
O004642,P0072,W06,22,FULFILLED,2026-08-18T15:50:20.880590
O004643,P0036,W02,17,PROCESSING,2026-08-25T12:28:20.880590
O004644,P0065,W05,4,CANCELLED,2026-09-03T17:48:20.880590
O004645,P0032,W05,27,CANCELLED,2026-08-28T02:05:20.880590
O004646,P0081,W06,7,CANCELLED,2026-08-30T16:17:20.880590
O004647,P0069,W02,13,FULFILLED,2026-09-02T12:35:20.880590
O004648,P0069,W01,9,FULFILLED,2026-09-02T15:36:20.880590
O004649,P0002,W03,22,CANCELLED,2026-08-21T10:36:20.880590
O004650,P0042,W03,4,PLACED,2026-08-07T12:14:20.880590
O004651,P0052,W03,15,PLACED,2026-08-14T12:34:20.880590
O004652,P0052,W05,18,PLACED,2026-08-25T02:43:20.880590
O004653,P0070,W03,9,FULFILLED,2026-08-07T21:09:20.880590
O004654,P0067,W02,25,PROCESSING,2026-08-23T09:04:20.880590
O004655,P0072,W04,28,PLACED,2026-08-07T02:00:20.880590
O004656,P0062,W05,22,PROCESSING,2026-08-22T01:44:20.880590
O004657,P0077,W08,9,PLACED,2026-09-04T05:22:20.880590
O004658,P0045,W07,28,PROCESSING,2026-09-01T05:48:20.880590
O004659,P0020,W08,26,FULFILLED,2026-08-07T17:19:20.880590
O004660,P0007,W01,7,PLACED,2026-08-07T15:18:20.880590
O004661,P0093,W07,25,CANCELLED,2026-08-22T18:09:20.880590
O004662,P0076,W06,21,PROCESSING,2026-08-11T16:38:20.880590
O004663,P0046,W07,10,PLACED,2026-08-07T20:17:20.880590
O004664,P0034,W04,27,CANCELLED,2026-09-01T10:51:20.880590
O004665,P0086,W05,14,CANCELLED,2026-08-31T16:43:20.880590
O004666,P0007,W08,30,PLACED,2026-09-01T23:26:20.880590
O004667,P0016,W08,6,CANCELLED,2026-09-05T19:21:20.880590
O004668,P0005,W01,4,PROCESSING,2026-09-05T07:27:20.880590
O004669,P0048,W02,2,PROCESSING,2026-08-26T12:36:20.880590
O004670,P0038,W05,9,PROCESSING,2026-08-19T09:50:20.880590
O004671,P0077,W01,13,CANCELLED,2026-09-03T10:21:20.880590
O004672,P0086,W06,14,CANCELLED,2026-08-19T12:58:20.880590
O004673,P0022,W05,2,CANCELLED,2026-08-24T02:10:20.880590
O004674,P0100,W03,4,FULFILLED,2026-08-13T12:15:20.880590
O004675,P0079,W07,28,CANCELLED,2026-08-22T17:22:20.880590
O004676,P0041,W07,25,PROCESSING,2026-08-13T06:58:20.880590
O004677,P0024,W02,20,PLACED,2026-08-15T10:39:20.880590
O004678,P0031,W04,30,FULFILLED,2026-08-22T03:48:20.880590
O004679,P0004,W05,16,FULFILLED,2026-08-27T01:33:20.880590
O004680,P0050,W05,18,FULFILLED,2026-08-28T22:08:20.880590
O004681,P0048,W04,20,CANCELLED,2026-08-21T21:08:20.880590
O004682,P0022,W02,28,PROCESSING,2026-08-21T21:46:20.880590
O004683,P0029,W06,1,CANCELLED,2026-08-31T09:05:20.880590
O004684,P0018,W05,11,FULFILLED,2026-08-10T18:48:20.880590
O004685,P0014,W03,23,PLACED,2026-08-16T23:42:20.880590
O004686,P0095,W04,13,PROCESSING,2026-08-07T05:02:20.880590
O004687,P0024,W02,30,PLACED,2026-09-06T00:34:20.880590
O004688,P0031,W03,21,CANCELLED,2026-08-28T13:17:20.880590
O004689,P0021,W07,25,FULFILLED,2026-08-29T13:42:20.880590
O004690,P0083,W04,20,FULFILLED,2026-08-31T10:56:20.880590
O004691,P0042,W06,18,FULFILLED,2026-09-01T08:22:20.880590
O004692,P0024,W05,6,FULFILLED,2026-08-14T20:09:20.880590
O004693,P0092,W06,4,CANCELLED,2026-08-13T10:16:20.880590
O004694,P0065,W06,16,FULFILLED,2026-08-12T07:44:20.880590
O004695,P0011,W08,3,PLACED,2026-09-04T01:06:20.880590
O004696,P0007,W01,12,FULFILLED,2026-08-22T08:24:20.880590
O004697,P0012,W05,15,CANCELLED,2026-09-03T07:59:20.880590
O004698,P0035,W08,8,FULFILLED,2026-08-21T01:01:20.880590
O004699,P0028,W06,25,PROCESSING,2026-09-05T02:58:20.880590
O004700,P0057,W05,4,CANCELLED,2026-08-20T14:26:20.880590
O004701,P0046,W05,23,CANCELLED,2026-08-12T11:29:20.880590
O004702,P0034,W05,28,PROCESSING,2026-08-16T03:15:20.880590
O004703,P0043,W04,16,PLACED,2026-08-08T17:26:20.880590
O004704,P0025,W02,17,PROCESSING,2026-08-17T04:10:20.880590
O004705,P0011,W02,23,PROCESSING,2026-08-26T05:34:20.880590
O004706,P0083,W03,14,PLACED,2026-08-17T23:10:20.880590
O004707,P0061,W03,26,PLACED,2026-08-30T09:43:20.880590
O004708,P0023,W08,18,CANCELLED,2026-08-23T02:34:20.880590
O004709,P0002,W05,27,CANCELLED,2026-08-15T23:49:20.880590
O004710,P0041,W02,11,PROCESSING,2026-08-15T10:20:20.880590
O004711,P0057,W05,14,FULFILLED,2026-08-12T14:55:20.880590
O004712,P0042,W04,16,PLACED,2026-08-16T17:44:20.880590
O004713,P0066,W02,12,CANCELLED,2026-08-11T16:18:20.880590
O004714,P0025,W05,9,CANCELLED,2026-08-28T19:55:20.880590
O004715,P0012,W08,15,CANCELLED,2026-08-29T15:47:20.880590
O004716,P0076,W07,19,PLACED,2026-08-14T11:00:20.880590
O004717,P0029,W04,27,CANCELLED,2026-08-21T04:26:20.880590
O004718,P0076,W05,29,CANCELLED,2026-08-13T06:34:20.880590
O004719,P0056,W05,29,FULFILLED,2026-09-04T16:34:20.880590
O004720,P0079,W01,23,PLACED,2026-08-09T10:56:20.880590
O004721,P0007,W06,16,PROCESSING,2026-08-12T03:55:20.880590
O004722,P0003,W04,27,FULFILLED,2026-09-02T08:08:20.880590
O004723,P0013,W02,18,CANCELLED,2026-08-14T12:14:20.880590
O004724,P0038,W05,6,FULFILLED,2026-08-30T19:39:20.880590
O004725,P0036,W05,20,CANCELLED,2026-08-24T19:15:20.880590
O004726,P0048,W08,6,FULFILLED,2026-09-02T14:01:20.880590
O004727,P0043,W06,25,PROCESSING,2026-08-29T08:55:20.880590
O004728,P0095,W02,27,PLACED,2026-08-30T15:33:20.880590
O004729,P0019,W02,15,CANCELLED,2026-08-15T05:05:20.880590
O004730,P0078,W02,27,PROCESSING,2026-08-31T13:56:20.880590
O004731,P0068,W04,21,CANCELLED,2026-08-20T16:15:20.880590
O004732,P0060,W01,30,FULFILLED,2026-08-10T18:55:20.880590
O004733,P0068,W05,30,FULFILLED,2026-09-02T11:35:20.880590
O004734,P0013,W05,26,PROCESSING,2026-08-22T00:28:20.880590
O004735,P0064,W03,17,CANCELLED,2026-08-26T10:07:20.880590
O004736,P0014,W02,6,PROCESSING,2026-08-30T21:04:20.880590
O004737,P0004,W04,17,FULFILLED,2026-09-05T02:29:20.880590
O004738,P0069,W02,25,PLACED,2026-08-26T19:54:20.880590
O004739,P0032,W08,27,PLACED,2026-09-02T08:52:20.880590
O004740,P0044,W01,29,PLACED,2026-08-19T13:54:20.880590
O004741,P0085,W03,27,PLACED,2026-09-04T03:33:20.880590
O004742,P0060,W01,12,FULFILLED,2026-08-27T07:47:20.880590
O004743,P0072,W07,30,CANCELLED,2026-08-13T18:51:20.880590
O004744,P0027,W04,27,FULFILLED,2026-09-02T16:36:20.880590
O004745,P0081,W06,24,PLACED,2026-08-11T03:05:20.880590
O004746,P0096,W01,25,FULFILLED,2026-08-28T04:58:20.880590
O004747,P0017,W07,1,PLACED,2026-08-15T22:34:20.880590
O004748,P0074,W04,26,PLACED,2026-08-12T14:31:20.880590
O004749,P0032,W03,28,CANCELLED,2026-08-07T12:48:20.880590
O004750,P0018,W06,12,PLACED,2026-08-21T01:09:20.880590
O004751,P0093,W07,2,PLACED,2026-08-18T03:13:20.880590
O004752,P0042,W02,28,PLACED,2026-08-31T05:32:20.880590
O004753,P0037,W06,2,PROCESSING,2026-08-09T00:04:20.880590
O004754,P0028,W08,7,CANCELLED,2026-08-20T16:22:20.880590
O004755,P0044,W08,7,CANCELLED,2026-08-10T05:31:20.880590
O004756,P0018,W08,3,PROCESSING,2026-08-25T08:34:20.880590
O004757,P0066,W07,19,PROCESSING,2026-08-22T22:16:20.880590
O004758,P0046,W04,26,PLACED,2026-08-16T13:41:20.880590
O004759,P0081,W06,18,FULFILLED,2026-08-07T09:11:20.880590
O004760,P0012,W06,21,FULFILLED,2026-08-26T15:18:20.880590
O004761,P0086,W04,3,FULFILLED,2026-08-27T13:19:20.880590
O004762,P0049,W04,19,CANCELLED,2026-08-24T14:51:20.880590
O004763,P0024,W06,12,PLACED,2026-09-01T21:55:20.880590
O004764,P0049,W05,8,CANCELLED,2026-08-11T16:01:20.880590
O004765,P0006,W03,27,PROCESSING,2026-09-03T23:27:20.880590
O004766,P0063,W03,15,PLACED,2026-08-28T12:27:20.880590
O004767,P0070,W07,25,CANCELLED,2026-08-14T06:26:20.880590
O004768,P0001,W06,30,PROCESSING,2026-08-25T17:05:20.880590
O004769,P0023,W02,13,FULFILLED,2026-08-20T11:37:20.880590
O004770,P0009,W07,3,PLACED,2026-08-18T17:30:20.880590
O004771,P0080,W08,11,PROCESSING,2026-08-11T19:55:20.880590
O004772,P0069,W05,14,FULFILLED,2026-08-22T07:03:20.880590
O004773,P0048,W02,2,PROCESSING,2026-08-09T00:13:20.880590
O004774,P0070,W01,5,CANCELLED,2026-09-01T13:19:20.880590
O004775,P0002,W05,5,CANCELLED,2026-08-16T19:09:20.880590
O004776,P0027,W07,5,PLACED,2026-08-26T03:50:20.880590
O004777,P0082,W05,22,FULFILLED,2026-08-19T01:00:20.880590
O004778,P0015,W04,19,FULFILLED,2026-08-27T16:31:20.880590
O004779,P0003,W07,19,PLACED,2026-08-16T16:20:20.880590
O004780,P0064,W07,9,PLACED,2026-08-26T02:24:20.880590
O004781,P0023,W03,17,FULFILLED,2026-09-01T23:38:20.880590
O004782,P0066,W08,25,FULFILLED,2026-09-03T23:42:20.880590
O004783,P0097,W06,4,PROCESSING,2026-08-21T14:50:20.880590
O004784,P0069,W08,5,CANCELLED,2026-08-22T00:23:20.880590
O004785,P0059,W05,29,PROCESSING,2026-08-12T16:04:20.880590
O004786,P0083,W07,26,PLACED,2026-08-08T00:39:20.880590
O004787,P0097,W07,27,FULFILLED,2026-08-11T20:49:20.880590
O004788,P0026,W05,7,PLACED,2026-08-08T15:46:20.880590
O004789,P0064,W04,18,CANCELLED,2026-08-30T03:28:20.880590
O004790,P0084,W06,17,PROCESSING,2026-08-27T05:29:20.880590
O004791,P0028,W07,10,CANCELLED,2026-08-17T17:02:20.880590
O004792,P0002,W05,4,PROCESSING,2026-08-27T12:23:20.880590
O004793,P0078,W01,20,PLACED,2026-08-07T10:37:20.880590
O004794,P0025,W07,1,PROCESSING,2026-08-22T22:44:20.880590
O004795,P0017,W07,5,FULFILLED,2026-08-31T20:38:20.880590
O004796,P0022,W01,30,FULFILLED,2026-08-19T02:19:20.880590
O004797,P0084,W03,28,PROCESSING,2026-08-10T03:29:20.880590
O004798,P0079,W01,24,FULFILLED,2026-08-10T22:15:20.880590
O004799,P0060,W03,1,FULFILLED,2026-08-27T13:09:20.880590
O004800,P0009,W01,2,CANCELLED,2026-08-19T18:42:20.880590
O004801,P0091,W05,4,PROCESSING,2026-09-02T23:33:20.880590
O004802,P0035,W06,25,PROCESSING,2026-08-14T07:41:20.880590
O004803,P0083,W02,2,CANCELLED,2026-09-01T03:04:20.880590
O004804,P0040,W02,21,PROCESSING,2026-09-04T02:23:20.880590
O004805,P0097,W05,18,CANCELLED,2026-08-13T14:55:20.880590
O004806,P0076,W08,5,CANCELLED,2026-08-08T08:10:20.880590
O004807,P0074,W07,7,PROCESSING,2026-08-18T16:46:20.880590
O004808,P0048,W02,16,FULFILLED,2026-08-15T03:14:20.880590
O004809,P0024,W05,1,FULFILLED,2026-08-13T14:52:20.880590
O004810,P0087,W04,6,CANCELLED,2026-09-05T10:40:20.880590
O004811,P0014,W01,2,PROCESSING,2026-08-11T14:17:20.880590
O004812,P0049,W07,4,CANCELLED,2026-08-20T23:04:20.880590
O004813,P0007,W08,1,PROCESSING,2026-08-16T20:22:20.880590
O004814,P0052,W08,23,PROCESSING,2026-08-31T21:57:20.880590
O004815,P0020,W01,2,FULFILLED,2026-08-09T14:40:20.880590
O004816,P0051,W07,24,PROCESSING,2026-08-17T19:40:20.880590
O004817,P0074,W06,7,CANCELLED,2026-08-10T05:57:20.880590
O004818,P0075,W01,1,FULFILLED,2026-08-31T19:17:20.880590
O004819,P0061,W06,1,PLACED,2026-08-28T05:09:20.880590
O004820,P0064,W04,5,FULFILLED,2026-08-11T10:02:20.880590
O004821,P0002,W01,26,CANCELLED,2026-09-01T16:27:20.880590
O004822,P0079,W08,3,PROCESSING,2026-08-16T21:33:20.880590
O004823,P0084,W08,6,PROCESSING,2026-08-08T15:13:20.880590
O004824,P0014,W04,18,CANCELLED,2026-08-11T07:34:20.880590
O004825,P0006,W08,29,PLACED,2026-09-01T20:02:20.880590
O004826,P0050,W08,5,PROCESSING,2026-09-05T20:56:20.880590
O004827,P0004,W05,11,FULFILLED,2026-08-12T12:26:20.880590
O004828,P0015,W08,4,PROCESSING,2026-08-25T14:31:20.880590
O004829,P0009,W08,27,PLACED,2026-08-31T23:03:20.880590
O004830,P0033,W05,8,CANCELLED,2026-08-27T18:09:20.880590
O004831,P0019,W04,25,FULFILLED,2026-08-09T12:10:20.880590
O004832,P0017,W03,12,PROCESSING,2026-08-20T09:35:20.880590
O004833,P0083,W07,1,PROCESSING,2026-08-11T06:49:20.880590
O004834,P0024,W04,30,FULFILLED,2026-08-22T15:19:20.880590
O004835,P0019,W01,19,FULFILLED,2026-08-10T19:17:20.880590
O004836,P0095,W08,26,CANCELLED,2026-08-20T22:39:20.880590
O004837,P0049,W01,7,PROCESSING,2026-08-15T06:20:20.880590
O004838,P0083,W06,11,PLACED,2026-08-26T04:53:20.880590
O004839,P0017,W08,14,PLACED,2026-08-17T06:47:20.880590
O004840,P0060,W05,24,PLACED,2026-09-05T17:04:20.880590
O004841,P0035,W06,27,FULFILLED,2026-08-13T03:42:20.880590
O004842,P0070,W06,4,CANCELLED,2026-09-02T15:40:20.880590
O004843,P0017,W02,4,PLACED,2026-08-08T17:53:20.880590
O004844,P0069,W02,6,CANCELLED,2026-08-21T14:34:20.880590
O004845,P0052,W05,24,CANCELLED,2026-08-31T15:46:20.880590
O004846,P0062,W07,26,CANCELLED,2026-08-18T16:16:20.880590
O004847,P0028,W08,13,PLACED,2026-08-12T20:01:20.880590
O004848,P0065,W05,10,CANCELLED,2026-08-07T11:58:20.880590
O004849,P0004,W04,15,PLACED,2026-08-18T20:06:20.880590
O004850,P0015,W01,16,FULFILLED,2026-09-01T18:03:20.880590
O004851,P0073,W03,3,CANCELLED,2026-09-04T06:18:20.880590
O004852,P0006,W01,13,PROCESSING,2026-08-20T17:56:20.880590
O004853,P0078,W03,27,PROCESSING,2026-08-24T22:43:20.880590
O004854,P0030,W05,18,FULFILLED,2026-08-21T21:32:20.880590
O004855,P0056,W05,15,PLACED,2026-08-30T06:19:20.880590
O004856,P0021,W02,8,CANCELLED,2026-08-30T00:06:20.880590
O004857,P0036,W07,6,PROCESSING,2026-08-21T13:22:20.880590
O004858,P0022,W02,6,PROCESSING,2026-08-07T12:02:20.880590
O004859,P0088,W03,28,PLACED,2026-08-29T10:26:20.880590
O004860,P0043,W01,29,PROCESSING,2026-08-23T09:50:20.880590
O004861,P0001,W01,1,PLACED,2026-08-16T23:19:20.880590
O004862,P0067,W07,8,FULFILLED,2026-09-01T00:34:20.880590
O004863,P0059,W04,19,PLACED,2026-08-25T09:56:20.880590
O004864,P0001,W01,17,PLACED,2026-09-03T22:05:20.880590
O004865,P0033,W02,13,PLACED,2026-08-12T13:55:20.880590
O004866,P0075,W02,13,PROCESSING,2026-08-08T02:41:20.880590
O004867,P0018,W08,7,CANCELLED,2026-08-17T18:12:20.880590
O004868,P0087,W08,24,PLACED,2026-09-02T13:05:20.880590
O004869,P0002,W06,10,PLACED,2026-08-24T17:26:20.880590
O004870,P0055,W08,9,CANCELLED,2026-08-31T23:33:20.880590
O004871,P0006,W01,1,FULFILLED,2026-08-18T04:57:20.880590
O004872,P0032,W07,4,PLACED,2026-08-17T00:45:20.880590
O004873,P0058,W02,30,PLACED,2026-08-18T04:16:20.880590
O004874,P0011,W06,3,FULFILLED,2026-08-30T21:05:20.880590
O004875,P0043,W03,25,FULFILLED,2026-08-18T20:27:20.880590
O004876,P0003,W04,21,FULFILLED,2026-08-13T21:20:20.880590
O004877,P0009,W06,7,FULFILLED,2026-08-07T14:33:20.880590
O004878,P0036,W07,14,PLACED,2026-08-17T22:39:20.880590
O004879,P0042,W07,19,FULFILLED,2026-08-27T09:05:20.880590
O004880,P0075,W05,28,CANCELLED,2026-08-19T22:56:20.880590
O004881,P0057,W03,23,PLACED,2026-08-26T17:12:20.880590
O004882,P0008,W03,9,PLACED,2026-08-11T09:43:20.880590
O004883,P0091,W02,23,PROCESSING,2026-08-13T09:32:20.880590
O004884,P0084,W04,17,CANCELLED,2026-08-13T07:54:20.880590
O004885,P0099,W05,1,PROCESSING,2026-09-03T04:54:20.880590
O004886,P0019,W01,17,FULFILLED,2026-08-24T20:34:20.880590
O004887,P0009,W08,9,FULFILLED,2026-08-29T20:25:20.880590
O004888,P0060,W04,26,FULFILLED,2026-08-13T05:54:20.880590
O004889,P0025,W07,10,PROCESSING,2026-09-05T01:22:20.880590
O004890,P0045,W08,1,PLACED,2026-08-17T04:11:20.880590
O004891,P0012,W03,20,PLACED,2026-08-20T11:15:20.880590
O004892,P0018,W06,4,PLACED,2026-09-01T13:06:20.880590
O004893,P0009,W03,26,FULFILLED,2026-08-26T02:43:20.880590
O004894,P0073,W01,10,CANCELLED,2026-08-22T19:17:20.880590
O004895,P0005,W01,15,PROCESSING,2026-08-12T06:23:20.880590
O004896,P0008,W05,14,CANCELLED,2026-08-17T00:41:20.880590
O004897,P0007,W02,5,PROCESSING,2026-08-08T03:07:20.880590
O004898,P0019,W08,3,PLACED,2026-08-30T19:59:20.880590
O004899,P0093,W03,7,PROCESSING,2026-08-11T03:25:20.880590
O004900,P0095,W07,3,FULFILLED,2026-09-01T21:36:20.880590
O004901,P0017,W01,21,FULFILLED,2026-08-11T03:15:20.880590
O004902,P0092,W06,1,CANCELLED,2026-08-31T06:53:20.880590
O004903,P0056,W06,8,FULFILLED,2026-08-26T14:25:20.880590
O004904,P0049,W01,29,FULFILLED,2026-08-21T06:15:20.880590
O004905,P0023,W03,15,CANCELLED,2026-09-05T20:57:20.880590
O004906,P0082,W05,13,PLACED,2026-08-17T00:21:20.880590
O004907,P0080,W02,11,PROCESSING,2026-08-11T22:22:20.880590
O004908,P0047,W08,24,PROCESSING,2026-08-07T08:53:20.880590
O004909,P0063,W03,9,PROCESSING,2026-08-21T03:03:20.880590
O004910,P0072,W07,3,CANCELLED,2026-08-22T23:24:20.880590
O004911,P0069,W03,6,FULFILLED,2026-08-25T17:03:20.880590
O004912,P0096,W03,27,CANCELLED,2026-08-11T16:20:20.880590
O004913,P0051,W08,1,CANCELLED,2026-08-15T09:35:20.880590
O004914,P0091,W07,30,FULFILLED,2026-08-26T02:19:20.880590
O004915,P0020,W03,9,PLACED,2026-08-25T06:31:20.880590
O004916,P0057,W07,28,CANCELLED,2026-09-04T08:09:20.880590
O004917,P0035,W05,16,CANCELLED,2026-08-30T07:10:20.880590
O004918,P0085,W03,19,PLACED,2026-08-10T17:21:20.880590
O004919,P0027,W06,1,PLACED,2026-09-05T03:29:20.880590
O004920,P0014,W05,17,CANCELLED,2026-08-25T20:17:20.880590
O004921,P0019,W03,8,FULFILLED,2026-08-20T18:33:20.880590
O004922,P0027,W05,2,FULFILLED,2026-08-19T10:22:20.880590
O004923,P0095,W07,18,PROCESSING,2026-08-26T03:22:20.880590
O004924,P0020,W02,11,CANCELLED,2026-08-12T02:04:20.880590
O004925,P0078,W06,6,FULFILLED,2026-08-18T13:31:20.880590
O004926,P0074,W03,1,CANCELLED,2026-08-18T17:53:20.880590
O004927,P0037,W02,25,PLACED,2026-08-19T15:19:20.880590
O004928,P0086,W08,25,PROCESSING,2026-08-11T15:49:20.880590
O004929,P0071,W02,17,PROCESSING,2026-08-31T22:33:20.880590
O004930,P0032,W01,28,CANCELLED,2026-08-28T03:47:20.880590
O004931,P0040,W04,11,FULFILLED,2026-08-17T16:27:20.880590
O004932,P0065,W03,24,PLACED,2026-08-29T20:02:20.880590
O004933,P0067,W05,19,CANCELLED,2026-08-31T02:23:20.880590
O004934,P0003,W07,13,FULFILLED,2026-08-31T11:47:20.880590
O004935,P0045,W02,27,PLACED,2026-08-07T21:23:20.880590
O004936,P0024,W02,6,FULFILLED,2026-08-09T01:11:20.880590
O004937,P0026,W05,3,PROCESSING,2026-08-21T05:06:20.880590
O004938,P0004,W02,23,CANCELLED,2026-08-18T07:21:20.880590
O004939,P0040,W07,1,PROCESSING,2026-08-09T09:04:20.880590
O004940,P0019,W02,23,CANCELLED,2026-08-29T15:54:20.880590
O004941,P0008,W04,6,PLACED,2026-08-09T11:09:20.880590
O004942,P0014,W08,18,PLACED,2026-08-16T05:39:20.880590
O004943,P0012,W05,2,PLACED,2026-08-10T16:59:20.880590
O004944,P0039,W08,27,PLACED,2026-08-16T14:38:20.880590
O004945,P0014,W08,24,PLACED,2026-08-18T00:19:20.880590
O004946,P0060,W07,2,PLACED,2026-09-02T21:31:20.880590
O004947,P0097,W07,29,PROCESSING,2026-09-04T17:55:20.880590
O004948,P0088,W01,24,FULFILLED,2026-08-23T04:55:20.880590
O004949,P0075,W05,28,CANCELLED,2026-08-11T13:01:20.880590
O004950,P0043,W06,30,PLACED,2026-08-30T21:38:20.880590
O004951,P0016,W02,7,CANCELLED,2026-09-04T16:06:20.880590
O004952,P0029,W06,17,PROCESSING,2026-08-22T13:34:20.880590
O004953,P0003,W08,30,PROCESSING,2026-08-12T11:48:20.880590
O004954,P0068,W08,17,PLACED,2026-09-01T11:01:20.880590
O004955,P0018,W08,20,PLACED,2026-08-28T12:36:20.880590
O004956,P0060,W02,14,PLACED,2026-08-17T09:01:20.880590
O004957,P0004,W02,25,CANCELLED,2026-08-26T11:32:20.880590
O004958,P0017,W04,22,CANCELLED,2026-08-14T02:18:20.880590
O004959,P0062,W08,25,PLACED,2026-08-18T11:55:20.880590
O004960,P0026,W08,11,PROCESSING,2026-08-31T10:17:20.880590
O004961,P0058,W07,18,PLACED,2026-08-08T21:27:20.880590
O004962,P0024,W05,18,PLACED,2026-08-07T09:02:20.880590
O004963,P0047,W06,15,PLACED,2026-09-01T01:06:20.880590
O004964,P0022,W05,22,FULFILLED,2026-08-07T17:30:20.880590
O004965,P0099,W03,7,CANCELLED,2026-08-15T21:29:20.880590
O004966,P0021,W02,13,PLACED,2026-08-15T12:49:20.880590
O004967,P0078,W07,18,FULFILLED,2026-08-24T13:20:20.880590
O004968,P0034,W07,22,CANCELLED,2026-08-27T19:22:20.880590
O004969,P0050,W08,22,FULFILLED,2026-08-07T23:10:20.880590
O004970,P0056,W02,8,FULFILLED,2026-08-10T01:49:20.880590
O004971,P0012,W06,2,PLACED,2026-08-13T12:33:20.880590
O004972,P0039,W03,13,PLACED,2026-08-25T13:30:20.880590
O004973,P0062,W01,7,PROCESSING,2026-08-07T06:14:20.880590
O004974,P0006,W05,29,PROCESSING,2026-08-23T14:58:20.880590
O004975,P0028,W02,20,PROCESSING,2026-08-19T21:30:20.880590
O004976,P0018,W05,18,FULFILLED,2026-09-02T08:37:20.880590
O004977,P0009,W04,1,PLACED,2026-08-29T23:15:20.880590
O004978,P0014,W07,20,PLACED,2026-08-20T18:39:20.880590
O004979,P0041,W04,2,PROCESSING,2026-08-07T18:18:20.880590
O004980,P0048,W02,13,CANCELLED,2026-08-11T15:39:20.880590
O004981,P0098,W07,23,FULFILLED,2026-08-23T15:47:20.880590
O004982,P0092,W04,8,FULFILLED,2026-08-25T10:59:20.880590
O004983,P0040,W02,3,PLACED,2026-08-17T15:33:20.880590
O004984,P0003,W02,29,FULFILLED,2026-08-21T21:20:20.880590
O004985,P0054,W05,25,PROCESSING,2026-08-29T18:05:20.880590
O004986,P0065,W07,28,PLACED,2026-08-29T09:15:20.880590
O004987,P0061,W04,18,FULFILLED,2026-08-21T15:00:20.880590
O004988,P0096,W02,5,PLACED,2026-08-21T15:58:20.880590
O004989,P0064,W06,26,PLACED,2026-08-27T11:53:20.880590
O004990,P0030,W06,25,CANCELLED,2026-08-13T03:45:20.880590
O004991,P0013,W06,12,FULFILLED,2026-08-30T02:51:20.880590
O004992,P0049,W01,25,CANCELLED,2026-08-14T02:27:20.880590
O004993,P0030,W07,1,PROCESSING,2026-08-14T09:01:20.880590
O004994,P0038,W07,25,FULFILLED,2026-08-20T12:19:20.880590
O004995,P0055,W08,15,PROCESSING,2026-08-19T19:27:20.880590
O004996,P0046,W02,15,PLACED,2026-08-08T17:28:20.880590
O004997,P0059,W04,2,CANCELLED,2026-08-08T07:15:20.880590
O004998,P0047,W07,26,FULFILLED,2026-08-12T15:13:20.880590
O004999,P0062,W04,16,PLACED,2026-09-05T17:56:20.880590
O005000,P0013,W08,11,FULFILLED,2026-08-16T21:54:20.880590
