shipment_id,order_id,carrier,ship_timestamp,promised_delivery,actual_delivery,status
SHP000001,O004343,DHL,2026-08-17T10:44:20.880590,2026-08-24T10:44:20.880590,2026-08-24T10:44:20.880590,IN_TRANSIT
SHP000002,O000598,UPS,2026-08-20T13:16:20.880590,2026-08-25T13:16:20.880590,2026-08-25T13:16:20.880590,DELAYED
SHP000003,O001484,BlueDart,2026-08-27T22:47:20.880590,2026-08-28T22:47:20.880590,2026-08-28T22:47:20.880590,DELAYED
SHP000004,O002723,UPS,2026-08-14T22:06:20.880590,2026-08-21T22:06:20.880590,2026-08-22T22:06:20.880590,DELAYED
SHP000005,O003300,FedEx,2026-08-31T02:13:20.880590,2026-09-04T02:13:20.880590,2026-09-04T02:13:20.880590,DELAYED
SHP000006,O002460,DHL,2026-08-30T13:14:20.880590,2026-09-03T13:14:20.880590,2026-09-04T13:14:20.880590,IN_TRANSIT
SHP000007,O001115,DHL,2026-08-18T11:13:20.880590,2026-08-22T11:13:20.880590,2026-08-23T11:13:20.880590,DELAYED
SHP000008,O001179,BlueDart,2026-08-16T11:22:20.880590,2026-08-17T11:22:20.880590,2026-08-17T11:22:20.880590,IN_TRANSIT
SHP000009,O004494,BlueDart,2026-08-16T12:52:20.880590,2026-08-20T12:52:20.880590,2026-08-21T12:52:20.880590,DELAYED
SHP000010,O002934,Delhivery,2026-08-13T08:32:20.880590,2026-08-15T08:32:20.880590,2026-08-15T08:32:20.880590,DELAYED
SHP000011,O004129,BlueDart,2026-08-26T16:26:20.880590,2026-08-31T16:26:20.880590,2026-08-30T16:26:20.880590,IN_TRANSIT
SHP000012,O002157,Delhivery,2026-08-08T10:24:20.880590,2026-08-13T10:24:20.880590,2026-08-14T10:24:20.880590,DELAYED
SHP000013,O001445,DHL,2026-08-17T16:44:20.880590,2026-08-23T16:44:20.880590,2026-08-23T16:44:20.880590,IN_TRANSIT
SHP000014,O002128,DHL,2026-08-17T18:26:20.880590,2026-08-20T18:26:20.880590,2026-08-19T18:26:20.880590,DELAYED
SHP000015,O004948,FedEx,2026-08-30T22:40:20.880590,2026-09-03T22:40:20.880590,2026-09-03T22:40:20.880590,DELAYED
SHP000016,O000687,UPS,2026-08-26T02:06:20.880590,2026-08-31T02:06:20.880590,2026-09-01T02:06:20.880590,IN_TRANSIT
SHP000017,O000073,UPS,2026-08-18T18:32:20.880590,2026-08-20T18:32:20.880590,2026-08-20T18:32:20.880590,IN_TRANSIT
SHP000018,O000474,BlueDart,2026-08-27T13:11:20.880590,2026-09-01T13:11:20.880590,2026-09-03T13:11:20.880590,IN_TRANSIT
SHP000019,O002778,UPS,2026-08-29T19:20:20.880590,2026-09-01T19:20:20.880590,2026-09-01T19:20:20.880590,IN_TRANSIT
SHP000020,O004807,DHL,2026-08-10T13:29:20.880590,2026-08-12T13:29:20.880590,2026-08-14T13:29:20.880590,IN_TRANSIT
SHP000021,O001483,BlueDart,2026-08-13T18:09:20.880590,2026-08-15T18:09:20.880590,2026-08-16T18:09:20.880590,DELAYED
SHP000022,O003731,FedEx,2026-08-12T23:40:20.880590,2026-08-14T23:40:20.880590,2026-08-13T23:40:20.880590,DELAYED
SHP000023,O001438,FedEx,2026-08-15T01:43:20.880590,2026-08-19T01:43:20.880590,2026-08-18T01:43:20.880590,DELIVERED
SHP000024,O003808,UPS,2026-08-10T11:20:20.880590,2026-08-16T11:20:20.880590,2026-08-17T11:20:20.880590,IN_TRANSIT
SHP000025,O000989,BlueDart,2026-09-03T16:08:20.880590,2026-09-04T16:08:20.880590,2026-09-05T16:08:20.880590,DELIVERED
SHP000026,O002413,FedEx,2026-08-09T15:54:20.880590,2026-08-14T15:54:20.880590,2026-08-16T15:54:20.880590,IN_TRANSIT
SHP000027,O002368,UPS,2026-08-12T05:57:20.880590,2026-08-19T05:57:20.880590,2026-08-21T05:57:20.880590,IN_TRANSIT
SHP000028,O004534,FedEx,2026-09-02T07:47:20.880590,2026-09-03T07:47:20.880590,2026-09-03T07:47:20.880590,DELIVERED
SHP000029,O003481,Delhivery,2026-08-11T18:32:20.880590,2026-08-12T18:32:20.880590,2026-08-12T18:32:20.880590,DELAYED
SHP000030,O001534,DHL,2026-08-15T05:07:20.880590,2026-08-17T05:07:20.880590,2026-08-18T05:07:20.880590,DELAYED
SHP000031,O000114,DHL,2026-09-01T01:43:20.880590,2026-09-04T01:43:20.880590,2026-09-04T01:43:20.880590,DELAYED
SHP000032,O002201,BlueDart,2026-08-25T03:36:20.880590,2026-09-01T03:36:20.880590,2026-08-31T03:36:20.880590,DELIVERED
SHP000033,O004476,DHL,2026-08-26T06:41:20.880590,2026-09-02T06:41:20.880590,2026-09-01T06:41:20.880590,IN_TRANSIT
SHP000034,O000159,FedEx,2026-08-28T04:49:20.880590,2026-09-04T04:49:20.880590,2026-09-03T04:49:20.880590,IN_TRANSIT
SHP000035,O003651,DHL,2026-08-15T21:20:20.880590,2026-08-18T21:20:20.880590,2026-08-17T21:20:20.880590,DELIVERED
SHP000036,O004779,FedEx,2026-08-20T07:29:20.880590,2026-08-22T07:29:20.880590,2026-08-22T07:29:20.880590,IN_TRANSIT
SHP000037,O001504,UPS,2026-08-27T22:35:20.880590,2026-08-30T22:35:20.880590,2026-08-31T22:35:20.880590,DELAYED
SHP000038,O000927,BlueDart,2026-08-17T05:56:20.880590,2026-08-19T05:56:20.880590,2026-08-21T05:56:20.880590,IN_TRANSIT
SHP000039,O003550,FedEx,2026-08-27T05:56:20.880590,2026-09-01T05:56:20.880590,2026-08-31T05:56:20.880590,DELAYED
SHP000040,O004611,DHL,2026-08-17T04:13:20.880590,2026-08-23T04:13:20.880590,2026-08-24T04:13:20.880590,IN_TRANSIT
SHP000041,O000499,FedEx,2026-08-18T21:31:20.880590,2026-08-21T21:31:20.880590,2026-08-23T21:31:20.880590,DELAYED
SHP000042,O004506,UPS,2026-09-03T22:42:20.880590,2026-09-04T22:42:20.880590,2026-09-06T22:42:20.880590,DELIVERED
SHP000043,O001843,FedEx,2026-09-03T13:55:20.880590,2026-09-07T13:55:20.880590,2026-09-07T13:55:20.880590,IN_TRANSIT
SHP000044,O004432,DHL,2026-08-15T06:13:20.880590,2026-08-17T06:13:20.880590,2026-08-19T06:13:20.880590,DELIVERED
SHP000045,O001821,UPS,2026-08-24T16:47:20.880590,2026-08-30T16:47:20.880590,2026-08-29T16:47:20.880590,IN_TRANSIT
SHP000046,O003517,DHL,2026-09-01T16:35:20.880590,2026-09-03T16:35:20.880590,2026-09-04T16:35:20.880590,DELAYED
SHP000047,O003708,BlueDart,2026-08-26T03:55:20.880590,2026-09-01T03:55:20.880590,2026-09-01T03:55:20.880590,DELIVERED
SHP000048,O001362,Delhivery,2026-08-27T16:53:20.880590,2026-09-02T16:53:20.880590,2026-09-02T16:53:20.880590,IN_TRANSIT
SHP000049,O004818,BlueDart,2026-08-16T09:46:20.880590,2026-08-19T09:46:20.880590,2026-08-21T09:46:20.880590,DELAYED
SHP000050,O004804,UPS,2026-09-04T13:49:20.880590,2026-09-05T13:49:20.880590,2026-09-06T13:49:20.880590,DELAYED
SHP000051,O004143,Delhivery,2026-08-07T02:02:20.880590,2026-08-11T02:02:20.880590,2026-08-11T02:02:20.880590,DELIVERED
SHP000052,O004057,UPS,2026-08-26T02:44:20.880590,2026-09-02T02:44:20.880590,2026-09-03T02:44:20.880590,DELIVERED
SHP000053,O000366,Delhivery,2026-08-14T18:42:20.880590,2026-08-15T18:42:20.880590,2026-08-14T18:42:20.880590,DELAYED
SHP000054,O004875,DHL,2026-08-14T21:01:20.880590,2026-08-16T21:01:20.880590,2026-08-16T21:01:20.880590,DELIVERED
SHP000055,O002452,FedEx,2026-08-23T23:05:20.880590,2026-08-28T23:05:20.880590,2026-08-27T23:05:20.880590,IN_TRANSIT
SHP000056,O004442,Delhivery,2026-08-18T20:21:20.880590,2026-08-19T20:21:20.880590,2026-08-21T20:21:20.880590,DELIVERED
SHP000057,O001286,UPS,2026-08-14T22:45:20.880590,2026-08-16T22:45:20.880590,2026-08-16T22:45:20.880590,DELIVERED
SHP000058,O000054,FedEx,2026-08-14T22:43:20.880590,2026-08-16T22:43:20.880590,2026-08-16T22:43:20.880590,DELIVERED
SHP000059,O001262,UPS,2026-08-08T21:54:20.880590,2026-08-14T21:54:20.880590,2026-08-14T21:54:20.880590,IN_TRANSIT
SHP000060,O000930,Delhivery,2026-08-09T18:16:20.880590,2026-08-15T18:16:20.880590,2026-08-15T18:16:20.880590,IN_TRANSIT
SHP000061,O002692,DHL,2026-08-19T23:16:20.880590,2026-08-21T23:16:20.880590,2026-08-22T23:16:20.880590,DELAYED
SHP000062,O004542,Delhivery,2026-08-30T00:14:20.880590,2026-09-02T00:14:20.880590,2026-09-02T00:14:20.880590,DELAYED
SHP000063,O002012,FedEx,2026-08-15T20:55:20.880590,2026-08-17T20:55:20.880590,2026-08-17T20:55:20.880590,DELIVERED
SHP000064,O001338,Delhivery,2026-08-24T23:53:20.880590,2026-08-28T23:53:20.880590,2026-08-28T23:53:20.880590,DELIVERED
SHP000065,O000219,UPS,2026-08-31T12:24:20.880590,2026-09-05T12:24:20.880590,2026-09-07T12:24:20.880590,DELAYED
SHP000066,O001004,FedEx,2026-08-17T13:10:20.880590,2026-08-24T13:10:20.880590,2026-08-24T13:10:20.880590,IN_TRANSIT
SHP000067,O001325,Delhivery,2026-08-11T04:13:20.880590,2026-08-12T04:13:20.880590,2026-08-13T04:13:20.880590,IN_TRANSIT
SHP000068,O003218,UPS,2026-09-03T07:04:20.880590,2026-09-10T07:04:20.880590,2026-09-12T07:04:20.880590,DELAYED
SHP000069,O001097,DHL,2026-09-04T00:55:20.880590,2026-09-05T00:55:20.880590,2026-09-05T00:55:20.880590,DELIVERED
SHP000070,O003289,FedEx,2026-08-29T15:37:20.880590,2026-08-30T15:37:20.880590,2026-08-31T15:37:20.880590,IN_TRANSIT
SHP000071,O004817,UPS,2026-08-21T02:54:20.880590,2026-08-24T02:54:20.880590,2026-08-24T02:54:20.880590,DELIVERED
SHP000072,O003146,FedEx,2026-08-07T17:40:20.880590,2026-08-12T17:40:20.880590,2026-08-12T17:40:20.880590,DELAYED
SHP000073,O004640,FedEx,2026-08-11T06:53:20.880590,2026-08-15T06:53:20.880590,2026-08-15T06:53:20.880590,DELAYED
SHP000074,O004801,FedEx,2026-08-11T12:13:20.880590,2026-08-13T12:13:20.880590,2026-08-14T12:13:20.880590,IN_TRANSIT
SHP000075,O001877,DHL,2026-08-10T12:26:20.880590,2026-08-14T12:26:20.880590,2026-08-14T12:26:20.880590,DELIVERED
SHP000076,O001050,BlueDart,2026-08-25T07:10:20.880590,2026-09-01T07:10:20.880590,2026-09-01T07:10:20.880590,IN_TRANSIT
SHP000077,O001239,Delhivery,2026-08-21T13:18:20.880590,2026-08-27T13:18:20.880590,2026-08-28T13:18:20.880590,IN_TRANSIT
SHP000078,O000843,FedEx,2026-08-24T11:51:20.880590,2026-08-30T11:51:20.880590,2026-08-29T11:51:20.880590,DELAYED
SHP000079,O000987,BlueDart,2026-08-26T10:25:20.880590,2026-09-02T10:25:20.880590,2026-09-02T10:25:20.880590,DELIVERED
SHP000080,O004679,Delhivery,2026-08-07T06:20:20.880590,2026-08-09T06:20:20.880590,2026-08-11T06:20:20.880590,IN_TRANSIT
SHP000081,O001126,UPS,2026-08-21T09:55:20.880590,2026-08-22T09:55:20.880590,2026-08-22T09:55:20.880590,DELIVERED
SHP000082,O000515,UPS,2026-08-11T21:04:20.880590,2026-08-17T21:04:20.880590,2026-08-17T21:04:20.880590,IN_TRANSIT
SHP000083,O000082,UPS,2026-08-23T04:45:20.880590,2026-08-24T04:45:20.880590,2026-08-24T04:45:20.880590,DELIVERED
SHP000084,O000823,Delhivery,2026-08-13T09:52:20.880590,2026-08-19T09:52:20.880590,2026-08-18T09:52:20.880590,IN_TRANSIT
SHP000085,O000405,Delhivery,2026-08-17T21:07:20.880590,2026-08-24T21:07:20.880590,2026-08-25T21:07:20.880590,IN_TRANSIT
SHP000086,O003777,FedEx,2026-09-02T23:15:20.880590,2026-09-05T23:15:20.880590,2026-09-06T23:15:20.880590,DELAYED
SHP000087,O003067,UPS,2026-08-12T19:58:20.880590,2026-08-19T19:58:20.880590,2026-08-19T19:58:20.880590,DELIVERED
SHP000088,O004111,Delhivery,2026-08-11T07:27:20.880590,2026-08-13T07:27:20.880590,2026-08-13T07:27:20.880590,DELAYED
SHP000089,O004422,DHL,2026-08-21T16:24:20.880590,2026-08-26T16:24:20.880590,2026-08-26T16:24:20.880590,DELAYED
SHP000090,O002479,Delhivery,2026-08-07T09:31:20.880590,2026-08-11T09:31:20.880590,2026-08-12T09:31:20.880590,DELIVERED
SHP000091,O004037,BlueDart,2026-08-26T16:38:20.880590,2026-09-02T16:38:20.880590,2026-09-04T16:38:20.880590,DELIVERED
SHP000092,O001921,FedEx,2026-08-16T13:40:20.880590,2026-08-21T13:40:20.880590,2026-08-23T13:40:20.880590,DELAYED
SHP000093,O002903,DHL,2026-08-26T15:05:20.880590,2026-08-29T15:05:20.880590,2026-08-31T15:05:20.880590,DELIVERED
SHP000094,O002788,BlueDart,2026-08-14T14:39:20.880590,2026-08-20T14:39:20.880590,2026-08-22T14:39:20.880590,DELAYED
SHP000095,O003550,UPS,2026-08-20T05:59:20.880590,2026-08-21T05:59:20.880590,2026-08-23T05:59:20.880590,IN_TRANSIT
SHP000096,O004125,UPS,2026-09-05T00:41:20.880590,2026-09-11T00:41:20.880590,2026-09-13T00:41:20.880590,DELAYED
SHP000097,O004436,FedEx,2026-08-15T19:14:20.880590,2026-08-22T19:14:20.880590,2026-08-22T19:14:20.880590,DELAYED
SHP000098,O003915,FedEx,2026-08-26T23:00:20.880590,2026-08-30T23:00:20.880590,2026-08-30T23:00:20.880590,DELIVERED
SHP000099,O002181,BlueDart,2026-08-30T04:11:20.880590,2026-09-03T04:11:20.880590,2026-09-03T04:11:20.880590,DELAYED
SHP000100,O001379,UPS,2026-09-02T15:50:20.880590,2026-09-05T15:50:20.880590,2026-09-05T15:50:20.880590,DELAYED
SHP000101,O003058,DHL,2026-08-21T13:43:20.880590,2026-08-28T13:43:20.880590,2026-08-30T13:43:20.880590,IN_TRANSIT
SHP000102,O004551,FedEx,2026-08-14T17:45:20.880590,2026-08-16T17:45:20.880590,2026-08-16T17:45:20.880590,IN_TRANSIT
SHP000103,O000871,Delhivery,2026-08-07T10:50:20.880590,2026-08-09T10:50:20.880590,2026-08-09T10:50:20.880590,DELAYED
SHP000104,O003324,FedEx,2026-09-04T23:41:20.880590,2026-09-11T23:41:20.880590,2026-09-11T23:41:20.880590,IN_TRANSIT
SHP000105,O004526,BlueDart,2026-08-14T21:23:20.880590,2026-08-16T21:23:20.880590,2026-08-18T21:23:20.880590,IN_TRANSIT
SHP000106,O000105,DHL,2026-08-15T06:19:20.880590,2026-08-22T06:19:20.880590,2026-08-22T06:19:20.880590,DELIVERED
SHP000107,O002241,DHL,2026-08-18T05:46:20.880590,2026-08-21T05:46:20.880590,2026-08-23T05:46:20.880590,DELAYED
SHP000108,O004867,DHL,2026-08-15T00:34:20.880590,2026-08-22T00:34:20.880590,2026-08-21T00:34:20.880590,DELAYED
SHP000109,O003421,BlueDart,2026-09-05T20:59:20.880590,2026-09-07T20:59:20.880590,2026-09-08T20:59:20.880590,DELIVERED
SHP000110,O003358,BlueDart,2026-08-13T04:11:20.880590,2026-08-14T04:11:20.880590,2026-08-14T04:11:20.880590,IN_TRANSIT
SHP000111,O004758,UPS,2026-08-09T10:53:20.880590,2026-08-13T10:53:20.880590,2026-08-13T10:53:20.880590,DELIVERED
SHP000112,O003910,UPS,2026-08-10T02:19:20.880590,2026-08-16T02:19:20.880590,2026-08-15T02:19:20.880590,DELIVERED
SHP000113,O000614,DHL,2026-08-17T14:23:20.880590,2026-08-23T14:23:20.880590,2026-08-22T14:23:20.880590,DELAYED
SHP000114,O002013,UPS,2026-08-17T01:17:20.880590,2026-08-24T01:17:20.880590,2026-08-24T01:17:20.880590,DELAYED
SHP000115,O001456,FedEx,2026-09-04T05:44:20.880590,2026-09-06T05:44:20.880590,2026-09-06T05:44:20.880590,IN_TRANSIT
SHP000116,O000712,Delhivery,2026-08-11T07:42:20.880590,2026-08-13T07:42:20.880590,2026-08-14T07:42:20.880590,DELIVERED
SHP000117,O003440,DHL,2026-08-09T04:30:20.880590,2026-08-14T04:30:20.880590,2026-08-14T04:30:20.880590,IN_TRANSIT
SHP000118,O000306,UPS,2026-08-29T04:05:20.880590,2026-09-02T04:05:20.880590,2026-09-02T04:05:20.880590,IN_TRANSIT
SHP000119,O003425,DHL,2026-08-12T02:32:20.880590,2026-08-16T02:32:20.880590,2026-08-17T02:32:20.880590,DELIVERED
SHP000120,O002306,FedEx,2026-08-24T20:24:20.880590,2026-08-30T20:24:20.880590,2026-09-01T20:24:20.880590,DELAYED
SHP000121,O000085,DHL,2026-08-23T04:03:20.880590,2026-08-28T04:03:20.880590,2026-08-28T04:03:20.880590,DELIVERED
SHP000122,O001422,FedEx,2026-08-28T03:10:20.880590,2026-08-31T03:10:20.880590,2026-09-01T03:10:20.880590,DELIVERED
SHP000123,O003487,FedEx,2026-08-27T07:08:20.880590,2026-09-03T07:08:20.880590,2026-09-03T07:08:20.880590,DELAYED
SHP000124,O001685,FedEx,2026-08-12T03:00:20.880590,2026-08-19T03:00:20.880590,2026-08-20T03:00:20.880590,DELIVERED
SHP000125,O002122,UPS,2026-08-07T14:59:20.880590,2026-08-13T14:59:20.880590,2026-08-12T14:59:20.880590,IN_TRANSIT
SHP000126,O001125,FedEx,2026-08-20T16:44:20.880590,2026-08-26T16:44:20.880590,2026-08-25T16:44:20.880590,IN_TRANSIT
SHP000127,O002262,UPS,2026-08-22T22:34:20.880590,2026-08-23T22:34:20.880590,2026-08-23T22:34:20.880590,IN_TRANSIT
SHP000128,O003801,BlueDart,2026-08-15T04:34:20.880590,2026-08-21T04:34:20.880590,2026-08-22T04:34:20.880590,DELAYED
SHP000129,O003905,BlueDart,2026-08-23T12:49:20.880590,2026-08-30T12:49:20.880590,2026-08-29T12:49:20.880590,IN_TRANSIT
SHP000130,O002057,Delhivery,2026-08-16T13:04:20.880590,2026-08-19T13:04:20.880590,2026-08-19T13:04:20.880590,DELAYED
SHP000131,O002273,BlueDart,2026-08-09T02:34:20.880590,2026-08-16T02:34:20.880590,2026-08-15T02:34:20.880590,IN_TRANSIT
SHP000132,O002787,DHL,2026-08-21T23:27:20.880590,2026-08-26T23:27:20.880590,2026-08-28T23:27:20.880590,IN_TRANSIT
SHP000133,O000709,BlueDart,2026-08-07T23:00:20.880590,2026-08-12T23:00:20.880590,2026-08-14T23:00:20.880590,DELAYED
SHP000134,O001413,UPS,2026-08-15T15:37:20.880590,2026-08-21T15:37:20.880590,2026-08-21T15:37:20.880590,DELIVERED
SHP000135,O002352,Delhivery,2026-08-14T17:40:20.880590,2026-08-16T17:40:20.880590,2026-08-17T17:40:20.880590,IN_TRANSIT
SHP000136,O002190,DHL,2026-08-19T04:37:20.880590,2026-08-26T04:37:20.880590,2026-08-27T04:37:20.880590,DELIVERED
SHP000137,O002201,UPS,2026-08-17T00:38:20.880590,2026-08-21T00:38:20.880590,2026-08-21T00:38:20.880590,DELIVERED
SHP000138,O003185,Delhivery,2026-08-29T20:37:20.880590,2026-09-01T20:37:20.880590,2026-09-02T20:37:20.880590,DELAYED
SHP000139,O001356,UPS,2026-08-07T13:11:20.880590,2026-08-14T13:11:20.880590,2026-08-14T13:11:20.880590,DELAYED
SHP000140,O001847,BlueDart,2026-08-23T21:15:20.880590,2026-08-30T21:15:20.880590,2026-08-30T21:15:20.880590,IN_TRANSIT
SHP000141,O004652,DHL,2026-09-01T12:26:20.880590,2026-09-04T12:26:20.880590,2026-09-05T12:26:20.880590,DELIVERED
SHP000142,O004225,BlueDart,2026-08-16T01:31:20.880590,2026-08-22T01:31:20.880590,2026-08-22T01:31:20.880590,DELIVERED
SHP000143,O000100,DHL,2026-09-05T18:29:20.880590,2026-09-10T18:29:20.880590,2026-09-10T18:29:20.880590,DELIVERED
SHP000144,O002763,UPS,2026-08-29T20:29:20.880590,2026-09-02T20:29:20.880590,2026-09-02T20:29:20.880590,DELIVERED
SHP000145,O003202,UPS,2026-08-11T05:13:20.880590,2026-08-13T05:13:20.880590,2026-08-13T05:13:20.880590,DELAYED
SHP000146,O000132,DHL,2026-09-03T12:29:20.880590,2026-09-08T12:29:20.880590,2026-09-08T12:29:20.880590,IN_TRANSIT
SHP000147,O000637,UPS,2026-08-31T08:17:20.880590,2026-09-06T08:17:20.880590,2026-09-07T08:17:20.880590,DELIVERED
SHP000148,O004004,BlueDart,2026-08-20T22:15:20.880590,2026-08-26T22:15:20.880590,2026-08-25T22:15:20.880590,IN_TRANSIT
SHP000149,O003733,Delhivery,2026-08-17T04:02:20.880590,2026-08-22T04:02:20.880590,2026-08-22T04:02:20.880590,IN_TRANSIT
SHP000150,O003745,DHL,2026-08-16T17:16:20.880590,2026-08-20T17:16:20.880590,2026-08-21T17:16:20.880590,DELIVERED
SHP000151,O003698,UPS,2026-08-31T17:40:20.880590,2026-09-04T17:40:20.880590,2026-09-04T17:40:20.880590,IN_TRANSIT
SHP000152,O001077,BlueDart,2026-08-28T07:53:20.880590,2026-09-04T07:53:20.880590,2026-09-04T07:53:20.880590,IN_TRANSIT
SHP000153,O000551,UPS,2026-09-01T05:56:20.880590,2026-09-07T05:56:20.880590,2026-09-07T05:56:20.880590,DELAYED
SHP000154,O004256,UPS,2026-08-11T00:35:20.880590,2026-08-18T00:35:20.880590,2026-08-20T00:35:20.880590,DELAYED
SHP000155,O004680,DHL,2026-09-03T18:31:20.880590,2026-09-04T18:31:20.880590,2026-09-04T18:31:20.880590,IN_TRANSIT
SHP000156,O001368,Delhivery,2026-08-28T16:39:20.880590,2026-09-04T16:39:20.880590,2026-09-03T16:39:20.880590,DELIVERED
SHP000157,O002524,UPS,2026-08-30T14:08:20.880590,2026-08-31T14:08:20.880590,2026-09-01T14:08:20.880590,DELAYED
SHP000158,O003155,DHL,2026-09-01T15:22:20.880590,2026-09-04T15:22:20.880590,2026-09-04T15:22:20.880590,IN_TRANSIT
SHP000159,O003510,DHL,2026-08-25T19:19:20.880590,2026-08-28T19:19:20.880590,2026-08-27T19:19:20.880590,DELIVERED
SHP000160,O003639,UPS,2026-08-18T08:16:20.880590,2026-08-22T08:16:20.880590,2026-08-24T08:16:20.880590,DELAYED
SHP000161,O001731,DHL,2026-08-18T05:43:20.880590,2026-08-22T05:43:20.880590,2026-08-23T05:43:20.880590,DELAYED
SHP000162,O001729,DHL,2026-08-27T02:02:20.880590,2026-09-03T02:02:20.880590,2026-09-04T02:02:20.880590,IN_TRANSIT
SHP000163,O004490,FedEx,2026-08-12T12:45:20.880590,2026-08-14T12:45:20.880590,2026-08-14T12:45:20.880590,IN_TRANSIT
SHP000164,O003895,Delhivery,2026-08-25T17:35:20.880590,2026-08-31T17:35:20.880590,2026-08-31T17:35:20.880590,DELIVERED
SHP000165,O000133,Delhivery,2026-09-04T00:24:20.880590,2026-09-08T00:24:20.880590,2026-09-10T00:24:20.880590,DELAYED
SHP000166,O003530,UPS,2026-08-30T03:16:20.880590,2026-09-01T03:16:20.880590,2026-09-03T03:16:20.880590,IN_TRANSIT
SHP000167,O000383,BlueDart,2026-09-03T06:22:20.880590,2026-09-07T06:22:20.880590,2026-09-07T06:22:20.880590,DELAYED
SHP000168,O001675,UPS,2026-08-25T22:23:20.880590,2026-08-31T22:23:20.880590,2026-08-31T22:23:20.880590,DELAYED
SHP000169,O004127,BlueDart,2026-08-30T11:58:20.880590,2026-09-03T11:58:20.880590,2026-09-02T11:58:20.880590,DELAYED
SHP000170,O002644,DHL,2026-08-21T09:23:20.880590,2026-08-28T09:23:20.880590,2026-08-28T09:23:20.880590,DELAYED
SHP000171,O001139,DHL,2026-08-13T08:12:20.880590,2026-08-19T08:12:20.880590,2026-08-20T08:12:20.880590,DELIVERED
SHP000172,O004596,BlueDart,2026-08-18T23:59:20.880590,2026-08-25T23:59:20.880590,2026-08-24T23:59:20.880590,DELAYED
SHP000173,O003628,DHL,2026-08-25T07:55:20.880590,2026-08-29T07:55:20.880590,2026-08-30T07:55:20.880590,DELIVERED
SHP000174,O000502,DHL,2026-08-15T13:28:20.880590,2026-08-19T13:28:20.880590,2026-08-19T13:28:20.880590,DELAYED
SHP000175,O003888,FedEx,2026-08-07T17:36:20.880590,2026-08-14T17:36:20.880590,2026-08-16T17:36:20.880590,DELAYED
SHP000176,O004170,Delhivery,2026-08-15T03:05:20.880590,2026-08-16T03:05:20.880590,2026-08-18T03:05:20.880590,DELAYED
SHP000177,O004019,DHL,2026-08-14T07:53:20.880590,2026-08-19T07:53:20.880590,2026-08-19T07:53:20.880590,IN_TRANSIT
SHP000178,O001672,FedEx,2026-08-21T18:03:20.880590,2026-08-25T18:03:20.880590,2026-08-24T18:03:20.880590,IN_TRANSIT
SHP000179,O004374,BlueDart,2026-08-07T08:03:20.880590,2026-08-14T08:03:20.880590,2026-08-14T08:03:20.880590,DELAYED
SHP000180,O001406,BlueDart,2026-08-19T00:02:20.880590,2026-08-24T00:02:20.880590,2026-08-24T00:02:20.880590,DELIVERED
SHP000181,O001690,Delhivery,2026-08-08T10:24:20.880590,2026-08-13T10:24:20.880590,2026-08-13T10:24:20.880590,DELIVERED
SHP000182,O002678,UPS,2026-08-17T20:43:20.880590,2026-08-23T20:43:20.880590,2026-08-25T20:43:20.880590,DELAYED
SHP000183,O000926,UPS,2026-08-07T22:28:20.880590,2026-08-10T22:28:20.880590,2026-08-12T22:28:20.880590,DELAYED
SHP000184,O003684,DHL,2026-08-26T02:34:20.880590,2026-08-30T02:34:20.880590,2026-09-01T02:34:20.880590,DELIVERED
SHP000185,O002786,Delhivery,2026-08-09T22:47:20.880590,2026-08-13T22:47:20.880590,2026-08-13T22:47:20.880590,DELIVERED
SHP000186,O002118,Delhivery,2026-08-23T19:13:20.880590,2026-08-28T19:13:20.880590,2026-08-28T19:13:20.880590,IN_TRANSIT
SHP000187,O004600,Delhivery,2026-08-17T14:49:20.880590,2026-08-23T14:49:20.880590,2026-08-23T14:49:20.880590,DELAYED
SHP000188,O000445,FedEx,2026-08-18T05:24:20.880590,2026-08-25T05:24:20.880590,2026-08-24T05:24:20.880590,IN_TRANSIT
SHP000189,O000915,BlueDart,2026-08-31T13:54:20.880590,2026-09-04T13:54:20.880590,2026-09-06T13:54:20.880590,DELIVERED
SHP000190,O003088,UPS,2026-08-24T15:25:20.880590,2026-08-30T15:25:20.880590,2026-08-30T15:25:20.880590,DELAYED
SHP000191,O002816,Delhivery,2026-08-12T05:49:20.880590,2026-08-17T05:49:20.880590,2026-08-16T05:49:20.880590,DELIVERED
SHP000192,O002070,Delhivery,2026-08-24T08:03:20.880590,2026-08-30T08:03:20.880590,2026-08-30T08:03:20.880590,DELAYED
SHP000193,O000764,UPS,2026-08-30T07:34:20.880590,2026-08-31T07:34:20.880590,2026-08-31T07:34:20.880590,IN_TRANSIT
SHP000194,O000938,BlueDart,2026-08-09T04:04:20.880590,2026-08-10T04:04:20.880590,2026-08-12T04:04:20.880590,DELIVERED
SHP000195,O002445,DHL,2026-08-25T19:43:20.880590,2026-08-29T19:43:20.880590,2026-08-28T19:43:20.880590,DELIVERED
SHP000196,O004204,Delhivery,2026-08-08T11:22:20.880590,2026-08-09T11:22:20.880590,2026-08-11T11:22:20.880590,DELAYED
SHP000197,O003722,FedEx,2026-08-10T01:03:20.880590,2026-08-14T01:03:20.880590,2026-08-14T01:03:20.880590,DELAYED
SHP000198,O004921,BlueDart,2026-08-14T14:18:20.880590,2026-08-19T14:18:20.880590,2026-08-19T14:18:20.880590,DELAYED
SHP000199,O002451,Delhivery,2026-08-20T12:42:20.880590,2026-08-23T12:42:20.880590,2026-08-22T12:42:20.880590,DELAYED
SHP000200,O003750,FedEx,2026-08-07T22:25:20.880590,2026-08-12T22:25:20.880590,2026-08-14T22:25:20.880590,DELAYED
SHP000201,O002777,Delhivery,2026-09-02T10:20:20.880590,2026-09-04T10:20:20.880590,2026-09-05T10:20:20.880590,DELAYED
SHP000202,O000728,DHL,2026-08-19T14:27:20.880590,2026-08-23T14:27:20.880590,2026-08-25T14:27:20.880590,DELIVERED
SHP000203,O004853,DHL,2026-08-26T07:25:20.880590,2026-09-01T07:25:20.880590,2026-09-03T07:25:20.880590,IN_TRANSIT
SHP000204,O001405,BlueDart,2026-08-12T01:45:20.880590,2026-08-16T01:45:20.880590,2026-08-17T01:45:20.880590,DELIVERED
SHP000205,O004567,DHL,2026-08-07T18:24:20.880590,2026-08-12T18:24:20.880590,2026-08-12T18:24:20.880590,DELIVERED
SHP000206,O000984,BlueDart,2026-08-17T23:40:20.880590,2026-08-18T23:40:20.880590,2026-08-18T23:40:20.880590,IN_TRANSIT
SHP000207,O002168,UPS,2026-08-15T21:59:20.880590,2026-08-18T21:59:20.880590,2026-08-18T21:59:20.880590,IN_TRANSIT
SHP000208,O003126,FedEx,2026-09-03T03:09:20.880590,2026-09-09T03:09:20.880590,2026-09-09T03:09:20.880590,IN_TRANSIT
SHP000209,O003970,DHL,2026-08-30T19:29:20.880590,2026-08-31T19:29:20.880590,2026-08-31T19:29:20.880590,DELIVERED
SHP000210,O001169,UPS,2026-08-20T11:53:20.880590,2026-08-22T11:53:20.880590,2026-08-22T11:53:20.880590,DELIVERED
SHP000211,O004888,DHL,2026-08-25T14:52:20.880590,2026-08-30T14:52:20.880590,2026-08-29T14:52:20.880590,DELIVERED
SHP000212,O003757,UPS,2026-08-17T04:48:20.880590,2026-08-19T04:48:20.880590,2026-08-18T04:48:20.880590,DELIVERED
SHP000213,O002182,Delhivery,2026-09-01T03:36:20.880590,2026-09-05T03:36:20.880590,2026-09-06T03:36:20.880590,DELAYED
SHP000214,O002048,Delhivery,2026-08-09T17:38:20.880590,2026-08-13T17:38:20.880590,2026-08-14T17:38:20.880590,DELIVERED
SHP000215,O002406,FedEx,2026-08-13T01:26:20.880590,2026-08-17T01:26:20.880590,2026-08-17T01:26:20.880590,DELIVERED
SHP000216,O000345,UPS,2026-08-21T02:12:20.880590,2026-08-24T02:12:20.880590,2026-08-24T02:12:20.880590,DELAYED
SHP000217,O002096,Delhivery,2026-08-26T09:32:20.880590,2026-09-02T09:32:20.880590,2026-09-01T09:32:20.880590,DELAYED
SHP000218,O003602,UPS,2026-08-31T07:21:20.880590,2026-09-07T07:21:20.880590,2026-09-07T07:21:20.880590,DELAYED
SHP000219,O001992,BlueDart,2026-08-07T19:11:20.880590,2026-08-14T19:11:20.880590,2026-08-14T19:11:20.880590,DELAYED
SHP000220,O001204,DHL,2026-08-31T22:39:20.880590,2026-09-03T22:39:20.880590,2026-09-05T22:39:20.880590,IN_TRANSIT
SHP000221,O002038,Delhivery,2026-08-29T17:48:20.880590,2026-09-01T17:48:20.880590,2026-09-01T17:48:20.880590,DELAYED
SHP000222,O003368,FedEx,2026-08-25T06:23:20.880590,2026-08-27T06:23:20.880590,2026-08-27T06:23:20.880590,DELIVERED
SHP000223,O000315,BlueDart,2026-08-26T12:47:20.880590,2026-08-30T12:47:20.880590,2026-08-31T12:47:20.880590,DELAYED
SHP000224,O004334,BlueDart,2026-09-04T12:00:20.880590,2026-09-07T12:00:20.880590,2026-09-09T12:00:20.880590,DELIVERED
SHP000225,O003055,Delhivery,2026-08-12T22:41:20.880590,2026-08-15T22:41:20.880590,2026-08-17T22:41:20.880590,IN_TRANSIT
SHP000226,O001106,DHL,2026-08-14T23:40:20.880590,2026-08-17T23:40:20.880590,2026-08-17T23:40:20.880590,DELAYED
SHP000227,O003170,FedEx,2026-08-30T22:14:20.880590,2026-09-01T22:14:20.880590,2026-09-02T22:14:20.880590,DELAYED
SHP000228,O001056,DHL,2026-09-04T06:29:20.880590,2026-09-08T06:29:20.880590,2026-09-09T06:29:20.880590,IN_TRANSIT
SHP000229,O003717,Delhivery,2026-08-10T08:47:20.880590,2026-08-15T08:47:20.880590,2026-08-16T08:47:20.880590,DELIVERED
SHP000230,O002825,BlueDart,2026-08-15T16:00:20.880590,2026-08-20T16:00:20.880590,2026-08-22T16:00:20.880590,DELAYED
SHP000231,O001265,Delhivery,2026-09-05T23:22:20.880590,2026-09-11T23:22:20.880590,2026-09-13T23:22:20.880590,DELAYED
SHP000232,O002032,FedEx,2026-09-01T00:09:20.880590,2026-09-04T00:09:20.880590,2026-09-06T00:09:20.880590,DELAYED
SHP000233,O003276,Delhivery,2026-08-28T18:55:20.880590,2026-09-02T18:55:20.880590,2026-09-03T18:55:20.880590,DELAYED
SHP000234,O003695,Delhivery,2026-08-29T14:33:20.880590,2026-08-31T14:33:20.880590,2026-08-31T14:33:20.880590,IN_TRANSIT
SHP000235,O002467,DHL,2026-08-07T14:54:20.880590,2026-08-09T14:54:20.880590,2026-08-09T14:54:20.880590,DELAYED
SHP000236,O000401,Delhivery,2026-08-14T22:00:20.880590,2026-08-21T22:00:20.880590,2026-08-21T22:00:20.880590,DELAYED
SHP000237,O000784,UPS,2026-08-18T07:13:20.880590,2026-08-20T07:13:20.880590,2026-08-22T07:13:20.880590,DELAYED
SHP000238,O004912,DHL,2026-08-15T16:30:20.880590,2026-08-17T16:30:20.880590,2026-08-17T16:30:20.880590,IN_TRANSIT
SHP000239,O000241,DHL,2026-08-07T12:10:20.880590,2026-08-08T12:10:20.880590,2026-08-08T12:10:20.880590,IN_TRANSIT
SHP000240,O003821,BlueDart,2026-08-09T07:40:20.880590,2026-08-11T07:40:20.880590,2026-08-13T07:40:20.880590,DELAYED
SHP000241,O002499,FedEx,2026-08-10T02:58:20.880590,2026-08-17T02:58:20.880590,2026-08-16T02:58:20.880590,IN_TRANSIT
SHP000242,O000580,FedEx,2026-09-01T17:28:20.880590,2026-09-04T17:28:20.880590,2026-09-03T17:28:20.880590,DELIVERED
SHP000243,O004232,Delhivery,2026-08-16T08:22:20.880590,2026-08-20T08:22:20.880590,2026-08-20T08:22:20.880590,DELIVERED
SHP000244,O004453,BlueDart,2026-09-04T23:37:20.880590,2026-09-06T23:37:20.880590,2026-09-05T23:37:20.880590,DELAYED
SHP000245,O004425,BlueDart,2026-09-03T22:51:20.880590,2026-09-09T22:51:20.880590,2026-09-09T22:51:20.880590,DELAYED
SHP000246,O002435,FedEx,2026-08-24T12:34:20.880590,2026-08-30T12:34:20.880590,2026-08-30T12:34:20.880590,IN_TRANSIT
SHP000247,O002700,Delhivery,2026-08-07T13:49:20.880590,2026-08-13T13:49:20.880590,2026-08-13T13:49:20.880590,DELIVERED
SHP000248,O001497,FedEx,2026-08-30T15:51:20.880590,2026-09-02T15:51:20.880590,2026-09-02T15:51:20.880590,DELIVERED
SHP000249,O003969,BlueDart,2026-09-02T00:15:20.880590,2026-09-06T00:15:20.880590,2026-09-08T00:15:20.880590,DELIVERED
SHP000250,O002139,Delhivery,2026-09-04T09:13:20.880590,2026-09-09T09:13:20.880590,2026-09-10T09:13:20.880590,DELIVERED
SHP000251,O004467,DHL,2026-09-01T22:14:20.880590,2026-09-07T22:14:20.880590,2026-09-07T22:14:20.880590,IN_TRANSIT
SHP000252,O001079,DHL,2026-08-31T08:37:20.880590,2026-09-01T08:37:20.880590,2026-09-02T08:37:20.880590,DELAYED
SHP000253,O002016,DHL,2026-08-23T15:32:20.880590,2026-08-27T15:32:20.880590,2026-08-29T15:32:20.880590,IN_TRANSIT
SHP000254,O000824,Delhivery,2026-08-25T16:11:20.880590,2026-08-29T16:11:20.880590,2026-08-31T16:11:20.880590,IN_TRANSIT
SHP000255,O001253,UPS,2026-08-28T22:01:20.880590,2026-09-04T22:01:20.880590,2026-09-03T22:01:20.880590,IN_TRANSIT
SHP000256,O002518,BlueDart,2026-08-18T08:11:20.880590,2026-08-21T08:11:20.880590,2026-08-20T08:11:20.880590,DELAYED
SHP000257,O002605,FedEx,2026-08-14T11:51:20.880590,2026-08-15T11:51:20.880590,2026-08-15T11:51:20.880590,IN_TRANSIT
SHP000258,O002587,BlueDart,2026-09-04T05:10:20.880590,2026-09-05T05:10:20.880590,2026-09-04T05:10:20.880590,DELIVERED
SHP000259,O004016,BlueDart,2026-08-29T15:24:20.880590,2026-08-31T15:24:20.880590,2026-08-31T15:24:20.880590,DELIVERED
SHP000260,O002865,DHL,2026-08-29T15:32:20.880590,2026-08-31T15:32:20.880590,2026-09-01T15:32:20.880590,DELIVERED
SHP000261,O001470,DHL,2026-09-02T06:07:20.880590,2026-09-04T06:07:20.880590,2026-09-04T06:07:20.880590,DELAYED
SHP000262,O004896,DHL,2026-09-02T15:06:20.880590,2026-09-07T15:06:20.880590,2026-09-07T15:06:20.880590,DELAYED
SHP000263,O001585,FedEx,2026-08-29T02:22:20.880590,2026-09-02T02:22:20.880590,2026-09-01T02:22:20.880590,DELIVERED
SHP000264,O001507,UPS,2026-08-20T15:12:20.880590,2026-08-27T15:12:20.880590,2026-08-27T15:12:20.880590,IN_TRANSIT
SHP000265,O002348,Delhivery,2026-08-27T11:21:20.880590,2026-09-01T11:21:20.880590,2026-08-31T11:21:20.880590,IN_TRANSIT
SHP000266,O003533,DHL,2026-08-29T12:19:20.880590,2026-09-02T12:19:20.880590,2026-09-04T12:19:20.880590,IN_TRANSIT
SHP000267,O001848,UPS,2026-08-12T21:57:20.880590,2026-08-13T21:57:20.880590,2026-08-12T21:57:20.880590,DELAYED
SHP000268,O003388,UPS,2026-08-28T11:15:20.880590,2026-08-29T11:15:20.880590,2026-08-31T11:15:20.880590,DELIVERED
SHP000269,O000280,Delhivery,2026-08-28T12:06:20.880590,2026-09-04T12:06:20.880590,2026-09-04T12:06:20.880590,DELIVERED
SHP000270,O001958,FedEx,2026-08-29T01:19:20.880590,2026-09-05T01:19:20.880590,2026-09-07T01:19:20.880590,DELAYED
SHP000271,O000643,UPS,2026-08-22T20:33:20.880590,2026-08-25T20:33:20.880590,2026-08-26T20:33:20.880590,DELIVERED
SHP000272,O000304,Delhivery,2026-08-18T16:48:20.880590,2026-08-25T16:48:20.880590,2026-08-24T16:48:20.880590,DELAYED
SHP000273,O004169,DHL,2026-08-23T04:05:20.880590,2026-08-26T04:05:20.880590,2026-08-26T04:05:20.880590,DELAYED
SHP000274,O000782,UPS,2026-08-10T15:45:20.880590,2026-08-17T15:45:20.880590,2026-08-18T15:45:20.880590,IN_TRANSIT
SHP000275,O003215,UPS,2026-08-19T09:41:20.880590,2026-08-21T09:41:20.880590,2026-08-23T09:41:20.880590,DELAYED
SHP000276,O003264,DHL,2026-08-12T09:10:20.880590,2026-08-18T09:10:20.880590,2026-08-19T09:10:20.880590,IN_TRANSIT
SHP000277,O000415,UPS,2026-08-07T04:21:20.880590,2026-08-08T04:21:20.880590,2026-08-10T04:21:20.880590,DELIVERED
SHP000278,O002552,UPS,2026-08-07T15:10:20.880590,2026-08-10T15:10:20.880590,2026-08-09T15:10:20.880590,DELAYED
SHP000279,O000151,FedEx,2026-08-19T15:12:20.880590,2026-08-24T15:12:20.880590,2026-08-26T15:12:20.880590,DELIVERED
SHP000280,O000668,Delhivery,2026-08-15T04:04:20.880590,2026-08-16T04:04:20.880590,2026-08-16T04:04:20.880590,DELAYED
SHP000281,O003225,FedEx,2026-08-24T11:20:20.880590,2026-08-31T11:20:20.880590,2026-08-30T11:20:20.880590,DELIVERED
SHP000282,O003046,Delhivery,2026-08-30T10:33:20.880590,2026-09-04T10:33:20.880590,2026-09-05T10:33:20.880590,DELAYED
SHP000283,O000173,BlueDart,2026-08-19T17:49:20.880590,2026-08-24T17:49:20.880590,2026-08-26T17:49:20.880590,DELIVERED
SHP000284,O003210,UPS,2026-08-13T22:57:20.880590,2026-08-15T22:57:20.880590,2026-08-17T22:57:20.880590,DELAYED
SHP000285,O000742,BlueDart,2026-08-22T10:32:20.880590,2026-08-25T10:32:20.880590,2026-08-26T10:32:20.880590,DELAYED
SHP000286,O001693,FedEx,2026-09-03T09:07:20.880590,2026-09-09T09:07:20.880590,2026-09-09T09:07:20.880590,IN_TRANSIT
SHP000287,O001083,FedEx,2026-08-26T01:27:20.880590,2026-08-27T01:27:20.880590,2026-08-27T01:27:20.880590,DELAYED
SHP000288,O002458,UPS,2026-08-28T09:03:20.880590,2026-09-04T09:03:20.880590,2026-09-03T09:03:20.880590,DELAYED
SHP000289,O000438,BlueDart,2026-08-30T03:26:20.880590,2026-09-03T03:26:20.880590,2026-09-02T03:26:20.880590,DELAYED
SHP000290,O004575,BlueDart,2026-09-03T14:22:20.880590,2026-09-04T14:22:20.880590,2026-09-06T14:22:20.880590,DELIVERED
SHP000291,O000963,Delhivery,2026-08-08T22:13:20.880590,2026-08-14T22:13:20.880590,2026-08-16T22:13:20.880590,DELIVERED
SHP000292,O002312,FedEx,2026-08-31T16:10:20.880590,2026-09-01T16:10:20.880590,2026-08-31T16:10:20.880590,DELIVERED
SHP000293,O003194,BlueDart,2026-08-13T16:04:20.880590,2026-08-14T16:04:20.880590,2026-08-13T16:04:20.880590,IN_TRANSIT
SHP000294,O002259,Delhivery,2026-08-31T12:05:20.880590,2026-09-03T12:05:20.880590,2026-09-05T12:05:20.880590,DELIVERED
SHP000295,O001336,BlueDart,2026-08-22T15:57:20.880590,2026-08-24T15:57:20.880590,2026-08-24T15:57:20.880590,DELAYED
SHP000296,O000913,Delhivery,2026-08-12T11:43:20.880590,2026-08-18T11:43:20.880590,2026-08-19T11:43:20.880590,DELIVERED
SHP000297,O003726,FedEx,2026-08-20T11:55:20.880590,2026-08-22T11:55:20.880590,2026-08-21T11:55:20.880590,IN_TRANSIT
SHP000298,O004921,BlueDart,2026-08-17T08:08:20.880590,2026-08-23T08:08:20.880590,2026-08-22T08:08:20.880590,IN_TRANSIT
SHP000299,O002234,UPS,2026-08-28T18:52:20.880590,2026-09-03T18:52:20.880590,2026-09-03T18:52:20.880590,IN_TRANSIT
SHP000300,O000465,Delhivery,2026-08-28T21:58:20.880590,2026-09-03T21:58:20.880590,2026-09-03T21:58:20.880590,DELAYED
SHP000301,O000655,BlueDart,2026-08-16T00:15:20.880590,2026-08-23T00:15:20.880590,2026-08-22T00:15:20.880590,IN_TRANSIT
SHP000302,O000602,Delhivery,2026-08-24T19:50:20.880590,2026-08-29T19:50:20.880590,2026-08-29T19:50:20.880590,DELAYED
SHP000303,O004724,UPS,2026-08-18T03:47:20.880590,2026-08-22T03:47:20.880590,2026-08-23T03:47:20.880590,IN_TRANSIT
SHP000304,O001084,BlueDart,2026-08-25T15:15:20.880590,2026-08-27T15:15:20.880590,2026-08-27T15:15:20.880590,IN_TRANSIT
SHP000305,O003080,DHL,2026-09-02T06:48:20.880590,2026-09-05T06:48:20.880590,2026-09-05T06:48:20.880590,DELIVERED
SHP000306,O003149,DHL,2026-08-13T08:00:20.880590,2026-08-19T08:00:20.880590,2026-08-21T08:00:20.880590,IN_TRANSIT
SHP000307,O001063,UPS,2026-08-07T19:22:20.880590,2026-08-11T19:22:20.880590,2026-08-13T19:22:20.880590,IN_TRANSIT
SHP000308,O001771,BlueDart,2026-08-07T07:54:20.880590,2026-08-12T07:54:20.880590,2026-08-13T07:54:20.880590,DELIVERED
SHP000309,O000425,BlueDart,2026-08-22T02:34:20.880590,2026-08-24T02:34:20.880590,2026-08-23T02:34:20.880590,IN_TRANSIT
SHP000310,O001956,BlueDart,2026-08-25T01:44:20.880590,2026-09-01T01:44:20.880590,2026-08-31T01:44:20.880590,IN_TRANSIT
SHP000311,O001059,Delhivery,2026-08-09T01:29:20.880590,2026-08-15T01:29:20.880590,2026-08-14T01:29:20.880590,DELAYED
SHP000312,O003514,UPS,2026-09-04T21:08:20.880590,2026-09-11T21:08:20.880590,2026-09-10T21:08:20.880590,DELAYED
SHP000313,O004815,DHL,2026-08-31T20:43:20.880590,2026-09-01T20:43:20.880590,2026-09-01T20:43:20.880590,DELAYED
SHP000314,O004853,DHL,2026-08-09T01:15:20.880590,2026-08-11T01:15:20.880590,2026-08-10T01:15:20.880590,DELAYED
SHP000315,O000237,FedEx,2026-08-17T20:33:20.880590,2026-08-20T20:33:20.880590,2026-08-20T20:33:20.880590,DELIVERED
SHP000316,O002149,UPS,2026-09-03T17:51:20.880590,2026-09-05T17:51:20.880590,2026-09-05T17:51:20.880590,IN_TRANSIT
SHP000317,O004657,BlueDart,2026-08-23T22:40:20.880590,2026-08-29T22:40:20.880590,2026-08-31T22:40:20.880590,IN_TRANSIT
SHP000318,O000919,Delhivery,2026-08-17T14:01:20.880590,2026-08-23T14:01:20.880590,2026-08-23T14:01:20.880590,IN_TRANSIT
SHP000319,O000406,Delhivery,2026-08-08T22:55:20.880590,2026-08-14T22:55:20.880590,2026-08-16T22:55:20.880590,IN_TRANSIT
SHP000320,O001090,BlueDart,2026-08-09T00:22:20.880590,2026-08-12T00:22:20.880590,2026-08-13T00:22:20.880590,IN_TRANSIT
SHP000321,O002112,UPS,2026-08-21T16:46:20.880590,2026-08-27T16:46:20.880590,2026-08-29T16:46:20.880590,DELIVERED
SHP000322,O002614,UPS,2026-08-09T01:18:20.880590,2026-08-15T01:18:20.880590,2026-08-17T01:18:20.880590,DELAYED
SHP000323,O002338,UPS,2026-08-19T20:54:20.880590,2026-08-21T20:54:20.880590,2026-08-23T20:54:20.880590,DELIVERED
SHP000324,O004567,DHL,2026-08-12T17:14:20.880590,2026-08-18T17:14:20.880590,2026-08-20T17:14:20.880590,DELIVERED
SHP000325,O004877,BlueDart,2026-09-01T00:00:20.880590,2026-09-04T00:00:20.880590,2026-09-04T00:00:20.880590,DELAYED
SHP000326,O002322,UPS,2026-08-16T16:16:20.880590,2026-08-23T16:16:20.880590,2026-08-23T16:16:20.880590,IN_TRANSIT
SHP000327,O001286,FedEx,2026-08-25T13:02:20.880590,2026-08-30T13:02:20.880590,2026-08-30T13:02:20.880590,DELIVERED
SHP000328,O004042,Delhivery,2026-08-12T16:08:20.880590,2026-08-16T16:08:20.880590,2026-08-15T16:08:20.880590,IN_TRANSIT
SHP000329,O003113,DHL,2026-08-25T14:24:20.880590,2026-08-27T14:24:20.880590,2026-08-28T14:24:20.880590,DELIVERED
SHP000330,O001144,UPS,2026-08-26T04:10:20.880590,2026-08-31T04:10:20.880590,2026-09-01T04:10:20.880590,DELIVERED
SHP000331,O000086,UPS,2026-08-27T10:21:20.880590,2026-08-31T10:21:20.880590,2026-08-31T10:21:20.880590,IN_TRANSIT
SHP000332,O000132,FedEx,2026-08-25T12:59:20.880590,2026-08-27T12:59:20.880590,2026-08-27T12:59:20.880590,DELIVERED
SHP000333,O004129,UPS,2026-08-23T17:09:20.880590,2026-08-24T17:09:20.880590,2026-08-23T17:09:20.880590,IN_TRANSIT
SHP000334,O000036,DHL,2026-08-16T02:49:20.880590,2026-08-20T02:49:20.880590,2026-08-20T02:49:20.880590,DELAYED
SHP000335,O000739,BlueDart,2026-09-04T22:47:20.880590,2026-09-08T22:47:20.880590,2026-09-07T22:47:20.880590,IN_TRANSIT
SHP000336,O000443,UPS,2026-08-26T07:42:20.880590,2026-08-31T07:42:20.880590,2026-09-01T07:42:20.880590,DELAYED
SHP000337,O003060,FedEx,2026-08-09T20:57:20.880590,2026-08-11T20:57:20.880590,2026-08-11T20:57:20.880590,IN_TRANSIT
SHP000338,O001714,FedEx,2026-08-10T11:23:20.880590,2026-08-15T11:23:20.880590,2026-08-15T11:23:20.880590,IN_TRANSIT
SHP000339,O004647,UPS,2026-08-27T04:34:20.880590,2026-08-28T04:34:20.880590,2026-08-29T04:34:20.880590,IN_TRANSIT
SHP000340,O001752,DHL,2026-08-23T16:29:20.880590,2026-08-29T16:29:20.880590,2026-08-29T16:29:20.880590,DELAYED
SHP000341,O004781,DHL,2026-08-28T08:05:20.880590,2026-08-31T08:05:20.880590,2026-09-01T08:05:20.880590,DELIVERED
SHP000342,O000655,Delhivery,2026-09-02T02:55:20.880590,2026-09-08T02:55:20.880590,2026-09-10T02:55:20.880590,DELAYED
SHP000343,O003562,UPS,2026-08-25T03:59:20.880590,2026-09-01T03:59:20.880590,2026-09-02T03:59:20.880590,DELAYED
SHP000344,O003520,UPS,2026-08-16T20:02:20.880590,2026-08-20T20:02:20.880590,2026-08-19T20:02:20.880590,DELAYED
SHP000345,O001596,UPS,2026-08-17T18:09:20.880590,2026-08-23T18:09:20.880590,2026-08-25T18:09:20.880590,IN_TRANSIT
SHP000346,O004584,BlueDart,2026-08-19T01:36:20.880590,2026-08-23T01:36:20.880590,2026-08-25T01:36:20.880590,DELIVERED
SHP000347,O003840,DHL,2026-08-24T02:12:20.880590,2026-08-31T02:12:20.880590,2026-08-31T02:12:20.880590,DELIVERED
SHP000348,O003884,DHL,2026-08-28T19:48:20.880590,2026-09-02T19:48:20.880590,2026-09-02T19:48:20.880590,DELIVERED
SHP000349,O000822,Delhivery,2026-08-07T07:56:20.880590,2026-08-09T07:56:20.880590,2026-08-09T07:56:20.880590,DELIVERED
SHP000350,O002949,BlueDart,2026-09-03T12:34:20.880590,2026-09-07T12:34:20.880590,2026-09-07T12:34:20.880590,DELIVERED
SHP000351,O001177,Delhivery,2026-08-15T16:34:20.880590,2026-08-21T16:34:20.880590,2026-08-22T16:34:20.880590,DELIVERED
SHP000352,O001724,Delhivery,2026-08-13T02:58:20.880590,2026-08-20T02:58:20.880590,2026-08-21T02:58:20.880590,IN_TRANSIT
SHP000353,O000328,FedEx,2026-08-18T20:23:20.880590,2026-08-25T20:23:20.880590,2026-08-27T20:23:20.880590,DELIVERED
SHP000354,O001967,FedEx,2026-08-21T17:18:20.880590,2026-08-28T17:18:20.880590,2026-08-29T17:18:20.880590,IN_TRANSIT
SHP000355,O004864,FedEx,2026-08-24T04:10:20.880590,2026-08-27T04:10:20.880590,2026-08-27T04:10:20.880590,IN_TRANSIT
SHP000356,O001940,Delhivery,2026-08-28T14:29:20.880590,2026-09-03T14:29:20.880590,2026-09-03T14:29:20.880590,DELIVERED
SHP000357,O002771,FedEx,2026-08-31T09:41:20.880590,2026-09-01T09:41:20.880590,2026-09-01T09:41:20.880590,DELIVERED
SHP000358,O000178,Delhivery,2026-08-15T08:36:20.880590,2026-08-16T08:36:20.880590,2026-08-16T08:36:20.880590,DELAYED
SHP000359,O000535,BlueDart,2026-08-07T01:33:20.880590,2026-08-12T01:33:20.880590,2026-08-12T01:33:20.880590,DELIVERED
SHP000360,O004230,UPS,2026-08-15T00:46:20.880590,2026-08-18T00:46:20.880590,2026-08-18T00:46:20.880590,DELIVERED
SHP000361,O004053,DHL,2026-08-20T13:44:20.880590,2026-08-25T13:44:20.880590,2026-08-27T13:44:20.880590,DELAYED
SHP000362,O004982,DHL,2026-08-13T20:32:20.880590,2026-08-20T20:32:20.880590,2026-08-21T20:32:20.880590,IN_TRANSIT
SHP000363,O000689,UPS,2026-08-21T16:07:20.880590,2026-08-28T16:07:20.880590,2026-08-28T16:07:20.880590,DELAYED
SHP000364,O001040,BlueDart,2026-08-22T15:04:20.880590,2026-08-23T15:04:20.880590,2026-08-24T15:04:20.880590,IN_TRANSIT
SHP000365,O004657,Delhivery,2026-08-26T22:06:20.880590,2026-08-31T22:06:20.880590,2026-08-30T22:06:20.880590,DELIVERED
SHP000366,O001812,DHL,2026-09-01T03:22:20.880590,2026-09-02T03:22:20.880590,2026-09-01T03:22:20.880590,DELAYED
SHP000367,O002330,FedEx,2026-08-24T23:03:20.880590,2026-08-26T23:03:20.880590,2026-08-26T23:03:20.880590,DELIVERED
SHP000368,O001234,FedEx,2026-08-26T17:49:20.880590,2026-08-30T17:49:20.880590,2026-08-31T17:49:20.880590,IN_TRANSIT
SHP000369,O001789,FedEx,2026-08-28T07:21:20.880590,2026-08-29T07:21:20.880590,2026-08-30T07:21:20.880590,DELAYED
SHP000370,O000277,BlueDart,2026-08-30T02:21:20.880590,2026-09-03T02:21:20.880590,2026-09-03T02:21:20.880590,DELAYED
SHP000371,O000232,BlueDart,2026-08-28T19:40:20.880590,2026-08-29T19:40:20.880590,2026-08-29T19:40:20.880590,DELAYED
SHP000372,O000429,FedEx,2026-08-23T12:16:20.880590,2026-08-27T12:16:20.880590,2026-08-26T12:16:20.880590,IN_TRANSIT
SHP000373,O002566,FedEx,2026-09-04T00:27:20.880590,2026-09-09T00:27:20.880590,2026-09-11T00:27:20.880590,IN_TRANSIT
SHP000374,O002357,DHL,2026-08-13T05:10:20.880590,2026-08-19T05:10:20.880590,2026-08-18T05:10:20.880590,DELAYED
SHP000375,O002438,DHL,2026-08-28T13:58:20.880590,2026-08-30T13:58:20.880590,2026-08-31T13:58:20.880590,IN_TRANSIT
SHP000376,O003559,BlueDart,2026-08-07T21:37:20.880590,2026-08-14T21:37:20.880590,2026-08-14T21:37:20.880590,DELAYED
SHP000377,O003507,BlueDart,2026-08-14T15:49:20.880590,2026-08-18T15:49:20.880590,2026-08-18T15:49:20.880590,IN_TRANSIT
SHP000378,O000020,BlueDart,2026-09-01T23:06:20.880590,2026-09-08T23:06:20.880590,2026-09-08T23:06:20.880590,DELIVERED
SHP000379,O002008,BlueDart,2026-08-08T21:07:20.880590,2026-08-10T21:07:20.880590,2026-08-12T21:07:20.880590,DELAYED
SHP000380,O003306,UPS,2026-08-23T07:10:20.880590,2026-08-27T07:10:20.880590,2026-08-26T07:10:20.880590,IN_TRANSIT
SHP000381,O003669,UPS,2026-09-02T04:01:20.880590,2026-09-05T04:01:20.880590,2026-09-07T04:01:20.880590,IN_TRANSIT
SHP000382,O004803,FedEx,2026-09-05T10:40:20.880590,2026-09-06T10:40:20.880590,2026-09-08T10:40:20.880590,DELIVERED
SHP000383,O004676,BlueDart,2026-09-02T18:39:20.880590,2026-09-08T18:39:20.880590,2026-09-10T18:39:20.880590,DELAYED
SHP000384,O004901,DHL,2026-08-19T16:50:20.880590,2026-08-22T16:50:20.880590,2026-08-24T16:50:20.880590,DELAYED
SHP000385,O003501,DHL,2026-08-30T02:11:20.880590,2026-09-04T02:11:20.880590,2026-09-06T02:11:20.880590,IN_TRANSIT
SHP000386,O000117,UPS,2026-08-21T07:55:20.880590,2026-08-26T07:55:20.880590,2026-08-26T07:55:20.880590,DELIVERED
SHP000387,O003576,UPS,2026-08-26T00:49:20.880590,2026-08-28T00:49:20.880590,2026-08-28T00:49:20.880590,DELIVERED
SHP000388,O004838,UPS,2026-08-17T04:22:20.880590,2026-08-21T04:22:20.880590,2026-08-20T04:22:20.880590,DELIVERED
SHP000389,O001286,Delhivery,2026-08-11T15:33:20.880590,2026-08-16T15:33:20.880590,2026-08-18T15:33:20.880590,DELAYED
SHP000390,O000855,UPS,2026-08-10T10:55:20.880590,2026-08-15T10:55:20.880590,2026-08-15T10:55:20.880590,DELAYED
SHP000391,O001868,UPS,2026-08-22T12:10:20.880590,2026-08-23T12:10:20.880590,2026-08-22T12:10:20.880590,DELAYED
SHP000392,O001495,BlueDart,2026-08-10T09:24:20.880590,2026-08-14T09:24:20.880590,2026-08-14T09:24:20.880590,DELIVERED
SHP000393,O004847,Delhivery,2026-08-15T20:20:20.880590,2026-08-21T20:20:20.880590,2026-08-21T20:20:20.880590,IN_TRANSIT
SHP000394,O001415,FedEx,2026-08-20T17:17:20.880590,2026-08-23T17:17:20.880590,2026-08-24T17:17:20.880590,DELAYED
SHP000395,O004129,BlueDart,2026-08-28T01:03:20.880590,2026-08-29T01:03:20.880590,2026-08-31T01:03:20.880590,DELAYED
SHP000396,O001158,FedEx,2026-08-31T00:20:20.880590,2026-09-02T00:20:20.880590,2026-09-03T00:20:20.880590,DELAYED
SHP000397,O004474,BlueDart,2026-09-05T07:42:20.880590,2026-09-06T07:42:20.880590,2026-09-06T07:42:20.880590,DELAYED
SHP000398,O002377,DHL,2026-08-31T22:30:20.880590,2026-09-04T22:30:20.880590,2026-09-06T22:30:20.880590,DELIVERED
SHP000399,O000632,FedEx,2026-08-24T13:18:20.880590,2026-08-30T13:18:20.880590,2026-08-30T13:18:20.880590,DELAYED
SHP000400,O003032,BlueDart,2026-09-05T07:07:20.880590,2026-09-08T07:07:20.880590,2026-09-09T07:07:20.880590,DELAYED
SHP000401,O004911,Delhivery,2026-09-02T05:25:20.880590,2026-09-09T05:25:20.880590,2026-09-09T05:25:20.880590,IN_TRANSIT
SHP000402,O002659,Delhivery,2026-08-08T04:10:20.880590,2026-08-12T04:10:20.880590,2026-08-13T04:10:20.880590,DELAYED
SHP000403,O004648,BlueDart,2026-08-19T07:36:20.880590,2026-08-21T07:36:20.880590,2026-08-23T07:36:20.880590,DELIVERED
SHP000404,O003644,FedEx,2026-08-07T05:27:20.880590,2026-08-09T05:27:20.880590,2026-08-10T05:27:20.880590,DELIVERED
SHP000405,O004449,DHL,2026-08-09T08:47:20.880590,2026-08-14T08:47:20.880590,2026-08-14T08:47:20.880590,IN_TRANSIT
SHP000406,O003148,BlueDart,2026-08-10T20:48:20.880590,2026-08-12T20:48:20.880590,2026-08-11T20:48:20.880590,DELIVERED
SHP000407,O002644,UPS,2026-08-26T02:44:20.880590,2026-08-29T02:44:20.880590,2026-08-30T02:44:20.880590,DELAYED
SHP000408,O003329,UPS,2026-08-30T02:43:20.880590,2026-09-02T02:43:20.880590,2026-09-03T02:43:20.880590,DELAYED
SHP000409,O003266,UPS,2026-08-30T20:23:20.880590,2026-09-02T20:23:20.880590,2026-09-02T20:23:20.880590,IN_TRANSIT
SHP000410,O000819,FedEx,2026-08-23T01:57:20.880590,2026-08-26T01:57:20.880590,2026-08-27T01:57:20.880590,IN_TRANSIT
SHP000411,O000047,DHL,2026-08-19T13:21:20.880590,2026-08-20T13:21:20.880590,2026-08-21T13:21:20.880590,DELAYED
SHP000412,O002766,Delhivery,2026-08-27T09:00:20.880590,2026-09-03T09:00:20.880590,2026-09-04T09:00:20.880590,DELAYED
SHP000413,O002386,DHL,2026-08-13T02:27:20.880590,2026-08-16T02:27:20.880590,2026-08-15T02:27:20.880590,IN_TRANSIT
SHP000414,O002891,UPS,2026-08-24T11:20:20.880590,2026-08-27T11:20:20.880590,2026-08-26T11:20:20.880590,DELIVERED
SHP000415,O002103,UPS,2026-08-15T00:41:20.880590,2026-08-18T00:41:20.880590,2026-08-17T00:41:20.880590,DELAYED
SHP000416,O003870,UPS,2026-09-02T20:27:20.880590,2026-09-03T20:27:20.880590,2026-09-03T20:27:20.880590,DELIVERED
SHP000417,O004336,BlueDart,2026-08-16T05:36:20.880590,2026-08-21T05:36:20.880590,2026-08-22T05:36:20.880590,DELIVERED
SHP000418,O001912,UPS,2026-08-30T09:16:20.880590,2026-09-06T09:16:20.880590,2026-09-07T09:16:20.880590,DELIVERED
SHP000419,O003708,DHL,2026-08-09T22:48:20.880590,2026-08-11T22:48:20.880590,2026-08-12T22:48:20.880590,DELIVERED
SHP000420,O002444,UPS,2026-08-09T03:12:20.880590,2026-08-11T03:12:20.880590,2026-08-11T03:12:20.880590,DELAYED
SHP000421,O003369,DHL,2026-09-05T07:43:20.880590,2026-09-07T07:43:20.880590,2026-09-06T07:43:20.880590,DELAYED
SHP000422,O000398,Delhivery,2026-08-22T04:54:20.880590,2026-08-27T04:54:20.880590,2026-08-29T04:54:20.880590,DELIVERED
SHP000423,O004987,UPS,2026-08-08T10:37:20.880590,2026-08-14T10:37:20.880590,2026-08-13T10:37:20.880590,DELIVERED
SHP000424,O004739,DHL,2026-08-19T07:21:20.880590,2026-08-24T07:21:20.880590,2026-08-25T07:21:20.880590,DELAYED
SHP000425,O004976,BlueDart,2026-08-10T01:44:20.880590,2026-08-15T01:44:20.880590,2026-08-16T01:44:20.880590,DELAYED
SHP000426,O001106,UPS,2026-08-29T05:19:20.880590,2026-09-01T05:19:20.880590,2026-09-01T05:19:20.880590,DELAYED
SHP000427,O000898,FedEx,2026-08-19T06:56:20.880590,2026-08-22T06:56:20.880590,2026-08-23T06:56:20.880590,DELAYED
SHP000428,O004315,DHL,2026-08-19T08:39:20.880590,2026-08-22T08:39:20.880590,2026-08-22T08:39:20.880590,DELIVERED
SHP000429,O001677,UPS,2026-08-28T04:16:20.880590,2026-09-04T04:16:20.880590,2026-09-05T04:16:20.880590,DELAYED
SHP000430,O002451,Delhivery,2026-08-29T10:58:20.880590,2026-08-30T10:58:20.880590,2026-09-01T10:58:20.880590,IN_TRANSIT
SHP000431,O001825,Delhivery,2026-08-29T17:39:20.880590,2026-09-01T17:39:20.880590,2026-08-31T17:39:20.880590,IN_TRANSIT
SHP000432,O004494,DHL,2026-09-02T15:49:20.880590,2026-09-04T15:49:20.880590,2026-09-05T15:49:20.880590,DELIVERED
SHP000433,O002056,UPS,2026-08-14T17:33:20.880590,2026-08-16T17:33:20.880590,2026-08-15T17:33:20.880590,DELIVERED
SHP000434,O002899,Delhivery,2026-08-11T03:44:20.880590,2026-08-16T03:44:20.880590,2026-08-16T03:44:20.880590,IN_TRANSIT
SHP000435,O002297,Delhivery,2026-08-30T18:02:20.880590,2026-09-06T18:02:20.880590,2026-09-05T18:02:20.880590,IN_TRANSIT
SHP000436,O002558,FedEx,2026-08-15T18:16:20.880590,2026-08-16T18:16:20.880590,2026-08-16T18:16:20.880590,DELIVERED
SHP000437,O003605,BlueDart,2026-09-01T16:55:20.880590,2026-09-05T16:55:20.880590,2026-09-05T16:55:20.880590,DELAYED
SHP000438,O003771,UPS,2026-08-26T22:30:20.880590,2026-08-31T22:30:20.880590,2026-08-31T22:30:20.880590,DELIVERED
SHP000439,O002530,DHL,2026-09-05T22:16:20.880590,2026-09-10T22:16:20.880590,2026-09-11T22:16:20.880590,DELAYED
SHP000440,O004282,FedEx,2026-08-19T05:23:20.880590,2026-08-21T05:23:20.880590,2026-08-20T05:23:20.880590,DELAYED
SHP000441,O001058,Delhivery,2026-08-30T19:33:20.880590,2026-09-02T19:33:20.880590,2026-09-04T19:33:20.880590,IN_TRANSIT
SHP000442,O002265,DHL,2026-08-30T11:10:20.880590,2026-09-04T11:10:20.880590,2026-09-05T11:10:20.880590,DELIVERED
SHP000443,O001801,FedEx,2026-08-18T04:41:20.880590,2026-08-22T04:41:20.880590,2026-08-21T04:41:20.880590,DELAYED
SHP000444,O002954,Delhivery,2026-09-05T07:33:20.880590,2026-09-09T07:33:20.880590,2026-09-11T07:33:20.880590,IN_TRANSIT
SHP000445,O003763,BlueDart,2026-08-14T14:27:20.880590,2026-08-21T14:27:20.880590,2026-08-22T14:27:20.880590,IN_TRANSIT
SHP000446,O001719,DHL,2026-08-30T13:24:20.880590,2026-09-06T13:24:20.880590,2026-09-07T13:24:20.880590,DELIVERED
SHP000447,O003146,BlueDart,2026-08-07T04:08:20.880590,2026-08-09T04:08:20.880590,2026-08-11T04:08:20.880590,DELIVERED
SHP000448,O000709,UPS,2026-09-05T23:15:20.880590,2026-09-06T23:15:20.880590,2026-09-08T23:15:20.880590,DELIVERED
SHP000449,O004431,Delhivery,2026-08-28T09:24:20.880590,2026-08-30T09:24:20.880590,2026-08-30T09:24:20.880590,DELIVERED
SHP000450,O002964,UPS,2026-08-24T10:05:20.880590,2026-08-29T10:05:20.880590,2026-08-29T10:05:20.880590,IN_TRANSIT
SHP000451,O004496,Delhivery,2026-09-04T09:44:20.880590,2026-09-11T09:44:20.880590,2026-09-10T09:44:20.880590,IN_TRANSIT
SHP000452,O001930,FedEx,2026-08-14T00:16:20.880590,2026-08-18T00:16:20.880590,2026-08-18T00:16:20.880590,DELIVERED
SHP000453,O003882,DHL,2026-09-05T19:30:20.880590,2026-09-09T19:30:20.880590,2026-09-11T19:30:20.880590,DELAYED
SHP000454,O000221,FedEx,2026-09-02T10:08:20.880590,2026-09-04T10:08:20.880590,2026-09-04T10:08:20.880590,IN_TRANSIT
SHP000455,O000464,DHL,2026-09-02T03:30:20.880590,2026-09-08T03:30:20.880590,2026-09-09T03:30:20.880590,IN_TRANSIT
SHP000456,O004442,BlueDart,2026-08-19T11:18:20.880590,2026-08-20T11:18:20.880590,2026-08-22T11:18:20.880590,IN_TRANSIT
SHP000457,O003659,Delhivery,2026-08-28T06:25:20.880590,2026-08-31T06:25:20.880590,2026-08-31T06:25:20.880590,DELIVERED
SHP000458,O003647,BlueDart,2026-09-04T14:23:20.880590,2026-09-08T14:23:20.880590,2026-09-08T14:23:20.880590,IN_TRANSIT
SHP000459,O004861,Delhivery,2026-08-16T06:37:20.880590,2026-08-17T06:37:20.880590,2026-08-19T06:37:20.880590,DELAYED
SHP000460,O000326,BlueDart,2026-09-04T11:20:20.880590,2026-09-10T11:20:20.880590,2026-09-10T11:20:20.880590,IN_TRANSIT
SHP000461,O000544,UPS,2026-08-30T11:02:20.880590,2026-09-04T11:02:20.880590,2026-09-03T11:02:20.880590,IN_TRANSIT
SHP000462,O004936,DHL,2026-08-29T13:07:20.880590,2026-09-03T13:07:20.880590,2026-09-05T13:07:20.880590,IN_TRANSIT
SHP000463,O004178,Delhivery,2026-08-23T21:06:20.880590,2026-08-30T21:06:20.880590,2026-08-31T21:06:20.880590,DELIVERED
SHP000464,O004506,FedEx,2026-08-25T11:46:20.880590,2026-08-30T11:46:20.880590,2026-08-30T11:46:20.880590,DELAYED
SHP000465,O003632,BlueDart,2026-08-30T08:21:20.880590,2026-09-01T08:21:20.880590,2026-09-03T08:21:20.880590,DELIVERED
SHP000466,O000139,BlueDart,2026-08-14T03:19:20.880590,2026-08-18T03:19:20.880590,2026-08-17T03:19:20.880590,DELIVERED
SHP000467,O004864,BlueDart,2026-08-17T21:09:20.880590,2026-08-23T21:09:20.880590,2026-08-22T21:09:20.880590,DELIVERED
SHP000468,O004937,DHL,2026-08-12T06:29:20.880590,2026-08-18T06:29:20.880590,2026-08-18T06:29:20.880590,DELAYED
SHP000469,O004483,Delhivery,2026-08-11T01:46:20.880590,2026-08-12T01:46:20.880590,2026-08-12T01:46:20.880590,DELAYED
SHP000470,O004424,Delhivery,2026-09-05T12:09:20.880590,2026-09-11T12:09:20.880590,2026-09-12T12:09:20.880590,DELAYED
SHP000471,O004185,FedEx,2026-08-11T12:46:20.880590,2026-08-18T12:46:20.880590,2026-08-17T12:46:20.880590,DELAYED
SHP000472,O000058,BlueDart,2026-08-29T06:56:20.880590,2026-09-02T06:56:20.880590,2026-09-04T06:56:20.880590,DELIVERED
SHP000473,O000386,BlueDart,2026-08-12T10:45:20.880590,2026-08-17T10:45:20.880590,2026-08-17T10:45:20.880590,DELIVERED
SHP000474,O001203,Delhivery,2026-08-28T22:50:20.880590,2026-09-02T22:50:20.880590,2026-09-02T22:50:20.880590,IN_TRANSIT
SHP000475,O004971,FedEx,2026-09-01T05:44:20.880590,2026-09-03T05:44:20.880590,2026-09-03T05:44:20.880590,DELAYED
SHP000476,O003578,UPS,2026-08-30T07:58:20.880590,2026-09-04T07:58:20.880590,2026-09-05T07:58:20.880590,DELIVERED
SHP000477,O002591,DHL,2026-08-18T02:24:20.880590,2026-08-22T02:24:20.880590,2026-08-23T02:24:20.880590,IN_TRANSIT
SHP000478,O004187,Delhivery,2026-08-28T00:07:20.880590,2026-09-01T00:07:20.880590,2026-09-03T00:07:20.880590,DELAYED
SHP000479,O001565,UPS,2026-08-17T07:29:20.880590,2026-08-20T07:29:20.880590,2026-08-21T07:29:20.880590,DELIVERED
SHP000480,O003623,FedEx,2026-08-29T05:10:20.880590,2026-09-04T05:10:20.880590,2026-09-03T05:10:20.880590,DELIVERED
SHP000481,O001787,DHL,2026-09-06T00:20:20.880590,2026-09-09T00:20:20.880590,2026-09-09T00:20:20.880590,IN_TRANSIT
SHP000482,O000350,UPS,2026-09-04T19:51:20.880590,2026-09-08T19:51:20.880590,2026-09-07T19:51:20.880590,IN_TRANSIT
SHP000483,O000767,Delhivery,2026-08-12T20:06:20.880590,2026-08-16T20:06:20.880590,2026-08-18T20:06:20.880590,DELAYED
SHP000484,O004232,UPS,2026-08-17T04:36:20.880590,2026-08-23T04:36:20.880590,2026-08-23T04:36:20.880590,IN_TRANSIT
SHP000485,O002550,UPS,2026-08-09T02:15:20.880590,2026-08-14T02:15:20.880590,2026-08-16T02:15:20.880590,DELIVERED
SHP000486,O000626,UPS,2026-08-11T19:44:20.880590,2026-08-12T19:44:20.880590,2026-08-12T19:44:20.880590,IN_TRANSIT
SHP000487,O000839,FedEx,2026-08-09T09:33:20.880590,2026-08-11T09:33:20.880590,2026-08-11T09:33:20.880590,DELIVERED
SHP000488,O003282,Delhivery,2026-08-16T02:10:20.880590,2026-08-20T02:10:20.880590,2026-08-19T02:10:20.880590,IN_TRANSIT
SHP000489,O003224,Delhivery,2026-09-04T15:07:20.880590,2026-09-09T15:07:20.880590,2026-09-08T15:07:20.880590,DELAYED
SHP000490,O004775,BlueDart,2026-08-08T18:20:20.880590,2026-08-15T18:20:20.880590,2026-08-16T18:20:20.880590,DELAYED
SHP000491,O004406,DHL,2026-08-27T09:00:20.880590,2026-09-03T09:00:20.880590,2026-09-03T09:00:20.880590,DELIVERED
SHP000492,O002479,UPS,2026-09-05T03:10:20.880590,2026-09-08T03:10:20.880590,2026-09-09T03:10:20.880590,DELAYED
SHP000493,O002158,BlueDart,2026-08-20T08:16:20.880590,2026-08-24T08:16:20.880590,2026-08-26T08:16:20.880590,IN_TRANSIT
SHP000494,O001900,BlueDart,2026-08-08T04:26:20.880590,2026-08-14T04:26:20.880590,2026-08-15T04:26:20.880590,IN_TRANSIT
SHP000495,O000544,BlueDart,2026-08-08T01:03:20.880590,2026-08-10T01:03:20.880590,2026-08-10T01:03:20.880590,DELAYED
SHP000496,O003931,FedEx,2026-08-21T14:10:20.880590,2026-08-28T14:10:20.880590,2026-08-29T14:10:20.880590,DELAYED
SHP000497,O000976,UPS,2026-08-16T12:56:20.880590,2026-08-21T12:56:20.880590,2026-08-22T12:56:20.880590,IN_TRANSIT
SHP000498,O001313,Delhivery,2026-08-27T16:13:20.880590,2026-09-02T16:13:20.880590,2026-09-02T16:13:20.880590,DELAYED
SHP000499,O001914,DHL,2026-08-27T01:07:20.880590,2026-09-01T01:07:20.880590,2026-09-02T01:07:20.880590,DELAYED
SHP000500,O000310,FedEx,2026-08-16T13:01:20.880590,2026-08-21T13:01:20.880590,2026-08-20T13:01:20.880590,IN_TRANSIT
SHP000501,O003018,UPS,2026-09-01T12:13:20.880590,2026-09-07T12:13:20.880590,2026-09-07T12:13:20.880590,DELIVERED
SHP000502,O001435,UPS,2026-08-17T08:58:20.880590,2026-08-18T08:58:20.880590,2026-08-19T08:58:20.880590,DELAYED
SHP000503,O000566,Delhivery,2026-08-24T00:39:20.880590,2026-08-27T00:39:20.880590,2026-08-27T00:39:20.880590,DELAYED
SHP000504,O004777,BlueDart,2026-08-18T07:41:20.880590,2026-08-25T07:41:20.880590,2026-08-26T07:41:20.880590,DELIVERED
SHP000505,O001699,UPS,2026-08-28T07:01:20.880590,2026-08-31T07:01:20.880590,2026-09-01T07:01:20.880590,IN_TRANSIT
SHP000506,O003185,FedEx,2026-08-18T15:30:20.880590,2026-08-24T15:30:20.880590,2026-08-23T15:30:20.880590,IN_TRANSIT
SHP000507,O004689,UPS,2026-09-04T19:56:20.880590,2026-09-09T19:56:20.880590,2026-09-09T19:56:20.880590,DELAYED
SHP000508,O003990,UPS,2026-08-10T19:20:20.880590,2026-08-16T19:20:20.880590,2026-08-18T19:20:20.880590,DELIVERED
SHP000509,O000522,BlueDart,2026-08-26T09:17:20.880590,2026-08-27T09:17:20.880590,2026-08-27T09:17:20.880590,DELIVERED
SHP000510,O001357,DHL,2026-08-14T09:53:20.880590,2026-08-19T09:53:20.880590,2026-08-18T09:53:20.880590,IN_TRANSIT
SHP000511,O004521,DHL,2026-09-01T18:02:20.880590,2026-09-07T18:02:20.880590,2026-09-07T18:02:20.880590,DELIVERED
SHP000512,O002457,UPS,2026-08-17T10:22:20.880590,2026-08-23T10:22:20.880590,2026-08-24T10:22:20.880590,IN_TRANSIT
SHP000513,O004840,UPS,2026-08-09T17:23:20.880590,2026-08-16T17:23:20.880590,2026-08-18T17:23:20.880590,DELIVERED
SHP000514,O003685,UPS,2026-08-29T05:11:20.880590,2026-08-30T05:11:20.880590,2026-08-30T05:11:20.880590,DELAYED
SHP000515,O004392,BlueDart,2026-08-12T18:21:20.880590,2026-08-15T18:21:20.880590,2026-08-15T18:21:20.880590,DELIVERED
SHP000516,O001242,BlueDart,2026-08-08T08:44:20.880590,2026-08-15T08:44:20.880590,2026-08-15T08:44:20.880590,DELAYED
SHP000517,O004712,Delhivery,2026-08-08T09:42:20.880590,2026-08-12T09:42:20.880590,2026-08-12T09:42:20.880590,DELIVERED
SHP000518,O001546,BlueDart,2026-09-01T10:42:20.880590,2026-09-05T10:42:20.880590,2026-09-06T10:42:20.880590,IN_TRANSIT
SHP000519,O004914,BlueDart,2026-08-12T15:53:20.880590,2026-08-16T15:53:20.880590,2026-08-17T15:53:20.880590,IN_TRANSIT
SHP000520,O000013,FedEx,2026-08-10T14:34:20.880590,2026-08-13T14:34:20.880590,2026-08-14T14:34:20.880590,DELIVERED
SHP000521,O001425,DHL,2026-08-19T16:56:20.880590,2026-08-21T16:56:20.880590,2026-08-21T16:56:20.880590,DELIVERED
SHP000522,O002201,Delhivery,2026-08-17T01:54:20.880590,2026-08-22T01:54:20.880590,2026-08-24T01:54:20.880590,DELIVERED
SHP000523,O001711,BlueDart,2026-08-10T08:27:20.880590,2026-08-14T08:27:20.880590,2026-08-16T08:27:20.880590,DELIVERED
SHP000524,O004000,UPS,2026-08-26T05:14:20.880590,2026-08-31T05:14:20.880590,2026-08-30T05:14:20.880590,DELIVERED
SHP000525,O003706,Delhivery,2026-08-28T15:32:20.880590,2026-08-29T15:32:20.880590,2026-08-29T15:32:20.880590,DELIVERED
SHP000526,O002494,UPS,2026-09-04T23:43:20.880590,2026-09-11T23:43:20.880590,2026-09-12T23:43:20.880590,DELIVERED
SHP000527,O002407,DHL,2026-08-19T13:04:20.880590,2026-08-24T13:04:20.880590,2026-08-24T13:04:20.880590,DELIVERED
SHP000528,O002871,DHL,2026-08-18T05:21:20.880590,2026-08-22T05:21:20.880590,2026-08-22T05:21:20.880590,IN_TRANSIT
SHP000529,O003558,UPS,2026-08-23T11:10:20.880590,2026-08-25T11:10:20.880590,2026-08-26T11:10:20.880590,DELIVERED
SHP000530,O004503,BlueDart,2026-08-12T01:36:20.880590,2026-08-14T01:36:20.880590,2026-08-15T01:36:20.880590,DELIVERED
SHP000531,O001788,DHL,2026-08-24T08:03:20.880590,2026-08-29T08:03:20.880590,2026-08-31T08:03:20.880590,IN_TRANSIT
SHP000532,O003125,Delhivery,2026-09-05T07:34:20.880590,2026-09-11T07:34:20.880590,2026-09-11T07:34:20.880590,IN_TRANSIT
SHP000533,O001294,FedEx,2026-09-02T13:49:20.880590,2026-09-06T13:49:20.880590,2026-09-07T13:49:20.880590,IN_TRANSIT
SHP000534,O000760,UPS,2026-08-19T00:21:20.880590,2026-08-24T00:21:20.880590,2026-08-23T00:21:20.880590,DELIVERED
SHP000535,O004486,UPS,2026-08-16T21:42:20.880590,2026-08-17T21:42:20.880590,2026-08-17T21:42:20.880590,DELAYED
SHP000536,O002813,DHL,2026-08-22T06:48:20.880590,2026-08-28T06:48:20.880590,2026-08-28T06:48:20.880590,IN_TRANSIT
SHP000537,O002096,Delhivery,2026-08-20T04:35:20.880590,2026-08-24T04:35:20.880590,2026-08-25T04:35:20.880590,DELIVERED
SHP000538,O004370,Delhivery,2026-08-15T06:38:20.880590,2026-08-17T06:38:20.880590,2026-08-19T06:38:20.880590,DELIVERED
SHP000539,O003841,FedEx,2026-08-20T17:51:20.880590,2026-08-22T17:51:20.880590,2026-08-21T17:51:20.880590,IN_TRANSIT
SHP000540,O002261,BlueDart,2026-08-23T11:56:20.880590,2026-08-29T11:56:20.880590,2026-08-28T11:56:20.880590,IN_TRANSIT
SHP000541,O002396,Delhivery,2026-08-29T00:06:20.880590,2026-09-05T00:06:20.880590,2026-09-05T00:06:20.880590,DELIVERED
SHP000542,O000761,DHL,2026-08-23T08:00:20.880590,2026-08-26T08:00:20.880590,2026-08-28T08:00:20.880590,IN_TRANSIT
SHP000543,O004236,BlueDart,2026-08-30T23:55:20.880590,2026-09-04T23:55:20.880590,2026-09-04T23:55:20.880590,DELIVERED
SHP000544,O001098,DHL,2026-08-09T22:48:20.880590,2026-08-12T22:48:20.880590,2026-08-11T22:48:20.880590,DELAYED
SHP000545,O002339,FedEx,2026-08-21T17:22:20.880590,2026-08-25T17:22:20.880590,2026-08-26T17:22:20.880590,DELAYED
SHP000546,O003481,DHL,2026-08-26T21:02:20.880590,2026-08-31T21:02:20.880590,2026-08-31T21:02:20.880590,DELIVERED
SHP000547,O003064,Delhivery,2026-08-31T02:30:20.880590,2026-09-01T02:30:20.880590,2026-08-31T02:30:20.880590,DELIVERED
SHP000548,O003936,FedEx,2026-08-31T10:46:20.880590,2026-09-01T10:46:20.880590,2026-09-01T10:46:20.880590,DELIVERED
SHP000549,O000691,UPS,2026-09-02T13:26:20.880590,2026-09-03T13:26:20.880590,2026-09-02T13:26:20.880590,IN_TRANSIT
SHP000550,O003549,BlueDart,2026-08-17T11:22:20.880590,2026-08-22T11:22:20.880590,2026-08-23T11:22:20.880590,DELIVERED
SHP000551,O000852,DHL,2026-09-04T18:58:20.880590,2026-09-08T18:58:20.880590,2026-09-10T18:58:20.880590,DELIVERED
SHP000552,O003737,DHL,2026-09-01T00:50:20.880590,2026-09-02T00:50:20.880590,2026-09-04T00:50:20.880590,DELAYED
SHP000553,O004297,UPS,2026-08-25T12:12:20.880590,2026-08-29T12:12:20.880590,2026-08-29T12:12:20.880590,DELIVERED
SHP000554,O003721,DHL,2026-08-22T02:35:20.880590,2026-08-26T02:35:20.880590,2026-08-28T02:35:20.880590,DELAYED
SHP000555,O001170,BlueDart,2026-08-07T03:55:20.880590,2026-08-14T03:55:20.880590,2026-08-16T03:55:20.880590,DELAYED
SHP000556,O002003,DHL,2026-08-16T01:36:20.880590,2026-08-19T01:36:20.880590,2026-08-19T01:36:20.880590,DELIVERED
SHP000557,O000101,BlueDart,2026-08-15T23:41:20.880590,2026-08-16T23:41:20.880590,2026-08-15T23:41:20.880590,DELIVERED
SHP000558,O000445,FedEx,2026-08-15T22:40:20.880590,2026-08-20T22:40:20.880590,2026-08-21T22:40:20.880590,IN_TRANSIT
SHP000559,O002746,DHL,2026-09-05T12:08:20.880590,2026-09-11T12:08:20.880590,2026-09-11T12:08:20.880590,DELIVERED
SHP000560,O002362,DHL,2026-08-14T17:08:20.880590,2026-08-15T17:08:20.880590,2026-08-15T17:08:20.880590,DELIVERED
SHP000561,O003308,BlueDart,2026-08-08T07:14:20.880590,2026-08-12T07:14:20.880590,2026-08-11T07:14:20.880590,DELIVERED
SHP000562,O000618,UPS,2026-08-21T09:31:20.880590,2026-08-24T09:31:20.880590,2026-08-26T09:31:20.880590,DELAYED
SHP000563,O000157,DHL,2026-08-13T12:09:20.880590,2026-08-20T12:09:20.880590,2026-08-21T12:09:20.880590,IN_TRANSIT
SHP000564,O001686,Delhivery,2026-08-18T10:19:20.880590,2026-08-20T10:19:20.880590,2026-08-20T10:19:20.880590,DELIVERED
SHP000565,O002277,DHL,2026-08-13T06:39:20.880590,2026-08-14T06:39:20.880590,2026-08-14T06:39:20.880590,DELIVERED
SHP000566,O001069,FedEx,2026-09-02T18:41:20.880590,2026-09-08T18:41:20.880590,2026-09-08T18:41:20.880590,DELIVERED
SHP000567,O003095,FedEx,2026-08-24T00:13:20.880590,2026-08-30T00:13:20.880590,2026-08-29T00:13:20.880590,DELIVERED
SHP000568,O000380,DHL,2026-09-04T00:00:20.880590,2026-09-05T00:00:20.880590,2026-09-05T00:00:20.880590,IN_TRANSIT
SHP000569,O002513,FedEx,2026-08-31T08:53:20.880590,2026-09-02T08:53:20.880590,2026-09-04T08:53:20.880590,DELIVERED
SHP000570,O001867,FedEx,2026-08-15T19:36:20.880590,2026-08-18T19:36:20.880590,2026-08-18T19:36:20.880590,DELAYED
SHP000571,O000957,FedEx,2026-08-24T07:12:20.880590,2026-08-26T07:12:20.880590,2026-08-26T07:12:20.880590,DELAYED
SHP000572,O002083,UPS,2026-09-03T06:16:20.880590,2026-09-10T06:16:20.880590,2026-09-11T06:16:20.880590,DELAYED
SHP000573,O002731,FedEx,2026-08-19T22:51:20.880590,2026-08-21T22:51:20.880590,2026-08-21T22:51:20.880590,DELIVERED
SHP000574,O003275,UPS,2026-08-29T20:12:20.880590,2026-09-05T20:12:20.880590,2026-09-05T20:12:20.880590,DELAYED
SHP000575,O003508,DHL,2026-08-27T04:58:20.880590,2026-08-29T04:58:20.880590,2026-08-29T04:58:20.880590,DELAYED
SHP000576,O003523,BlueDart,2026-08-30T08:39:20.880590,2026-09-01T08:39:20.880590,2026-09-01T08:39:20.880590,DELIVERED
SHP000577,O004779,UPS,2026-08-09T12:57:20.880590,2026-08-11T12:57:20.880590,2026-08-12T12:57:20.880590,IN_TRANSIT
SHP000578,O003880,FedEx,2026-09-05T00:48:20.880590,2026-09-08T00:48:20.880590,2026-09-10T00:48:20.880590,DELAYED
SHP000579,O002954,FedEx,2026-09-05T01:09:20.880590,2026-09-10T01:09:20.880590,2026-09-11T01:09:20.880590,DELIVERED
SHP000580,O003316,DHL,2026-08-23T06:29:20.880590,2026-08-26T06:29:20.880590,2026-08-26T06:29:20.880590,IN_TRANSIT
SHP000581,O003039,UPS,2026-08-25T11:00:20.880590,2026-08-30T11:00:20.880590,2026-08-29T11:00:20.880590,IN_TRANSIT
SHP000582,O003196,FedEx,2026-08-29T06:21:20.880590,2026-09-01T06:21:20.880590,2026-09-01T06:21:20.880590,DELAYED
SHP000583,O000497,Delhivery,2026-08-30T07:27:20.880590,2026-09-03T07:27:20.880590,2026-09-04T07:27:20.880590,IN_TRANSIT
SHP000584,O002184,BlueDart,2026-08-11T20:21:20.880590,2026-08-18T20:21:20.880590,2026-08-18T20:21:20.880590,DELIVERED
SHP000585,O003313,Delhivery,2026-08-18T09:37:20.880590,2026-08-24T09:37:20.880590,2026-08-24T09:37:20.880590,DELIVERED
SHP000586,O003618,UPS,2026-08-20T04:34:20.880590,2026-08-27T04:34:20.880590,2026-08-28T04:34:20.880590,IN_TRANSIT
SHP000587,O001912,UPS,2026-08-21T12:31:20.880590,2026-08-23T12:31:20.880590,2026-08-25T12:31:20.880590,DELAYED
SHP000588,O001043,Delhivery,2026-08-25T14:45:20.880590,2026-08-30T14:45:20.880590,2026-08-30T14:45:20.880590,DELAYED
SHP000589,O001263,UPS,2026-08-18T10:18:20.880590,2026-08-20T10:18:20.880590,2026-08-21T10:18:20.880590,IN_TRANSIT
SHP000590,O001235,UPS,2026-09-03T00:27:20.880590,2026-09-04T00:27:20.880590,2026-09-04T00:27:20.880590,IN_TRANSIT
SHP000591,O001284,BlueDart,2026-08-10T18:45:20.880590,2026-08-17T18:45:20.880590,2026-08-18T18:45:20.880590,DELIVERED
SHP000592,O004482,FedEx,2026-09-04T12:24:20.880590,2026-09-07T12:24:20.880590,2026-09-07T12:24:20.880590,DELIVERED
SHP000593,O003366,Delhivery,2026-08-20T02:28:20.880590,2026-08-23T02:28:20.880590,2026-08-25T02:28:20.880590,DELAYED
SHP000594,O002019,Delhivery,2026-08-26T14:10:20.880590,2026-08-27T14:10:20.880590,2026-08-28T14:10:20.880590,DELIVERED
SHP000595,O004411,FedEx,2026-08-24T23:00:20.880590,2026-08-27T23:00:20.880590,2026-08-29T23:00:20.880590,IN_TRANSIT
SHP000596,O001937,Delhivery,2026-09-02T22:06:20.880590,2026-09-07T22:06:20.880590,2026-09-09T22:06:20.880590,DELAYED
SHP000597,O003402,DHL,2026-08-10T13:42:20.880590,2026-08-13T13:42:20.880590,2026-08-13T13:42:20.880590,DELAYED
SHP000598,O000683,DHL,2026-08-29T19:39:20.880590,2026-09-02T19:39:20.880590,2026-09-04T19:39:20.880590,DELAYED
SHP000599,O003784,DHL,2026-08-16T00:18:20.880590,2026-08-17T00:18:20.880590,2026-08-17T00:18:20.880590,DELIVERED
SHP000600,O001706,BlueDart,2026-08-29T16:23:20.880590,2026-08-31T16:23:20.880590,2026-09-01T16:23:20.880590,DELIVERED
SHP000601,O001361,DHL,2026-08-28T12:27:20.880590,2026-08-29T12:27:20.880590,2026-08-29T12:27:20.880590,DELAYED
SHP000602,O003471,BlueDart,2026-09-03T23:34:20.880590,2026-09-08T23:34:20.880590,2026-09-07T23:34:20.880590,DELAYED
SHP000603,O003168,UPS,2026-08-13T10:15:20.880590,2026-08-18T10:15:20.880590,2026-08-18T10:15:20.880590,DELIVERED
SHP000604,O001004,UPS,2026-08-13T01:23:20.880590,2026-08-17T01:23:20.880590,2026-08-17T01:23:20.880590,DELAYED
SHP000605,O003622,BlueDart,2026-08-20T14:44:20.880590,2026-08-22T14:44:20.880590,2026-08-22T14:44:20.880590,DELAYED
SHP000606,O001181,Delhivery,2026-08-19T17:02:20.880590,2026-08-26T17:02:20.880590,2026-08-26T17:02:20.880590,IN_TRANSIT
SHP000607,O002822,BlueDart,2026-08-20T13:18:20.880590,2026-08-22T13:18:20.880590,2026-08-22T13:18:20.880590,DELAYED
SHP000608,O003769,FedEx,2026-08-12T00:20:20.880590,2026-08-18T00:20:20.880590,2026-08-20T00:20:20.880590,DELAYED
SHP000609,O002463,DHL,2026-09-04T18:12:20.880590,2026-09-06T18:12:20.880590,2026-09-07T18:12:20.880590,DELAYED
SHP000610,O004143,DHL,2026-08-18T23:52:20.880590,2026-08-24T23:52:20.880590,2026-08-23T23:52:20.880590,DELIVERED
SHP000611,O003389,BlueDart,2026-09-05T06:41:20.880590,2026-09-11T06:41:20.880590,2026-09-11T06:41:20.880590,DELAYED
SHP000612,O000725,Delhivery,2026-08-28T00:02:20.880590,2026-09-01T00:02:20.880590,2026-09-02T00:02:20.880590,DELAYED
SHP000613,O003373,Delhivery,2026-08-08T05:21:20.880590,2026-08-10T05:21:20.880590,2026-08-10T05:21:20.880590,IN_TRANSIT
SHP000614,O004916,DHL,2026-08-17T02:27:20.880590,2026-08-18T02:27:20.880590,2026-08-17T02:27:20.880590,IN_TRANSIT
SHP000615,O001392,UPS,2026-08-11T22:45:20.880590,2026-08-18T22:45:20.880590,2026-08-20T22:45:20.880590,DELIVERED
SHP000616,O003288,FedEx,2026-08-12T05:29:20.880590,2026-08-17T05:29:20.880590,2026-08-19T05:29:20.880590,IN_TRANSIT
SHP000617,O000278,DHL,2026-09-02T16:30:20.880590,2026-09-04T16:30:20.880590,2026-09-04T16:30:20.880590,DELIVERED
SHP000618,O002228,FedEx,2026-08-19T10:42:20.880590,2026-08-23T10:42:20.880590,2026-08-24T10:42:20.880590,IN_TRANSIT
SHP000619,O001681,UPS,2026-09-05T22:48:20.880590,2026-09-10T22:48:20.880590,2026-09-09T22:48:20.880590,IN_TRANSIT
SHP000620,O004615,Delhivery,2026-08-09T03:12:20.880590,2026-08-16T03:12:20.880590,2026-08-16T03:12:20.880590,DELIVERED
SHP000621,O000583,BlueDart,2026-08-09T21:13:20.880590,2026-08-13T21:13:20.880590,2026-08-15T21:13:20.880590,DELIVERED
SHP000622,O000606,UPS,2026-08-08T18:35:20.880590,2026-08-13T18:35:20.880590,2026-08-12T18:35:20.880590,DELIVERED
SHP000623,O000086,UPS,2026-08-25T06:49:20.880590,2026-08-30T06:49:20.880590,2026-09-01T06:49:20.880590,DELAYED
SHP000624,O000681,DHL,2026-09-05T23:47:20.880590,2026-09-06T23:47:20.880590,2026-09-06T23:47:20.880590,DELAYED
SHP000625,O000317,FedEx,2026-08-14T09:52:20.880590,2026-08-19T09:52:20.880590,2026-08-21T09:52:20.880590,IN_TRANSIT
SHP000626,O000976,BlueDart,2026-08-26T00:53:20.880590,2026-08-31T00:53:20.880590,2026-08-30T00:53:20.880590,DELAYED
SHP000627,O004934,DHL,2026-08-10T08:26:20.880590,2026-08-12T08:26:20.880590,2026-08-12T08:26:20.880590,DELIVERED
SHP000628,O001644,UPS,2026-08-12T14:39:20.880590,2026-08-17T14:39:20.880590,2026-08-17T14:39:20.880590,IN_TRANSIT
SHP000629,O002140,FedEx,2026-09-01T06:00:20.880590,2026-09-02T06:00:20.880590,2026-09-02T06:00:20.880590,IN_TRANSIT
SHP000630,O000612,BlueDart,2026-08-16T01:07:20.880590,2026-08-17T01:07:20.880590,2026-08-18T01:07:20.880590,DELAYED
SHP000631,O003979,Delhivery,2026-08-11T10:27:20.880590,2026-08-12T10:27:20.880590,2026-08-12T10:27:20.880590,DELAYED
SHP000632,O000482,DHL,2026-08-24T10:50:20.880590,2026-08-27T10:50:20.880590,2026-08-28T10:50:20.880590,DELIVERED
SHP000633,O004060,DHL,2026-08-10T23:47:20.880590,2026-08-12T23:47:20.880590,2026-08-12T23:47:20.880590,DELAYED
SHP000634,O004776,UPS,2026-08-11T12:11:20.880590,2026-08-18T12:11:20.880590,2026-08-17T12:11:20.880590,DELIVERED
SHP000635,O003801,DHL,2026-08-20T20:52:20.880590,2026-08-22T20:52:20.880590,2026-08-24T20:52:20.880590,DELAYED
SHP000636,O000724,UPS,2026-09-05T21:04:20.880590,2026-09-06T21:04:20.880590,2026-09-05T21:04:20.880590,DELIVERED
SHP000637,O003764,UPS,2026-08-31T08:16:20.880590,2026-09-03T08:16:20.880590,2026-09-03T08:16:20.880590,IN_TRANSIT
SHP000638,O004978,FedEx,2026-08-10T11:25:20.880590,2026-08-14T11:25:20.880590,2026-08-15T11:25:20.880590,DELAYED
SHP000639,O004022,BlueDart,2026-08-23T19:55:20.880590,2026-08-26T19:55:20.880590,2026-08-27T19:55:20.880590,DELIVERED
SHP000640,O000588,FedEx,2026-09-03T14:27:20.880590,2026-09-08T14:27:20.880590,2026-09-07T14:27:20.880590,DELIVERED
SHP000641,O004091,UPS,2026-09-05T01:21:20.880590,2026-09-10T01:21:20.880590,2026-09-09T01:21:20.880590,DELAYED
SHP000642,O001001,Delhivery,2026-08-24T07:19:20.880590,2026-08-27T07:19:20.880590,2026-08-27T07:19:20.880590,DELIVERED
SHP000643,O001244,DHL,2026-09-05T06:00:20.880590,2026-09-08T06:00:20.880590,2026-09-08T06:00:20.880590,DELIVERED
SHP000644,O001946,DHL,2026-08-10T12:34:20.880590,2026-08-13T12:34:20.880590,2026-08-13T12:34:20.880590,IN_TRANSIT
SHP000645,O003367,Delhivery,2026-08-09T09:33:20.880590,2026-08-15T09:33:20.880590,2026-08-16T09:33:20.880590,DELAYED
SHP000646,O003183,DHL,2026-08-15T12:04:20.880590,2026-08-19T12:04:20.880590,2026-08-21T12:04:20.880590,IN_TRANSIT
SHP000647,O002762,FedEx,2026-08-22T17:35:20.880590,2026-08-25T17:35:20.880590,2026-08-25T17:35:20.880590,DELAYED
SHP000648,O002555,DHL,2026-08-29T16:06:20.880590,2026-08-30T16:06:20.880590,2026-08-30T16:06:20.880590,DELAYED
SHP000649,O002319,BlueDart,2026-08-23T14:13:20.880590,2026-08-29T14:13:20.880590,2026-08-28T14:13:20.880590,DELAYED
SHP000650,O004783,Delhivery,2026-08-28T07:00:20.880590,2026-09-02T07:00:20.880590,2026-09-04T07:00:20.880590,IN_TRANSIT
SHP000651,O004307,UPS,2026-08-30T18:02:20.880590,2026-09-03T18:02:20.880590,2026-09-04T18:02:20.880590,DELAYED
SHP000652,O004151,Delhivery,2026-08-19T21:47:20.880590,2026-08-24T21:47:20.880590,2026-08-24T21:47:20.880590,DELIVERED
SHP000653,O003025,DHL,2026-08-08T10:52:20.880590,2026-08-13T10:52:20.880590,2026-08-13T10:52:20.880590,IN_TRANSIT
SHP000654,O002850,BlueDart,2026-08-27T14:29:20.880590,2026-08-29T14:29:20.880590,2026-08-29T14:29:20.880590,IN_TRANSIT
SHP000655,O002427,FedEx,2026-08-30T00:51:20.880590,2026-09-06T00:51:20.880590,2026-09-06T00:51:20.880590,IN_TRANSIT
SHP000656,O000708,BlueDart,2026-09-05T02:26:20.880590,2026-09-07T02:26:20.880590,2026-09-08T02:26:20.880590,IN_TRANSIT
SHP000657,O002963,BlueDart,2026-08-13T02:58:20.880590,2026-08-16T02:58:20.880590,2026-08-15T02:58:20.880590,IN_TRANSIT
SHP000658,O000066,BlueDart,2026-08-24T11:30:20.880590,2026-08-25T11:30:20.880590,2026-08-24T11:30:20.880590,DELIVERED
SHP000659,O002249,DHL,2026-08-20T10:36:20.880590,2026-08-27T10:36:20.880590,2026-08-27T10:36:20.880590,DELIVERED
SHP000660,O004172,BlueDart,2026-08-24T06:22:20.880590,2026-08-31T06:22:20.880590,2026-08-31T06:22:20.880590,IN_TRANSIT
SHP000661,O004194,BlueDart,2026-08-08T21:40:20.880590,2026-08-15T21:40:20.880590,2026-08-14T21:40:20.880590,DELIVERED
SHP000662,O003374,BlueDart,2026-08-07T05:09:20.880590,2026-08-12T05:09:20.880590,2026-08-14T05:09:20.880590,DELIVERED
SHP000663,O000822,BlueDart,2026-08-19T10:27:20.880590,2026-08-21T10:27:20.880590,2026-08-23T10:27:20.880590,DELIVERED
SHP000664,O003865,BlueDart,2026-08-07T09:50:20.880590,2026-08-09T09:50:20.880590,2026-08-09T09:50:20.880590,DELAYED
SHP000665,O000998,UPS,2026-08-12T03:00:20.880590,2026-08-19T03:00:20.880590,2026-08-19T03:00:20.880590,DELIVERED
SHP000666,O001171,Delhivery,2026-08-17T11:56:20.880590,2026-08-19T11:56:20.880590,2026-08-19T11:56:20.880590,DELIVERED
SHP000667,O001270,UPS,2026-09-01T08:47:20.880590,2026-09-02T08:47:20.880590,2026-09-04T08:47:20.880590,IN_TRANSIT
SHP000668,O002677,FedEx,2026-08-28T11:55:20.880590,2026-09-02T11:55:20.880590,2026-09-02T11:55:20.880590,IN_TRANSIT
SHP000669,O004842,Delhivery,2026-09-03T15:19:20.880590,2026-09-06T15:19:20.880590,2026-09-05T15:19:20.880590,DELIVERED
SHP000670,O000756,DHL,2026-08-19T11:31:20.880590,2026-08-25T11:31:20.880590,2026-08-27T11:31:20.880590,IN_TRANSIT
SHP000671,O004959,DHL,2026-08-27T15:31:20.880590,2026-08-29T15:31:20.880590,2026-08-29T15:31:20.880590,DELIVERED
SHP000672,O002018,UPS,2026-08-12T07:31:20.880590,2026-08-18T07:31:20.880590,2026-08-17T07:31:20.880590,IN_TRANSIT
SHP000673,O002611,BlueDart,2026-08-15T21:34:20.880590,2026-08-17T21:34:20.880590,2026-08-17T21:34:20.880590,DELAYED
SHP000674,O004851,FedEx,2026-08-31T04:59:20.880590,2026-09-07T04:59:20.880590,2026-09-06T04:59:20.880590,IN_TRANSIT
SHP000675,O000964,UPS,2026-08-20T05:22:20.880590,2026-08-24T05:22:20.880590,2026-08-26T05:22:20.880590,DELIVERED
SHP000676,O003805,Delhivery,2026-09-03T07:27:20.880590,2026-09-05T07:27:20.880590,2026-09-04T07:27:20.880590,DELIVERED
SHP000677,O000141,DHL,2026-08-31T15:43:20.880590,2026-09-01T15:43:20.880590,2026-09-01T15:43:20.880590,DELIVERED
SHP000678,O002357,UPS,2026-09-04T08:52:20.880590,2026-09-06T08:52:20.880590,2026-09-06T08:52:20.880590,DELIVERED
SHP000679,O002728,FedEx,2026-09-03T23:15:20.880590,2026-09-10T23:15:20.880590,2026-09-12T23:15:20.880590,DELIVERED
SHP000680,O002152,UPS,2026-09-05T21:42:20.880590,2026-09-09T21:42:20.880590,2026-09-11T21:42:20.880590,IN_TRANSIT
SHP000681,O002358,FedEx,2026-08-27T17:27:20.880590,2026-09-01T17:27:20.880590,2026-08-31T17:27:20.880590,DELIVERED
SHP000682,O004178,Delhivery,2026-08-10T22:15:20.880590,2026-08-15T22:15:20.880590,2026-08-15T22:15:20.880590,DELIVERED
SHP000683,O001819,UPS,2026-08-24T14:30:20.880590,2026-08-28T14:30:20.880590,2026-08-30T14:30:20.880590,DELAYED
SHP000684,O001863,BlueDart,2026-08-08T04:39:20.880590,2026-08-13T04:39:20.880590,2026-08-15T04:39:20.880590,DELIVERED
SHP000685,O000798,FedEx,2026-08-13T16:47:20.880590,2026-08-20T16:47:20.880590,2026-08-22T16:47:20.880590,DELAYED
SHP000686,O002053,FedEx,2026-08-27T07:04:20.880590,2026-09-03T07:04:20.880590,2026-09-04T07:04:20.880590,DELAYED
SHP000687,O000113,UPS,2026-09-02T06:14:20.880590,2026-09-09T06:14:20.880590,2026-09-09T06:14:20.880590,DELAYED
SHP000688,O002822,BlueDart,2026-08-21T18:23:20.880590,2026-08-28T18:23:20.880590,2026-08-28T18:23:20.880590,DELAYED
SHP000689,O002508,DHL,2026-09-02T02:22:20.880590,2026-09-07T02:22:20.880590,2026-09-07T02:22:20.880590,DELIVERED
SHP000690,O000006,BlueDart,2026-09-02T06:28:20.880590,2026-09-07T06:28:20.880590,2026-09-08T06:28:20.880590,DELAYED
SHP000691,O000401,UPS,2026-09-05T01:52:20.880590,2026-09-08T01:52:20.880590,2026-09-08T01:52:20.880590,DELAYED
SHP000692,O004451,BlueDart,2026-09-03T17:13:20.880590,2026-09-04T17:13:20.880590,2026-09-05T17:13:20.880590,DELIVERED
SHP000693,O003183,UPS,2026-08-09T06:21:20.880590,2026-08-13T06:21:20.880590,2026-08-14T06:21:20.880590,DELIVERED
SHP000694,O003706,UPS,2026-08-17T16:29:20.880590,2026-08-20T16:29:20.880590,2026-08-21T16:29:20.880590,DELIVERED
SHP000695,O003270,UPS,2026-08-10T20:04:20.880590,2026-08-12T20:04:20.880590,2026-08-13T20:04:20.880590,IN_TRANSIT
SHP000696,O001825,BlueDart,2026-08-11T07:15:20.880590,2026-08-17T07:15:20.880590,2026-08-19T07:15:20.880590,DELIVERED
SHP000697,O004815,Delhivery,2026-08-20T15:49:20.880590,2026-08-21T15:49:20.880590,2026-08-21T15:49:20.880590,IN_TRANSIT
SHP000698,O000168,Delhivery,2026-08-17T01:39:20.880590,2026-08-20T01:39:20.880590,2026-08-20T01:39:20.880590,IN_TRANSIT
SHP000699,O001317,Delhivery,2026-08-25T04:39:20.880590,2026-09-01T04:39:20.880590,2026-09-02T04:39:20.880590,IN_TRANSIT
SHP000700,O002469,BlueDart,2026-08-19T07:37:20.880590,2026-08-26T07:37:20.880590,2026-08-27T07:37:20.880590,DELIVERED
SHP000701,O000075,Delhivery,2026-08-21T18:20:20.880590,2026-08-24T18:20:20.880590,2026-08-24T18:20:20.880590,DELIVERED
SHP000702,O002053,FedEx,2026-08-13T11:14:20.880590,2026-08-15T11:14:20.880590,2026-08-15T11:14:20.880590,DELAYED
SHP000703,O000262,UPS,2026-08-07T06:37:20.880590,2026-08-08T06:37:20.880590,2026-08-09T06:37:20.880590,DELAYED
SHP000704,O002522,DHL,2026-08-12T19:03:20.880590,2026-08-18T19:03:20.880590,2026-08-18T19:03:20.880590,IN_TRANSIT
SHP000705,O003264,Delhivery,2026-08-18T06:46:20.880590,2026-08-19T06:46:20.880590,2026-08-19T06:46:20.880590,DELAYED
SHP000706,O002584,BlueDart,2026-08-22T10:38:20.880590,2026-08-25T10:38:20.880590,2026-08-27T10:38:20.880590,DELIVERED
SHP000707,O001427,BlueDart,2026-08-24T13:02:20.880590,2026-08-29T13:02:20.880590,2026-08-30T13:02:20.880590,DELIVERED
SHP000708,O002274,FedEx,2026-08-14T10:31:20.880590,2026-08-17T10:31:20.880590,2026-08-18T10:31:20.880590,DELIVERED
SHP000709,O001745,FedEx,2026-08-17T22:38:20.880590,2026-08-23T22:38:20.880590,2026-08-23T22:38:20.880590,DELAYED
SHP000710,O004914,UPS,2026-08-22T10:32:20.880590,2026-08-25T10:32:20.880590,2026-08-25T10:32:20.880590,DELIVERED
SHP000711,O002640,Delhivery,2026-08-10T19:36:20.880590,2026-08-17T19:36:20.880590,2026-08-17T19:36:20.880590,DELAYED
SHP000712,O001855,DHL,2026-08-24T15:59:20.880590,2026-08-27T15:59:20.880590,2026-08-26T15:59:20.880590,DELIVERED
SHP000713,O003565,BlueDart,2026-09-03T14:20:20.880590,2026-09-05T14:20:20.880590,2026-09-07T14:20:20.880590,DELAYED
SHP000714,O003626,FedEx,2026-08-11T04:25:20.880590,2026-08-12T04:25:20.880590,2026-08-13T04:25:20.880590,IN_TRANSIT
SHP000715,O004918,FedEx,2026-08-14T04:52:20.880590,2026-08-21T04:52:20.880590,2026-08-21T04:52:20.880590,DELIVERED
SHP000716,O000713,BlueDart,2026-08-20T19:19:20.880590,2026-08-24T19:19:20.880590,2026-08-26T19:19:20.880590,DELIVERED
SHP000717,O002943,FedEx,2026-08-12T11:38:20.880590,2026-08-17T11:38:20.880590,2026-08-17T11:38:20.880590,IN_TRANSIT
SHP000718,O004949,FedEx,2026-08-24T11:09:20.880590,2026-08-28T11:09:20.880590,2026-08-27T11:09:20.880590,IN_TRANSIT
SHP000719,O001034,UPS,2026-08-17T03:07:20.880590,2026-08-24T03:07:20.880590,2026-08-23T03:07:20.880590,DELIVERED
SHP000720,O001890,Delhivery,2026-08-12T13:42:20.880590,2026-08-14T13:42:20.880590,2026-08-16T13:42:20.880590,DELIVERED
SHP000721,O004356,UPS,2026-08-20T19:21:20.880590,2026-08-21T19:21:20.880590,2026-08-21T19:21:20.880590,DELIVERED
SHP000722,O003425,DHL,2026-08-09T02:39:20.880590,2026-08-15T02:39:20.880590,2026-08-17T02:39:20.880590,DELIVERED
SHP000723,O004723,FedEx,2026-08-11T21:27:20.880590,2026-08-17T21:27:20.880590,2026-08-17T21:27:20.880590,DELIVERED
SHP000724,O001849,BlueDart,2026-08-24T01:33:20.880590,2026-08-29T01:33:20.880590,2026-08-30T01:33:20.880590,DELIVERED
SHP000725,O000507,DHL,2026-09-03T12:49:20.880590,2026-09-04T12:49:20.880590,2026-09-03T12:49:20.880590,DELIVERED
SHP000726,O002799,BlueDart,2026-09-02T12:51:20.880590,2026-09-03T12:51:20.880590,2026-09-04T12:51:20.880590,DELIVERED
SHP000727,O002790,BlueDart,2026-08-15T10:37:20.880590,2026-08-21T10:37:20.880590,2026-08-21T10:37:20.880590,DELAYED
SHP000728,O000525,Delhivery,2026-08-29T11:03:20.880590,2026-09-04T11:03:20.880590,2026-09-04T11:03:20.880590,IN_TRANSIT
SHP000729,O002533,DHL,2026-09-03T08:27:20.880590,2026-09-09T08:27:20.880590,2026-09-10T08:27:20.880590,DELAYED
SHP000730,O001169,FedEx,2026-09-04T08:25:20.880590,2026-09-05T08:25:20.880590,2026-09-05T08:25:20.880590,IN_TRANSIT
SHP000731,O001120,FedEx,2026-08-16T22:39:20.880590,2026-08-17T22:39:20.880590,2026-08-18T22:39:20.880590,DELAYED
SHP000732,O003840,BlueDart,2026-09-04T14:50:20.880590,2026-09-11T14:50:20.880590,2026-09-13T14:50:20.880590,DELIVERED
SHP000733,O002716,BlueDart,2026-08-20T00:33:20.880590,2026-08-23T00:33:20.880590,2026-08-24T00:33:20.880590,DELAYED
SHP000734,O002008,BlueDart,2026-08-20T03:55:20.880590,2026-08-21T03:55:20.880590,2026-08-20T03:55:20.880590,DELAYED
SHP000735,O002890,FedEx,2026-08-20T12:24:20.880590,2026-08-26T12:24:20.880590,2026-08-28T12:24:20.880590,DELAYED
SHP000736,O000658,BlueDart,2026-08-11T19:27:20.880590,2026-08-15T19:27:20.880590,2026-08-16T19:27:20.880590,IN_TRANSIT
SHP000737,O002786,DHL,2026-08-26T12:55:20.880590,2026-08-29T12:55:20.880590,2026-08-29T12:55:20.880590,DELAYED
SHP000738,O003425,DHL,2026-08-28T11:47:20.880590,2026-08-30T11:47:20.880590,2026-08-29T11:47:20.880590,DELAYED
SHP000739,O004537,DHL,2026-08-14T08:18:20.880590,2026-08-21T08:18:20.880590,2026-08-21T08:18:20.880590,IN_TRANSIT
SHP000740,O000451,BlueDart,2026-08-31T23:22:20.880590,2026-09-06T23:22:20.880590,2026-09-05T23:22:20.880590,DELAYED
SHP000741,O000491,FedEx,2026-09-04T12:01:20.880590,2026-09-06T12:01:20.880590,2026-09-06T12:01:20.880590,DELIVERED
SHP000742,O003202,BlueDart,2026-08-12T05:48:20.880590,2026-08-18T05:48:20.880590,2026-08-20T05:48:20.880590,DELAYED
SHP000743,O000197,BlueDart,2026-08-27T03:58:20.880590,2026-09-02T03:58:20.880590,2026-09-03T03:58:20.880590,DELAYED
SHP000744,O001676,UPS,2026-08-26T12:26:20.880590,2026-08-28T12:26:20.880590,2026-08-28T12:26:20.880590,DELIVERED
SHP000745,O003984,DHL,2026-08-16T02:08:20.880590,2026-08-21T02:08:20.880590,2026-08-21T02:08:20.880590,DELAYED
SHP000746,O000587,FedEx,2026-08-14T03:03:20.880590,2026-08-18T03:03:20.880590,2026-08-20T03:03:20.880590,DELAYED
SHP000747,O004200,UPS,2026-08-20T00:08:20.880590,2026-08-24T00:08:20.880590,2026-08-24T00:08:20.880590,IN_TRANSIT
SHP000748,O000681,UPS,2026-08-10T20:56:20.880590,2026-08-17T20:56:20.880590,2026-08-17T20:56:20.880590,DELAYED
SHP000749,O001578,DHL,2026-08-21T05:43:20.880590,2026-08-22T05:43:20.880590,2026-08-21T05:43:20.880590,DELAYED
SHP000750,O003716,UPS,2026-08-18T04:50:20.880590,2026-08-25T04:50:20.880590,2026-08-25T04:50:20.880590,DELAYED
SHP000751,O004626,FedEx,2026-08-31T12:55:20.880590,2026-09-07T12:55:20.880590,2026-09-07T12:55:20.880590,DELAYED
SHP000752,O001698,FedEx,2026-08-10T09:18:20.880590,2026-08-13T09:18:20.880590,2026-08-14T09:18:20.880590,IN_TRANSIT
SHP000753,O004115,BlueDart,2026-09-03T08:09:20.880590,2026-09-07T08:09:20.880590,2026-09-09T08:09:20.880590,DELIVERED
SHP000754,O003922,Delhivery,2026-08-12T19:55:20.880590,2026-08-18T19:55:20.880590,2026-08-18T19:55:20.880590,DELIVERED
SHP000755,O004537,FedEx,2026-08-29T09:35:20.880590,2026-09-05T09:35:20.880590,2026-09-06T09:35:20.880590,IN_TRANSIT
SHP000756,O004671,DHL,2026-08-22T15:30:20.880590,2026-08-25T15:30:20.880590,2026-08-25T15:30:20.880590,DELAYED
SHP000757,O000338,DHL,2026-08-13T09:44:20.880590,2026-08-14T09:44:20.880590,2026-08-14T09:44:20.880590,DELAYED
SHP000758,O003178,UPS,2026-08-08T10:32:20.880590,2026-08-10T10:32:20.880590,2026-08-11T10:32:20.880590,IN_TRANSIT
SHP000759,O001508,BlueDart,2026-08-20T09:16:20.880590,2026-08-24T09:16:20.880590,2026-08-24T09:16:20.880590,IN_TRANSIT
SHP000760,O001184,BlueDart,2026-08-09T22:53:20.880590,2026-08-11T22:53:20.880590,2026-08-11T22:53:20.880590,IN_TRANSIT
SHP000761,O001808,FedEx,2026-08-22T18:42:20.880590,2026-08-26T18:42:20.880590,2026-08-26T18:42:20.880590,DELAYED
SHP000762,O002573,BlueDart,2026-08-24T21:51:20.880590,2026-08-29T21:51:20.880590,2026-08-30T21:51:20.880590,IN_TRANSIT
SHP000763,O004334,BlueDart,2026-08-18T21:36:20.880590,2026-08-23T21:36:20.880590,2026-08-23T21:36:20.880590,DELAYED
SHP000764,O001309,FedEx,2026-08-26T10:34:20.880590,2026-08-29T10:34:20.880590,2026-08-31T10:34:20.880590,IN_TRANSIT
SHP000765,O000986,DHL,2026-08-23T18:56:20.880590,2026-08-26T18:56:20.880590,2026-08-27T18:56:20.880590,DELAYED
SHP000766,O002580,DHL,2026-08-13T08:14:20.880590,2026-08-17T08:14:20.880590,2026-08-19T08:14:20.880590,DELIVERED
SHP000767,O003431,UPS,2026-09-01T21:15:20.880590,2026-09-05T21:15:20.880590,2026-09-07T21:15:20.880590,IN_TRANSIT
SHP000768,O001172,DHL,2026-08-12T01:24:20.880590,2026-08-19T01:24:20.880590,2026-08-20T01:24:20.880590,DELIVERED
SHP000769,O003424,BlueDart,2026-08-27T09:59:20.880590,2026-08-29T09:59:20.880590,2026-08-31T09:59:20.880590,DELIVERED
SHP000770,O000179,Delhivery,2026-08-21T14:28:20.880590,2026-08-25T14:28:20.880590,2026-08-27T14:28:20.880590,DELIVERED
SHP000771,O002207,FedEx,2026-08-18T18:34:20.880590,2026-08-19T18:34:20.880590,2026-08-19T18:34:20.880590,DELAYED
SHP000772,O002468,BlueDart,2026-08-12T01:50:20.880590,2026-08-19T01:50:20.880590,2026-08-19T01:50:20.880590,DELIVERED
SHP000773,O001208,FedEx,2026-08-15T12:37:20.880590,2026-08-18T12:37:20.880590,2026-08-19T12:37:20.880590,IN_TRANSIT
SHP000774,O000052,UPS,2026-09-01T02:16:20.880590,2026-09-04T02:16:20.880590,2026-09-05T02:16:20.880590,DELAYED
SHP000775,O003799,FedEx,2026-09-01T20:59:20.880590,2026-09-04T20:59:20.880590,2026-09-03T20:59:20.880590,DELAYED
SHP000776,O000426,BlueDart,2026-08-20T07:36:20.880590,2026-08-21T07:36:20.880590,2026-08-21T07:36:20.880590,DELIVERED
SHP000777,O004340,FedEx,2026-09-05T15:05:20.880590,2026-09-06T15:05:20.880590,2026-09-06T15:05:20.880590,IN_TRANSIT
SHP000778,O001180,FedEx,2026-09-01T08:10:20.880590,2026-09-03T08:10:20.880590,2026-09-04T08:10:20.880590,DELAYED
SHP000779,O000460,Delhivery,2026-08-14T03:52:20.880590,2026-08-20T03:52:20.880590,2026-08-20T03:52:20.880590,IN_TRANSIT
SHP000780,O003234,BlueDart,2026-08-09T23:21:20.880590,2026-08-13T23:21:20.880590,2026-08-14T23:21:20.880590,DELIVERED
SHP000781,O001615,BlueDart,2026-08-25T01:19:20.880590,2026-08-31T01:19:20.880590,2026-08-31T01:19:20.880590,DELAYED
SHP000782,O004262,BlueDart,2026-08-13T11:00:20.880590,2026-08-15T11:00:20.880590,2026-08-14T11:00:20.880590,DELIVERED
SHP000783,O001134,FedEx,2026-08-10T02:59:20.880590,2026-08-11T02:59:20.880590,2026-08-10T02:59:20.880590,DELAYED
SHP000784,O002394,Delhivery,2026-08-30T15:12:20.880590,2026-09-02T15:12:20.880590,2026-09-02T15:12:20.880590,IN_TRANSIT
SHP000785,O004450,FedEx,2026-08-18T13:53:20.880590,2026-08-20T13:53:20.880590,2026-08-20T13:53:20.880590,IN_TRANSIT
SHP000786,O004721,BlueDart,2026-08-27T14:25:20.880590,2026-08-28T14:25:20.880590,2026-08-30T14:25:20.880590,DELIVERED
SHP000787,O004959,BlueDart,2026-08-31T15:31:20.880590,2026-09-04T15:31:20.880590,2026-09-03T15:31:20.880590,DELAYED
SHP000788,O003123,DHL,2026-08-16T11:20:20.880590,2026-08-23T11:20:20.880590,2026-08-23T11:20:20.880590,DELAYED
SHP000789,O004970,UPS,2026-08-18T13:58:20.880590,2026-08-22T13:58:20.880590,2026-08-24T13:58:20.880590,DELIVERED
SHP000790,O004607,UPS,2026-08-08T03:39:20.880590,2026-08-12T03:39:20.880590,2026-08-12T03:39:20.880590,DELAYED
SHP000791,O000932,FedEx,2026-08-09T10:12:20.880590,2026-08-11T10:12:20.880590,2026-08-11T10:12:20.880590,DELAYED
SHP000792,O000767,Delhivery,2026-08-23T21:06:20.880590,2026-08-25T21:06:20.880590,2026-08-25T21:06:20.880590,DELIVERED
SHP000793,O000008,DHL,2026-09-05T18:45:20.880590,2026-09-06T18:45:20.880590,2026-09-06T18:45:20.880590,IN_TRANSIT
SHP000794,O000899,BlueDart,2026-08-24T21:02:20.880590,2026-08-27T21:02:20.880590,2026-08-29T21:02:20.880590,DELAYED
SHP000795,O000492,Delhivery,2026-09-05T06:57:20.880590,2026-09-06T06:57:20.880590,2026-09-06T06:57:20.880590,DELAYED
SHP000796,O004728,DHL,2026-08-30T06:00:20.880590,2026-09-02T06:00:20.880590,2026-09-02T06:00:20.880590,DELAYED
SHP000797,O000502,UPS,2026-08-10T03:50:20.880590,2026-08-11T03:50:20.880590,2026-08-11T03:50:20.880590,DELIVERED
SHP000798,O002856,BlueDart,2026-08-09T23:11:20.880590,2026-08-13T23:11:20.880590,2026-08-15T23:11:20.880590,IN_TRANSIT
SHP000799,O001750,UPS,2026-08-10T12:15:20.880590,2026-08-12T12:15:20.880590,2026-08-14T12:15:20.880590,DELAYED
SHP000800,O000845,UPS,2026-09-05T20:20:20.880590,2026-09-10T20:20:20.880590,2026-09-10T20:20:20.880590,IN_TRANSIT
SHP000801,O003753,UPS,2026-08-21T04:20:20.880590,2026-08-24T04:20:20.880590,2026-08-26T04:20:20.880590,DELIVERED
SHP000802,O000345,Delhivery,2026-08-16T00:41:20.880590,2026-08-22T00:41:20.880590,2026-08-21T00:41:20.880590,DELIVERED
SHP000803,O004230,UPS,2026-08-25T09:56:20.880590,2026-08-29T09:56:20.880590,2026-08-29T09:56:20.880590,IN_TRANSIT
SHP000804,O003990,BlueDart,2026-08-12T01:33:20.880590,2026-08-17T01:33:20.880590,2026-08-17T01:33:20.880590,DELIVERED
SHP000805,O004983,DHL,2026-08-11T05:02:20.880590,2026-08-13T05:02:20.880590,2026-08-14T05:02:20.880590,DELAYED
SHP000806,O003317,Delhivery,2026-08-11T17:36:20.880590,2026-08-16T17:36:20.880590,2026-08-18T17:36:20.880590,DELAYED
SHP000807,O003963,DHL,2026-08-16T08:27:20.880590,2026-08-20T08:27:20.880590,2026-08-19T08:27:20.880590,DELIVERED
SHP000808,O004227,BlueDart,2026-08-23T16:58:20.880590,2026-08-27T16:58:20.880590,2026-08-29T16:58:20.880590,IN_TRANSIT
SHP000809,O000698,Delhivery,2026-08-12T04:38:20.880590,2026-08-17T04:38:20.880590,2026-08-18T04:38:20.880590,IN_TRANSIT
SHP000810,O002919,Delhivery,2026-08-27T00:25:20.880590,2026-09-02T00:25:20.880590,2026-09-04T00:25:20.880590,DELIVERED
SHP000811,O001310,BlueDart,2026-08-16T03:00:20.880590,2026-08-17T03:00:20.880590,2026-08-18T03:00:20.880590,DELIVERED
SHP000812,O000231,UPS,2026-08-21T15:52:20.880590,2026-08-26T15:52:20.880590,2026-08-26T15:52:20.880590,IN_TRANSIT
SHP000813,O002094,UPS,2026-08-15T16:30:20.880590,2026-08-21T16:30:20.880590,2026-08-23T16:30:20.880590,DELIVERED
SHP000814,O002849,BlueDart,2026-09-02T19:44:20.880590,2026-09-05T19:44:20.880590,2026-09-06T19:44:20.880590,DELAYED
SHP000815,O004469,UPS,2026-08-13T21:12:20.880590,2026-08-15T21:12:20.880590,2026-08-15T21:12:20.880590,DELIVERED
SHP000816,O004740,Delhivery,2026-08-18T07:42:20.880590,2026-08-25T07:42:20.880590,2026-08-27T07:42:20.880590,DELIVERED
SHP000817,O001305,BlueDart,2026-08-19T21:45:20.880590,2026-08-23T21:45:20.880590,2026-08-23T21:45:20.880590,DELIVERED
SHP000818,O003949,UPS,2026-08-28T08:44:20.880590,2026-09-02T08:44:20.880590,2026-09-01T08:44:20.880590,DELIVERED
SHP000819,O004419,UPS,2026-08-22T02:08:20.880590,2026-08-26T02:08:20.880590,2026-08-27T02:08:20.880590,DELAYED
SHP000820,O004955,FedEx,2026-08-29T03:01:20.880590,2026-08-30T03:01:20.880590,2026-08-30T03:01:20.880590,DELIVERED
SHP000821,O004223,UPS,2026-08-13T23:01:20.880590,2026-08-15T23:01:20.880590,2026-08-15T23:01:20.880590,IN_TRANSIT
SHP000822,O003924,BlueDart,2026-08-15T04:40:20.880590,2026-08-19T04:40:20.880590,2026-08-21T04:40:20.880590,DELAYED
SHP000823,O001819,UPS,2026-09-05T12:29:20.880590,2026-09-08T12:29:20.880590,2026-09-07T12:29:20.880590,DELAYED
SHP000824,O000502,FedEx,2026-08-23T22:37:20.880590,2026-08-26T22:37:20.880590,2026-08-26T22:37:20.880590,DELAYED
SHP000825,O002457,BlueDart,2026-08-23T22:13:20.880590,2026-08-24T22:13:20.880590,2026-08-24T22:13:20.880590,DELIVERED
SHP000826,O003827,FedEx,2026-08-31T20:00:20.880590,2026-09-01T20:00:20.880590,2026-09-03T20:00:20.880590,DELAYED
SHP000827,O001025,DHL,2026-08-28T12:51:20.880590,2026-09-03T12:51:20.880590,2026-09-04T12:51:20.880590,DELIVERED
SHP000828,O001368,BlueDart,2026-09-01T08:14:20.880590,2026-09-08T08:14:20.880590,2026-09-09T08:14:20.880590,IN_TRANSIT
SHP000829,O000950,DHL,2026-08-27T19:21:20.880590,2026-09-03T19:21:20.880590,2026-09-05T19:21:20.880590,IN_TRANSIT
SHP000830,O002614,FedEx,2026-08-13T10:33:20.880590,2026-08-19T10:33:20.880590,2026-08-20T10:33:20.880590,DELAYED
SHP000831,O003195,FedEx,2026-08-29T23:52:20.880590,2026-08-30T23:52:20.880590,2026-09-01T23:52:20.880590,DELIVERED
SHP000832,O003626,DHL,2026-08-07T10:49:20.880590,2026-08-09T10:49:20.880590,2026-08-08T10:49:20.880590,DELIVERED
SHP000833,O002283,FedEx,2026-08-13T12:02:20.880590,2026-08-15T12:02:20.880590,2026-08-15T12:02:20.880590,DELAYED
SHP000834,O004005,FedEx,2026-08-20T06:27:20.880590,2026-08-26T06:27:20.880590,2026-08-25T06:27:20.880590,IN_TRANSIT
SHP000835,O003961,BlueDart,2026-09-06T00:50:20.880590,2026-09-10T00:50:20.880590,2026-09-09T00:50:20.880590,DELAYED
SHP000836,O000986,Delhivery,2026-08-26T12:01:20.880590,2026-08-31T12:01:20.880590,2026-09-01T12:01:20.880590,DELIVERED
SHP000837,O002989,Delhivery,2026-08-24T04:19:20.880590,2026-08-28T04:19:20.880590,2026-08-28T04:19:20.880590,IN_TRANSIT
SHP000838,O003730,BlueDart,2026-08-25T09:12:20.880590,2026-08-28T09:12:20.880590,2026-08-27T09:12:20.880590,DELAYED
SHP000839,O003094,Delhivery,2026-09-03T19:02:20.880590,2026-09-10T19:02:20.880590,2026-09-10T19:02:20.880590,DELIVERED
SHP000840,O002180,DHL,2026-08-20T03:31:20.880590,2026-08-21T03:31:20.880590,2026-08-23T03:31:20.880590,DELAYED
SHP000841,O001248,FedEx,2026-08-23T17:53:20.880590,2026-08-30T17:53:20.880590,2026-08-30T17:53:20.880590,DELIVERED
SHP000842,O002987,FedEx,2026-08-24T08:19:20.880590,2026-08-31T08:19:20.880590,2026-09-01T08:19:20.880590,DELAYED
SHP000843,O001494,FedEx,2026-08-16T04:11:20.880590,2026-08-23T04:11:20.880590,2026-08-22T04:11:20.880590,DELAYED
SHP000844,O002117,FedEx,2026-08-10T12:21:20.880590,2026-08-15T12:21:20.880590,2026-08-14T12:21:20.880590,IN_TRANSIT
SHP000845,O002965,UPS,2026-08-08T00:37:20.880590,2026-08-12T00:37:20.880590,2026-08-12T00:37:20.880590,IN_TRANSIT
SHP000846,O000935,UPS,2026-08-09T08:06:20.880590,2026-08-13T08:06:20.880590,2026-08-15T08:06:20.880590,DELIVERED
SHP000847,O002694,DHL,2026-08-10T19:39:20.880590,2026-08-16T19:39:20.880590,2026-08-15T19:39:20.880590,DELIVERED
SHP000848,O003252,FedEx,2026-08-10T05:02:20.880590,2026-08-14T05:02:20.880590,2026-08-13T05:02:20.880590,DELIVERED
SHP000849,O000268,FedEx,2026-08-29T23:49:20.880590,2026-09-02T23:49:20.880590,2026-09-02T23:49:20.880590,DELAYED
SHP000850,O001712,UPS,2026-09-02T01:59:20.880590,2026-09-09T01:59:20.880590,2026-09-10T01:59:20.880590,IN_TRANSIT
SHP000851,O003734,Delhivery,2026-09-03T06:27:20.880590,2026-09-10T06:27:20.880590,2026-09-10T06:27:20.880590,DELIVERED
SHP000852,O002368,Delhivery,2026-08-21T13:27:20.880590,2026-08-26T13:27:20.880590,2026-08-26T13:27:20.880590,IN_TRANSIT
SHP000853,O000732,Delhivery,2026-08-29T10:48:20.880590,2026-08-31T10:48:20.880590,2026-08-30T10:48:20.880590,IN_TRANSIT
SHP000854,O003301,BlueDart,2026-09-02T00:30:20.880590,2026-09-07T00:30:20.880590,2026-09-06T00:30:20.880590,IN_TRANSIT
SHP000855,O001987,Delhivery,2026-08-24T13:17:20.880590,2026-08-28T13:17:20.880590,2026-08-29T13:17:20.880590,IN_TRANSIT
SHP000856,O001277,DHL,2026-08-17T23:37:20.880590,2026-08-19T23:37:20.880590,2026-08-18T23:37:20.880590,IN_TRANSIT
SHP000857,O003340,BlueDart,2026-08-13T08:55:20.880590,2026-08-16T08:55:20.880590,2026-08-16T08:55:20.880590,DELAYED
SHP000858,O002543,BlueDart,2026-08-13T12:30:20.880590,2026-08-18T12:30:20.880590,2026-08-18T12:30:20.880590,IN_TRANSIT
SHP000859,O001364,BlueDart,2026-09-03T00:18:20.880590,2026-09-09T00:18:20.880590,2026-09-09T00:18:20.880590,IN_TRANSIT
SHP000860,O000323,DHL,2026-08-07T04:16:20.880590,2026-08-13T04:16:20.880590,2026-08-13T04:16:20.880590,DELIVERED
SHP000861,O003205,DHL,2026-08-31T21:54:20.880590,2026-09-01T21:54:20.880590,2026-09-01T21:54:20.880590,DELAYED
SHP000862,O000144,UPS,2026-08-24T05:11:20.880590,2026-08-25T05:11:20.880590,2026-08-27T05:11:20.880590,DELIVERED
SHP000863,O002769,UPS,2026-09-01T12:30:20.880590,2026-09-03T12:30:20.880590,2026-09-03T12:30:20.880590,IN_TRANSIT
SHP000864,O003283,FedEx,2026-08-12T06:31:20.880590,2026-08-18T06:31:20.880590,2026-08-17T06:31:20.880590,DELAYED
SHP000865,O001921,UPS,2026-08-16T01:50:20.880590,2026-08-20T01:50:20.880590,2026-08-20T01:50:20.880590,IN_TRANSIT
SHP000866,O001645,DHL,2026-09-03T06:53:20.880590,2026-09-04T06:53:20.880590,2026-09-03T06:53:20.880590,DELIVERED
SHP000867,O004828,DHL,2026-08-08T18:36:20.880590,2026-08-13T18:36:20.880590,2026-08-15T18:36:20.880590,DELAYED
SHP000868,O000541,Delhivery,2026-08-17T17:52:20.880590,2026-08-21T17:52:20.880590,2026-08-23T17:52:20.880590,DELIVERED
SHP000869,O002538,Delhivery,2026-08-07T05:17:20.880590,2026-08-08T05:17:20.880590,2026-08-08T05:17:20.880590,DELAYED
SHP000870,O001890,UPS,2026-09-05T08:30:20.880590,2026-09-11T08:30:20.880590,2026-09-11T08:30:20.880590,DELIVERED
SHP000871,O004455,Delhivery,2026-08-22T07:26:20.880590,2026-08-29T07:26:20.880590,2026-08-29T07:26:20.880590,DELAYED
SHP000872,O001886,DHL,2026-08-09T08:39:20.880590,2026-08-12T08:39:20.880590,2026-08-12T08:39:20.880590,DELAYED
SHP000873,O003418,BlueDart,2026-08-27T05:49:20.880590,2026-08-28T05:49:20.880590,2026-08-28T05:49:20.880590,IN_TRANSIT
SHP000874,O001396,Delhivery,2026-08-24T23:40:20.880590,2026-08-30T23:40:20.880590,2026-08-29T23:40:20.880590,DELAYED
SHP000875,O001150,FedEx,2026-08-10T19:21:20.880590,2026-08-16T19:21:20.880590,2026-08-17T19:21:20.880590,DELAYED
SHP000876,O002858,Delhivery,2026-08-10T02:21:20.880590,2026-08-13T02:21:20.880590,2026-08-14T02:21:20.880590,DELAYED
SHP000877,O003752,DHL,2026-08-18T17:30:20.880590,2026-08-25T17:30:20.880590,2026-08-25T17:30:20.880590,DELAYED
SHP000878,O000604,DHL,2026-08-17T02:01:20.880590,2026-08-18T02:01:20.880590,2026-08-18T02:01:20.880590,DELAYED
SHP000879,O001738,FedEx,2026-09-01T00:30:20.880590,2026-09-02T00:30:20.880590,2026-09-04T00:30:20.880590,IN_TRANSIT
SHP000880,O001662,Delhivery,2026-08-29T16:29:20.880590,2026-09-02T16:29:20.880590,2026-09-04T16:29:20.880590,DELAYED
SHP000881,O001143,DHL,2026-08-20T06:24:20.880590,2026-08-25T06:24:20.880590,2026-08-27T06:24:20.880590,DELIVERED
SHP000882,O001147,BlueDart,2026-08-21T02:17:20.880590,2026-08-26T02:17:20.880590,2026-08-26T02:17:20.880590,IN_TRANSIT
SHP000883,O002917,DHL,2026-08-25T15:16:20.880590,2026-09-01T15:16:20.880590,2026-08-31T15:16:20.880590,IN_TRANSIT
SHP000884,O003500,BlueDart,2026-08-29T04:03:20.880590,2026-09-04T04:03:20.880590,2026-09-03T04:03:20.880590,DELAYED
SHP000885,O003922,BlueDart,2026-08-29T14:21:20.880590,2026-09-05T14:21:20.880590,2026-09-05T14:21:20.880590,DELAYED
SHP000886,O004446,FedEx,2026-08-31T05:09:20.880590,2026-09-04T05:09:20.880590,2026-09-04T05:09:20.880590,IN_TRANSIT
SHP000887,O004309,UPS,2026-08-31T20:25:20.880590,2026-09-01T20:25:20.880590,2026-08-31T20:25:20.880590,DELAYED
SHP000888,O003249,FedEx,2026-09-05T20:34:20.880590,2026-09-09T20:34:20.880590,2026-09-10T20:34:20.880590,DELIVERED
SHP000889,O001302,FedEx,2026-09-03T00:10:20.880590,2026-09-07T00:10:20.880590,2026-09-08T00:10:20.880590,IN_TRANSIT
SHP000890,O004217,Delhivery,2026-08-27T06:13:20.880590,2026-08-28T06:13:20.880590,2026-08-30T06:13:20.880590,DELAYED
SHP000891,O003667,BlueDart,2026-08-15T22:05:20.880590,2026-08-16T22:05:20.880590,2026-08-17T22:05:20.880590,IN_TRANSIT
SHP000892,O001535,Delhivery,2026-08-14T18:01:20.880590,2026-08-20T18:01:20.880590,2026-08-22T18:01:20.880590,DELAYED
SHP000893,O004991,DHL,2026-08-31T12:48:20.880590,2026-09-04T12:48:20.880590,2026-09-04T12:48:20.880590,DELAYED
SHP000894,O001982,UPS,2026-09-02T15:00:20.880590,2026-09-07T15:00:20.880590,2026-09-09T15:00:20.880590,DELIVERED
SHP000895,O002650,UPS,2026-08-13T05:30:20.880590,2026-08-18T05:30:20.880590,2026-08-19T05:30:20.880590,IN_TRANSIT
SHP000896,O001248,BlueDart,2026-08-28T05:09:20.880590,2026-08-31T05:09:20.880590,2026-09-02T05:09:20.880590,IN_TRANSIT
SHP000897,O002428,DHL,2026-08-24T08:40:20.880590,2026-08-29T08:40:20.880590,2026-08-29T08:40:20.880590,DELAYED
SHP000898,O004360,DHL,2026-08-23T20:51:20.880590,2026-08-26T20:51:20.880590,2026-08-25T20:51:20.880590,DELIVERED
SHP000899,O001023,BlueDart,2026-08-20T07:09:20.880590,2026-08-21T07:09:20.880590,2026-08-22T07:09:20.880590,IN_TRANSIT
SHP000900,O004518,Delhivery,2026-08-29T00:48:20.880590,2026-08-31T00:48:20.880590,2026-09-02T00:48:20.880590,DELIVERED
SHP000901,O004836,UPS,2026-08-13T09:19:20.880590,2026-08-20T09:19:20.880590,2026-08-21T09:19:20.880590,IN_TRANSIT
SHP000902,O004378,Delhivery,2026-08-11T06:47:20.880590,2026-08-15T06:47:20.880590,2026-08-14T06:47:20.880590,DELAYED
SHP000903,O002527,Delhivery,2026-08-12T06:05:20.880590,2026-08-16T06:05:20.880590,2026-08-15T06:05:20.880590,DELIVERED
SHP000904,O002958,DHL,2026-09-05T17:00:20.880590,2026-09-06T17:00:20.880590,2026-09-08T17:00:20.880590,DELIVERED
SHP000905,O002210,Delhivery,2026-08-18T23:28:20.880590,2026-08-24T23:28:20.880590,2026-08-24T23:28:20.880590,DELAYED
SHP000906,O004598,BlueDart,2026-08-27T09:53:20.880590,2026-08-30T09:53:20.880590,2026-08-31T09:53:20.880590,DELIVERED
SHP000907,O001909,DHL,2026-09-04T13:40:20.880590,2026-09-11T13:40:20.880590,2026-09-11T13:40:20.880590,DELAYED
SHP000908,O000148,DHL,2026-08-15T23:41:20.880590,2026-08-16T23:41:20.880590,2026-08-16T23:41:20.880590,IN_TRANSIT
SHP000909,O000109,DHL,2026-09-04T21:29:20.880590,2026-09-10T21:29:20.880590,2026-09-12T21:29:20.880590,IN_TRANSIT
SHP000910,O000296,BlueDart,2026-09-04T12:41:20.880590,2026-09-07T12:41:20.880590,2026-09-07T12:41:20.880590,DELAYED
SHP000911,O003290,Delhivery,2026-08-08T02:29:20.880590,2026-08-11T02:29:20.880590,2026-08-11T02:29:20.880590,DELIVERED
SHP000912,O001861,FedEx,2026-08-14T10:25:20.880590,2026-08-18T10:25:20.880590,2026-08-20T10:25:20.880590,DELIVERED
SHP000913,O004595,DHL,2026-08-12T11:28:20.880590,2026-08-16T11:28:20.880590,2026-08-16T11:28:20.880590,DELIVERED
SHP000914,O004084,FedEx,2026-08-07T16:18:20.880590,2026-08-08T16:18:20.880590,2026-08-08T16:18:20.880590,IN_TRANSIT
SHP000915,O003154,BlueDart,2026-08-14T22:07:20.880590,2026-08-16T22:07:20.880590,2026-08-16T22:07:20.880590,DELAYED
SHP000916,O003697,UPS,2026-09-02T04:36:20.880590,2026-09-04T04:36:20.880590,2026-09-05T04:36:20.880590,DELAYED
SHP000917,O002362,DHL,2026-09-04T23:04:20.880590,2026-09-10T23:04:20.880590,2026-09-10T23:04:20.880590,IN_TRANSIT
SHP000918,O002270,UPS,2026-08-11T05:55:20.880590,2026-08-15T05:55:20.880590,2026-08-17T05:55:20.880590,IN_TRANSIT
SHP000919,O004064,UPS,2026-08-25T15:04:20.880590,2026-08-26T15:04:20.880590,2026-08-27T15:04:20.880590,DELAYED
SHP000920,O001707,UPS,2026-08-29T11:50:20.880590,2026-09-04T11:50:20.880590,2026-09-04T11:50:20.880590,IN_TRANSIT
SHP000921,O001793,UPS,2026-08-24T00:28:20.880590,2026-08-27T00:28:20.880590,2026-08-26T00:28:20.880590,IN_TRANSIT
SHP000922,O003516,Delhivery,2026-08-24T09:22:20.880590,2026-08-29T09:22:20.880590,2026-08-30T09:22:20.880590,IN_TRANSIT
SHP000923,O001628,UPS,2026-08-30T10:57:20.880590,2026-09-04T10:57:20.880590,2026-09-04T10:57:20.880590,IN_TRANSIT
SHP000924,O001874,UPS,2026-09-01T14:47:20.880590,2026-09-07T14:47:20.880590,2026-09-09T14:47:20.880590,IN_TRANSIT
SHP000925,O001311,BlueDart,2026-09-04T17:31:20.880590,2026-09-11T17:31:20.880590,2026-09-12T17:31:20.880590,DELIVERED
SHP000926,O003209,UPS,2026-08-26T19:39:20.880590,2026-08-31T19:39:20.880590,2026-08-31T19:39:20.880590,DELIVERED
SHP000927,O000241,BlueDart,2026-08-14T01:54:20.880590,2026-08-18T01:54:20.880590,2026-08-18T01:54:20.880590,DELAYED
SHP000928,O000038,Delhivery,2026-08-28T11:52:20.880590,2026-09-02T11:52:20.880590,2026-09-02T11:52:20.880590,DELIVERED
SHP000929,O003347,Delhivery,2026-08-14T07:09:20.880590,2026-08-19T07:09:20.880590,2026-08-19T07:09:20.880590,DELAYED
SHP000930,O002063,UPS,2026-09-05T14:06:20.880590,2026-09-07T14:06:20.880590,2026-09-08T14:06:20.880590,DELAYED
SHP000931,O004388,DHL,2026-08-22T09:44:20.880590,2026-08-25T09:44:20.880590,2026-08-24T09:44:20.880590,DELAYED
SHP000932,O002615,DHL,2026-08-20T23:12:20.880590,2026-08-23T23:12:20.880590,2026-08-22T23:12:20.880590,DELAYED
SHP000933,O004359,UPS,2026-08-15T00:25:20.880590,2026-08-19T00:25:20.880590,2026-08-20T00:25:20.880590,DELIVERED
SHP000934,O000419,BlueDart,2026-08-07T10:21:20.880590,2026-08-09T10:21:20.880590,2026-08-09T10:21:20.880590,DELIVERED
SHP000935,O001607,Delhivery,2026-09-03T12:36:20.880590,2026-09-04T12:36:20.880590,2026-09-05T12:36:20.880590,IN_TRANSIT
SHP000936,O004015,FedEx,2026-08-17T09:39:20.880590,2026-08-24T09:39:20.880590,2026-08-26T09:39:20.880590,IN_TRANSIT
SHP000937,O002830,DHL,2026-08-19T07:56:20.880590,2026-08-21T07:56:20.880590,2026-08-23T07:56:20.880590,DELIVERED
SHP000938,O003455,FedEx,2026-08-09T22:42:20.880590,2026-08-12T22:42:20.880590,2026-08-14T22:42:20.880590,IN_TRANSIT
SHP000939,O002903,DHL,2026-08-12T01:29:20.880590,2026-08-18T01:29:20.880590,2026-08-18T01:29:20.880590,DELAYED
SHP000940,O000040,UPS,2026-09-05T00:07:20.880590,2026-09-08T00:07:20.880590,2026-09-07T00:07:20.880590,DELAYED
SHP000941,O004607,DHL,2026-08-15T11:28:20.880590,2026-08-18T11:28:20.880590,2026-08-18T11:28:20.880590,IN_TRANSIT
SHP000942,O000531,FedEx,2026-08-17T09:20:20.880590,2026-08-21T09:20:20.880590,2026-08-23T09:20:20.880590,IN_TRANSIT
SHP000943,O001834,BlueDart,2026-08-17T15:24:20.880590,2026-08-22T15:24:20.880590,2026-08-22T15:24:20.880590,DELIVERED
SHP000944,O000824,DHL,2026-08-10T15:20:20.880590,2026-08-12T15:20:20.880590,2026-08-12T15:20:20.880590,DELAYED
SHP000945,O004720,DHL,2026-08-23T02:32:20.880590,2026-08-26T02:32:20.880590,2026-08-26T02:32:20.880590,IN_TRANSIT
SHP000946,O001513,BlueDart,2026-08-23T08:24:20.880590,2026-08-30T08:24:20.880590,2026-08-30T08:24:20.880590,DELIVERED
SHP000947,O003557,BlueDart,2026-09-01T03:38:20.880590,2026-09-03T03:38:20.880590,2026-09-03T03:38:20.880590,DELIVERED
SHP000948,O004290,UPS,2026-08-09T09:14:20.880590,2026-08-13T09:14:20.880590,2026-08-13T09:14:20.880590,DELAYED
SHP000949,O004539,UPS,2026-08-15T19:36:20.880590,2026-08-18T19:36:20.880590,2026-08-18T19:36:20.880590,IN_TRANSIT
SHP000950,O002127,BlueDart,2026-08-10T17:04:20.880590,2026-08-11T17:04:20.880590,2026-08-13T17:04:20.880590,DELAYED
SHP000951,O004790,FedEx,2026-08-10T17:41:20.880590,2026-08-13T17:41:20.880590,2026-08-12T17:41:20.880590,DELIVERED
SHP000952,O002494,UPS,2026-08-28T18:01:20.880590,2026-09-04T18:01:20.880590,2026-09-04T18:01:20.880590,IN_TRANSIT
SHP000953,O003718,DHL,2026-08-17T01:37:20.880590,2026-08-24T01:37:20.880590,2026-08-25T01:37:20.880590,DELIVERED
SHP000954,O001528,Delhivery,2026-08-28T15:02:20.880590,2026-09-04T15:02:20.880590,2026-09-03T15:02:20.880590,IN_TRANSIT
SHP000955,O001637,FedEx,2026-08-27T19:05:20.880590,2026-08-31T19:05:20.880590,2026-08-31T19:05:20.880590,IN_TRANSIT
SHP000956,O001151,DHL,2026-08-11T09:41:20.880590,2026-08-17T09:41:20.880590,2026-08-17T09:41:20.880590,IN_TRANSIT
SHP000957,O003467,FedEx,2026-08-24T02:31:20.880590,2026-08-31T02:31:20.880590,2026-09-01T02:31:20.880590,IN_TRANSIT
SHP000958,O001424,BlueDart,2026-08-11T16:17:20.880590,2026-08-12T16:17:20.880590,2026-08-14T16:17:20.880590,IN_TRANSIT
SHP000959,O000971,Delhivery,2026-08-30T23:38:20.880590,2026-09-06T23:38:20.880590,2026-09-07T23:38:20.880590,IN_TRANSIT
SHP000960,O000116,Delhivery,2026-08-14T07:56:20.880590,2026-08-19T07:56:20.880590,2026-08-18T07:56:20.880590,IN_TRANSIT
SHP000961,O001918,DHL,2026-09-02T01:07:20.880590,2026-09-07T01:07:20.880590,2026-09-08T01:07:20.880590,DELIVERED
SHP000962,O001925,Delhivery,2026-08-07T23:27:20.880590,2026-08-12T23:27:20.880590,2026-08-12T23:27:20.880590,DELIVERED
SHP000963,O004048,DHL,2026-08-26T21:27:20.880590,2026-08-29T21:27:20.880590,2026-08-29T21:27:20.880590,DELIVERED
SHP000964,O004835,Delhivery,2026-08-22T01:47:20.880590,2026-08-24T01:47:20.880590,2026-08-24T01:47:20.880590,DELAYED
SHP000965,O003611,FedEx,2026-08-26T02:49:20.880590,2026-09-01T02:49:20.880590,2026-08-31T02:49:20.880590,DELIVERED
SHP000966,O002298,FedEx,2026-08-16T20:35:20.880590,2026-08-23T20:35:20.880590,2026-08-25T20:35:20.880590,DELAYED
SHP000967,O000316,UPS,2026-08-31T04:57:20.880590,2026-09-05T04:57:20.880590,2026-09-05T04:57:20.880590,DELIVERED
SHP000968,O002391,FedEx,2026-09-05T23:39:20.880590,2026-09-06T23:39:20.880590,2026-09-06T23:39:20.880590,IN_TRANSIT
SHP000969,O001985,BlueDart,2026-09-03T17:18:20.880590,2026-09-06T17:18:20.880590,2026-09-06T17:18:20.880590,DELIVERED
SHP000970,O004530,FedEx,2026-08-13T15:31:20.880590,2026-08-20T15:31:20.880590,2026-08-20T15:31:20.880590,DELIVERED
SHP000971,O002092,FedEx,2026-08-18T06:27:20.880590,2026-08-22T06:27:20.880590,2026-08-22T06:27:20.880590,IN_TRANSIT
SHP000972,O003102,BlueDart,2026-08-27T03:43:20.880590,2026-08-29T03:43:20.880590,2026-08-31T03:43:20.880590,DELAYED
SHP000973,O000903,UPS,2026-08-09T23:14:20.880590,2026-08-12T23:14:20.880590,2026-08-14T23:14:20.880590,DELIVERED
SHP000974,O002120,FedEx,2026-08-20T00:58:20.880590,2026-08-21T00:58:20.880590,2026-08-23T00:58:20.880590,DELAYED
SHP000975,O002451,FedEx,2026-08-16T07:16:20.880590,2026-08-20T07:16:20.880590,2026-08-22T07:16:20.880590,IN_TRANSIT
SHP000976,O000693,DHL,2026-08-17T07:12:20.880590,2026-08-23T07:12:20.880590,2026-08-23T07:12:20.880590,DELAYED
SHP000977,O003964,BlueDart,2026-09-02T16:40:20.880590,2026-09-03T16:40:20.880590,2026-09-02T16:40:20.880590,IN_TRANSIT
SHP000978,O003343,FedEx,2026-08-07T18:40:20.880590,2026-08-13T18:40:20.880590,2026-08-15T18:40:20.880590,DELIVERED
SHP000979,O004956,FedEx,2026-08-28T08:16:20.880590,2026-09-01T08:16:20.880590,2026-09-01T08:16:20.880590,DELIVERED
SHP000980,O001751,FedEx,2026-08-27T15:01:20.880590,2026-09-01T15:01:20.880590,2026-08-31T15:01:20.880590,IN_TRANSIT
SHP000981,O000684,DHL,2026-08-13T11:42:20.880590,2026-08-19T11:42:20.880590,2026-08-21T11:42:20.880590,IN_TRANSIT
SHP000982,O001275,FedEx,2026-08-17T11:05:20.880590,2026-08-18T11:05:20.880590,2026-08-20T11:05:20.880590,DELAYED
SHP000983,O003253,Delhivery,2026-08-18T06:19:20.880590,2026-08-19T06:19:20.880590,2026-08-19T06:19:20.880590,IN_TRANSIT
SHP000984,O003773,BlueDart,2026-08-16T23:20:20.880590,2026-08-23T23:20:20.880590,2026-08-24T23:20:20.880590,DELIVERED
SHP000985,O002941,FedEx,2026-08-08T06:48:20.880590,2026-08-13T06:48:20.880590,2026-08-15T06:48:20.880590,DELAYED
SHP000986,O003993,DHL,2026-08-27T14:16:20.880590,2026-08-31T14:16:20.880590,2026-08-31T14:16:20.880590,IN_TRANSIT
SHP000987,O000664,UPS,2026-09-03T03:09:20.880590,2026-09-10T03:09:20.880590,2026-09-10T03:09:20.880590,DELIVERED
SHP000988,O002246,UPS,2026-08-18T15:10:20.880590,2026-08-19T15:10:20.880590,2026-08-18T15:10:20.880590,DELIVERED
SHP000989,O001073,BlueDart,2026-08-07T07:50:20.880590,2026-08-13T07:50:20.880590,2026-08-15T07:50:20.880590,DELIVERED
SHP000990,O004050,Delhivery,2026-09-01T13:35:20.880590,2026-09-06T13:35:20.880590,2026-09-05T13:35:20.880590,DELIVERED
SHP000991,O002837,DHL,2026-08-21T03:40:20.880590,2026-08-23T03:40:20.880590,2026-08-25T03:40:20.880590,IN_TRANSIT
SHP000992,O003275,BlueDart,2026-08-29T22:49:20.880590,2026-09-05T22:49:20.880590,2026-09-06T22:49:20.880590,DELIVERED
SHP000993,O000390,UPS,2026-08-17T21:05:20.880590,2026-08-18T21:05:20.880590,2026-08-20T21:05:20.880590,DELAYED
SHP000994,O002238,BlueDart,2026-08-16T10:06:20.880590,2026-08-22T10:06:20.880590,2026-08-23T10:06:20.880590,DELAYED
SHP000995,O002438,DHL,2026-08-22T21:30:20.880590,2026-08-27T21:30:20.880590,2026-08-27T21:30:20.880590,DELIVERED
SHP000996,O004438,Delhivery,2026-08-26T08:29:20.880590,2026-08-27T08:29:20.880590,2026-08-26T08:29:20.880590,DELIVERED
SHP000997,O004502,FedEx,2026-08-18T03:28:20.880590,2026-08-22T03:28:20.880590,2026-08-22T03:28:20.880590,DELIVERED
SHP000998,O002569,DHL,2026-08-09T06:21:20.880590,2026-08-11T06:21:20.880590,2026-08-11T06:21:20.880590,IN_TRANSIT
SHP000999,O000493,DHL,2026-08-24T03:20:20.880590,2026-08-29T03:20:20.880590,2026-08-29T03:20:20.880590,DELIVERED
SHP001000,O000024,DHL,2026-08-13T20:03:20.880590,2026-08-15T20:03:20.880590,2026-08-17T20:03:20.880590,DELAYED
SHP001001,O001385,UPS,2026-08-31T22:46:20.880590,2026-09-07T22:46:20.880590,2026-09-07T22:46:20.880590,DELIVERED
SHP001002,O004508,FedEx,2026-08-08T11:51:20.880590,2026-08-14T11:51:20.880590,2026-08-13T11:51:20.880590,DELAYED
SHP001003,O004285,DHL,2026-08-24T15:50:20.880590,2026-08-30T15:50:20.880590,2026-08-31T15:50:20.880590,DELIVERED
SHP001004,O000075,FedEx,2026-08-25T23:04:20.880590,2026-08-30T23:04:20.880590,2026-09-01T23:04:20.880590,DELAYED
SHP001005,O003924,FedEx,2026-08-10T23:18:20.880590,2026-08-16T23:18:20.880590,2026-08-17T23:18:20.880590,DELAYED
SHP001006,O003817,Delhivery,2026-08-07T15:12:20.880590,2026-08-12T15:12:20.880590,2026-08-12T15:12:20.880590,DELAYED
SHP001007,O003510,BlueDart,2026-08-29T04:21:20.880590,2026-08-31T04:21:20.880590,2026-08-30T04:21:20.880590,DELIVERED
SHP001008,O002897,FedEx,2026-08-08T02:41:20.880590,2026-08-09T02:41:20.880590,2026-08-09T02:41:20.880590,DELAYED
SHP001009,O000413,BlueDart,2026-08-11T14:20:20.880590,2026-08-12T14:20:20.880590,2026-08-13T14:20:20.880590,DELIVERED
SHP001010,O001978,UPS,2026-08-26T19:08:20.880590,2026-08-31T19:08:20.880590,2026-08-31T19:08:20.880590,DELIVERED
SHP001011,O004368,Delhivery,2026-09-05T19:59:20.880590,2026-09-08T19:59:20.880590,2026-09-07T19:59:20.880590,DELIVERED
SHP001012,O003759,DHL,2026-08-16T22:06:20.880590,2026-08-21T22:06:20.880590,2026-08-21T22:06:20.880590,DELIVERED
SHP001013,O004786,DHL,2026-08-12T01:42:20.880590,2026-08-17T01:42:20.880590,2026-08-17T01:42:20.880590,DELAYED
SHP001014,O002964,UPS,2026-08-20T21:23:20.880590,2026-08-23T21:23:20.880590,2026-08-24T21:23:20.880590,DELAYED
SHP001015,O001162,Delhivery,2026-08-28T13:38:20.880590,2026-09-01T13:38:20.880590,2026-09-01T13:38:20.880590,IN_TRANSIT
SHP001016,O000942,Delhivery,2026-08-24T18:50:20.880590,2026-08-26T18:50:20.880590,2026-08-27T18:50:20.880590,IN_TRANSIT
SHP001017,O000642,FedEx,2026-08-29T17:55:20.880590,2026-09-02T17:55:20.880590,2026-09-03T17:55:20.880590,DELAYED
SHP001018,O004105,Delhivery,2026-08-12T08:28:20.880590,2026-08-16T08:28:20.880590,2026-08-16T08:28:20.880590,IN_TRANSIT
SHP001019,O004790,UPS,2026-08-18T00:07:20.880590,2026-08-22T00:07:20.880590,2026-08-21T00:07:20.880590,DELIVERED
SHP001020,O003127,BlueDart,2026-08-25T08:12:20.880590,2026-08-30T08:12:20.880590,2026-08-30T08:12:20.880590,DELIVERED
SHP001021,O002978,BlueDart,2026-08-24T00:01:20.880590,2026-08-26T00:01:20.880590,2026-08-27T00:01:20.880590,DELIVERED
SHP001022,O004461,Delhivery,2026-08-15T23:03:20.880590,2026-08-19T23:03:20.880590,2026-08-19T23:03:20.880590,DELIVERED
SHP001023,O001146,FedEx,2026-08-14T14:35:20.880590,2026-08-20T14:35:20.880590,2026-08-20T14:35:20.880590,DELAYED
SHP001024,O000564,UPS,2026-08-24T09:19:20.880590,2026-08-27T09:19:20.880590,2026-08-28T09:19:20.880590,IN_TRANSIT
SHP001025,O004049,BlueDart,2026-08-15T01:33:20.880590,2026-08-17T01:33:20.880590,2026-08-17T01:33:20.880590,DELIVERED
SHP001026,O000905,DHL,2026-08-20T13:39:20.880590,2026-08-27T13:39:20.880590,2026-08-28T13:39:20.880590,IN_TRANSIT
SHP001027,O002443,FedEx,2026-08-11T11:06:20.880590,2026-08-17T11:06:20.880590,2026-08-16T11:06:20.880590,IN_TRANSIT
SHP001028,O002421,Delhivery,2026-08-15T12:06:20.880590,2026-08-17T12:06:20.880590,2026-08-16T12:06:20.880590,DELAYED
SHP001029,O004358,BlueDart,2026-08-25T02:48:20.880590,2026-08-27T02:48:20.880590,2026-08-28T02:48:20.880590,IN_TRANSIT
SHP001030,O000223,UPS,2026-08-28T20:49:20.880590,2026-09-01T20:49:20.880590,2026-09-01T20:49:20.880590,IN_TRANSIT
SHP001031,O004632,BlueDart,2026-08-31T13:45:20.880590,2026-09-05T13:45:20.880590,2026-09-07T13:45:20.880590,IN_TRANSIT
SHP001032,O001774,BlueDart,2026-08-08T01:16:20.880590,2026-08-13T01:16:20.880590,2026-08-15T01:16:20.880590,DELIVERED
SHP001033,O000232,UPS,2026-08-07T04:40:20.880590,2026-08-12T04:40:20.880590,2026-08-12T04:40:20.880590,IN_TRANSIT
SHP001034,O001867,BlueDart,2026-09-03T12:26:20.880590,2026-09-09T12:26:20.880590,2026-09-09T12:26:20.880590,DELAYED
SHP001035,O002823,Delhivery,2026-08-10T15:26:20.880590,2026-08-12T15:26:20.880590,2026-08-12T15:26:20.880590,DELAYED
SHP001036,O000931,FedEx,2026-09-03T02:04:20.880590,2026-09-07T02:04:20.880590,2026-09-06T02:04:20.880590,IN_TRANSIT
SHP001037,O004902,FedEx,2026-08-22T01:40:20.880590,2026-08-25T01:40:20.880590,2026-08-24T01:40:20.880590,DELIVERED
SHP001038,O000409,BlueDart,2026-08-19T02:01:20.880590,2026-08-25T02:01:20.880590,2026-08-25T02:01:20.880590,DELAYED
SHP001039,O000672,Delhivery,2026-08-11T08:17:20.880590,2026-08-15T08:17:20.880590,2026-08-15T08:17:20.880590,DELIVERED
SHP001040,O001286,UPS,2026-08-30T10:21:20.880590,2026-09-03T10:21:20.880590,2026-09-02T10:21:20.880590,DELAYED
SHP001041,O000168,DHL,2026-08-15T19:45:20.880590,2026-08-20T19:45:20.880590,2026-08-19T19:45:20.880590,IN_TRANSIT
SHP001042,O003281,DHL,2026-09-02T14:37:20.880590,2026-09-09T14:37:20.880590,2026-09-10T14:37:20.880590,IN_TRANSIT
SHP001043,O004308,Delhivery,2026-08-27T10:58:20.880590,2026-09-02T10:58:20.880590,2026-09-04T10:58:20.880590,DELAYED
SHP001044,O004724,BlueDart,2026-08-18T12:42:20.880590,2026-08-21T12:42:20.880590,2026-08-23T12:42:20.880590,DELAYED
SHP001045,O004918,DHL,2026-08-27T11:37:20.880590,2026-08-30T11:37:20.880590,2026-08-30T11:37:20.880590,DELIVERED
SHP001046,O004017,DHL,2026-08-11T21:41:20.880590,2026-08-12T21:41:20.880590,2026-08-12T21:41:20.880590,DELAYED
SHP001047,O002751,BlueDart,2026-08-25T16:23:20.880590,2026-08-28T16:23:20.880590,2026-08-30T16:23:20.880590,DELAYED
SHP001048,O004530,Delhivery,2026-08-11T09:05:20.880590,2026-08-16T09:05:20.880590,2026-08-15T09:05:20.880590,DELIVERED
SHP001049,O000631,BlueDart,2026-08-26T18:00:20.880590,2026-08-28T18:00:20.880590,2026-08-28T18:00:20.880590,IN_TRANSIT
SHP001050,O000776,BlueDart,2026-08-18T03:06:20.880590,2026-08-20T03:06:20.880590,2026-08-19T03:06:20.880590,DELIVERED
SHP001051,O003777,UPS,2026-09-03T04:49:20.880590,2026-09-10T04:49:20.880590,2026-09-10T04:49:20.880590,IN_TRANSIT
SHP001052,O003395,DHL,2026-08-15T03:50:20.880590,2026-08-19T03:50:20.880590,2026-08-21T03:50:20.880590,IN_TRANSIT
SHP001053,O003363,FedEx,2026-09-03T18:23:20.880590,2026-09-07T18:23:20.880590,2026-09-09T18:23:20.880590,DELAYED
SHP001054,O000727,Delhivery,2026-08-10T07:00:20.880590,2026-08-17T07:00:20.880590,2026-08-17T07:00:20.880590,DELAYED
SHP001055,O004758,Delhivery,2026-09-02T21:49:20.880590,2026-09-03T21:49:20.880590,2026-09-04T21:49:20.880590,DELAYED
SHP001056,O000388,DHL,2026-08-14T15:29:20.880590,2026-08-21T15:29:20.880590,2026-08-21T15:29:20.880590,DELAYED
SHP001057,O004093,DHL,2026-08-07T15:34:20.880590,2026-08-11T15:34:20.880590,2026-08-12T15:34:20.880590,IN_TRANSIT
SHP001058,O001407,DHL,2026-08-15T15:20:20.880590,2026-08-19T15:20:20.880590,2026-08-19T15:20:20.880590,DELAYED
SHP001059,O003454,DHL,2026-08-15T21:49:20.880590,2026-08-22T21:49:20.880590,2026-08-22T21:49:20.880590,DELIVERED
SHP001060,O004317,UPS,2026-08-28T11:00:20.880590,2026-08-31T11:00:20.880590,2026-09-02T11:00:20.880590,DELIVERED
SHP001061,O002544,Delhivery,2026-08-09T03:00:20.880590,2026-08-16T03:00:20.880590,2026-08-15T03:00:20.880590,DELIVERED
SHP001062,O001339,Delhivery,2026-08-28T17:34:20.880590,2026-08-31T17:34:20.880590,2026-08-31T17:34:20.880590,IN_TRANSIT
SHP001063,O002728,Delhivery,2026-08-30T12:54:20.880590,2026-09-01T12:54:20.880590,2026-09-01T12:54:20.880590,DELAYED
SHP001064,O001921,Delhivery,2026-08-26T05:22:20.880590,2026-08-31T05:22:20.880590,2026-09-02T05:22:20.880590,DELIVERED
SHP001065,O003948,UPS,2026-08-14T00:41:20.880590,2026-08-20T00:41:20.880590,2026-08-20T00:41:20.880590,DELAYED
SHP001066,O001263,FedEx,2026-09-04T19:51:20.880590,2026-09-07T19:51:20.880590,2026-09-07T19:51:20.880590,DELIVERED
SHP001067,O002231,DHL,2026-08-26T23:46:20.880590,2026-09-02T23:46:20.880590,2026-09-04T23:46:20.880590,DELAYED
SHP001068,O002644,Delhivery,2026-08-15T10:40:20.880590,2026-08-16T10:40:20.880590,2026-08-16T10:40:20.880590,IN_TRANSIT
SHP001069,O001471,DHL,2026-08-26T05:13:20.880590,2026-09-02T05:13:20.880590,2026-09-02T05:13:20.880590,DELAYED
SHP001070,O003325,DHL,2026-08-15T14:37:20.880590,2026-08-16T14:37:20.880590,2026-08-18T14:37:20.880590,IN_TRANSIT
SHP001071,O004682,Delhivery,2026-08-17T16:12:20.880590,2026-08-20T16:12:20.880590,2026-08-20T16:12:20.880590,IN_TRANSIT
SHP001072,O001704,Delhivery,2026-08-11T12:05:20.880590,2026-08-14T12:05:20.880590,2026-08-14T12:05:20.880590,DELIVERED
SHP001073,O002572,BlueDart,2026-08-11T07:53:20.880590,2026-08-13T07:53:20.880590,2026-08-12T07:53:20.880590,DELAYED
SHP001074,O000072,BlueDart,2026-08-18T02:08:20.880590,2026-08-23T02:08:20.880590,2026-08-24T02:08:20.880590,DELAYED
SHP001075,O000378,Delhivery,2026-08-22T10:14:20.880590,2026-08-26T10:14:20.880590,2026-08-26T10:14:20.880590,IN_TRANSIT
SHP001076,O004411,BlueDart,2026-09-02T10:09:20.880590,2026-09-04T10:09:20.880590,2026-09-04T10:09:20.880590,DELAYED
SHP001077,O004608,Delhivery,2026-08-08T12:29:20.880590,2026-08-13T12:29:20.880590,2026-08-13T12:29:20.880590,DELAYED
SHP001078,O003776,BlueDart,2026-08-11T22:57:20.880590,2026-08-17T22:57:20.880590,2026-08-17T22:57:20.880590,IN_TRANSIT
SHP001079,O000762,BlueDart,2026-09-05T16:19:20.880590,2026-09-09T16:19:20.880590,2026-09-11T16:19:20.880590,DELIVERED
SHP001080,O001690,FedEx,2026-08-10T02:05:20.880590,2026-08-15T02:05:20.880590,2026-08-16T02:05:20.880590,DELIVERED
SHP001081,O003710,DHL,2026-08-26T13:46:20.880590,2026-08-30T13:46:20.880590,2026-08-30T13:46:20.880590,DELIVERED
SHP001082,O001855,UPS,2026-08-28T20:25:20.880590,2026-08-29T20:25:20.880590,2026-08-29T20:25:20.880590,IN_TRANSIT
SHP001083,O001407,FedEx,2026-08-13T02:15:20.880590,2026-08-19T02:15:20.880590,2026-08-19T02:15:20.880590,DELIVERED
SHP001084,O004303,FedEx,2026-09-04T03:02:20.880590,2026-09-11T03:02:20.880590,2026-09-10T03:02:20.880590,IN_TRANSIT
SHP001085,O001515,FedEx,2026-08-18T05:42:20.880590,2026-08-22T05:42:20.880590,2026-08-22T05:42:20.880590,IN_TRANSIT
SHP001086,O000772,Delhivery,2026-08-07T17:09:20.880590,2026-08-08T17:09:20.880590,2026-08-08T17:09:20.880590,IN_TRANSIT
SHP001087,O001378,UPS,2026-08-19T06:38:20.880590,2026-08-26T06:38:20.880590,2026-08-28T06:38:20.880590,IN_TRANSIT
SHP001088,O000253,FedEx,2026-08-14T03:02:20.880590,2026-08-20T03:02:20.880590,2026-08-20T03:02:20.880590,DELIVERED
SHP001089,O000060,Delhivery,2026-08-23T19:12:20.880590,2026-08-26T19:12:20.880590,2026-08-27T19:12:20.880590,IN_TRANSIT
SHP001090,O000745,DHL,2026-08-23T00:50:20.880590,2026-08-29T00:50:20.880590,2026-08-31T00:50:20.880590,IN_TRANSIT
SHP001091,O000534,UPS,2026-09-05T23:26:20.880590,2026-09-09T23:26:20.880590,2026-09-09T23:26:20.880590,DELIVERED
SHP001092,O004719,UPS,2026-09-03T22:38:20.880590,2026-09-04T22:38:20.880590,2026-09-04T22:38:20.880590,IN_TRANSIT
SHP001093,O001577,Delhivery,2026-08-23T01:24:20.880590,2026-08-28T01:24:20.880590,2026-08-30T01:24:20.880590,DELAYED
SHP001094,O001578,BlueDart,2026-08-10T00:21:20.880590,2026-08-11T00:21:20.880590,2026-08-11T00:21:20.880590,IN_TRANSIT
SHP001095,O001100,UPS,2026-09-05T00:24:20.880590,2026-09-12T00:24:20.880590,2026-09-12T00:24:20.880590,DELIVERED
SHP001096,O000458,Delhivery,2026-09-04T21:17:20.880590,2026-09-11T21:17:20.880590,2026-09-11T21:17:20.880590,IN_TRANSIT
SHP001097,O000579,DHL,2026-08-10T12:31:20.880590,2026-08-16T12:31:20.880590,2026-08-16T12:31:20.880590,IN_TRANSIT
SHP001098,O002618,Delhivery,2026-08-24T12:06:20.880590,2026-08-27T12:06:20.880590,2026-08-27T12:06:20.880590,DELAYED
SHP001099,O004864,FedEx,2026-09-02T08:38:20.880590,2026-09-03T08:38:20.880590,2026-09-03T08:38:20.880590,DELIVERED
SHP001100,O003132,BlueDart,2026-08-28T22:00:20.880590,2026-09-01T22:00:20.880590,2026-09-03T22:00:20.880590,DELAYED
SHP001101,O004915,FedEx,2026-08-26T07:54:20.880590,2026-09-02T07:54:20.880590,2026-09-02T07:54:20.880590,DELAYED
SHP001102,O001915,FedEx,2026-08-22T20:24:20.880590,2026-08-27T20:24:20.880590,2026-08-28T20:24:20.880590,DELIVERED
SHP001103,O002049,DHL,2026-09-01T22:34:20.880590,2026-09-08T22:34:20.880590,2026-09-07T22:34:20.880590,DELAYED
SHP001104,O001572,Delhivery,2026-08-31T17:10:20.880590,2026-09-06T17:10:20.880590,2026-09-05T17:10:20.880590,DELAYED
SHP001105,O002504,FedEx,2026-08-17T13:10:20.880590,2026-08-20T13:10:20.880590,2026-08-20T13:10:20.880590,IN_TRANSIT
SHP001106,O003102,BlueDart,2026-08-07T03:49:20.880590,2026-08-13T03:49:20.880590,2026-08-13T03:49:20.880590,DELAYED
SHP001107,O002214,BlueDart,2026-08-15T14:34:20.880590,2026-08-17T14:34:20.880590,2026-08-17T14:34:20.880590,IN_TRANSIT
SHP001108,O004414,Delhivery,2026-08-30T14:32:20.880590,2026-09-01T14:32:20.880590,2026-09-01T14:32:20.880590,IN_TRANSIT
SHP001109,O003872,UPS,2026-08-16T13:21:20.880590,2026-08-17T13:21:20.880590,2026-08-19T13:21:20.880590,IN_TRANSIT
SHP001110,O002085,DHL,2026-08-26T21:50:20.880590,2026-08-31T21:50:20.880590,2026-09-01T21:50:20.880590,IN_TRANSIT
SHP001111,O001440,UPS,2026-08-20T03:57:20.880590,2026-08-22T03:57:20.880590,2026-08-24T03:57:20.880590,DELIVERED
SHP001112,O001095,Delhivery,2026-08-24T12:32:20.880590,2026-08-27T12:32:20.880590,2026-08-27T12:32:20.880590,DELIVERED
SHP001113,O002204,FedEx,2026-08-27T12:40:20.880590,2026-08-30T12:40:20.880590,2026-08-29T12:40:20.880590,DELAYED
SHP001114,O001337,Delhivery,2026-08-22T20:51:20.880590,2026-08-28T20:51:20.880590,2026-08-30T20:51:20.880590,DELAYED
SHP001115,O004988,UPS,2026-08-24T01:04:20.880590,2026-08-28T01:04:20.880590,2026-08-27T01:04:20.880590,DELIVERED
SHP001116,O003498,Delhivery,2026-09-01T23:15:20.880590,2026-09-08T23:15:20.880590,2026-09-09T23:15:20.880590,IN_TRANSIT
SHP001117,O001717,UPS,2026-08-21T22:19:20.880590,2026-08-26T22:19:20.880590,2026-08-25T22:19:20.880590,IN_TRANSIT
SHP001118,O002689,DHL,2026-08-25T11:37:20.880590,2026-08-28T11:37:20.880590,2026-08-29T11:37:20.880590,DELIVERED
SHP001119,O004285,FedEx,2026-09-01T01:33:20.880590,2026-09-02T01:33:20.880590,2026-09-01T01:33:20.880590,DELAYED
SHP001120,O002788,UPS,2026-09-02T20:26:20.880590,2026-09-04T20:26:20.880590,2026-09-06T20:26:20.880590,DELAYED
SHP001121,O001739,UPS,2026-08-27T18:45:20.880590,2026-08-30T18:45:20.880590,2026-09-01T18:45:20.880590,DELAYED
SHP001122,O003091,Delhivery,2026-08-25T08:28:20.880590,2026-08-29T08:28:20.880590,2026-08-30T08:28:20.880590,IN_TRANSIT
SHP001123,O004415,Delhivery,2026-09-02T20:48:20.880590,2026-09-07T20:48:20.880590,2026-09-07T20:48:20.880590,IN_TRANSIT
SHP001124,O003348,DHL,2026-08-07T19:19:20.880590,2026-08-11T19:19:20.880590,2026-08-10T19:19:20.880590,IN_TRANSIT
SHP001125,O000422,DHL,2026-09-02T15:33:20.880590,2026-09-09T15:33:20.880590,2026-09-09T15:33:20.880590,DELAYED
SHP001126,O000673,DHL,2026-08-27T02:21:20.880590,2026-08-28T02:21:20.880590,2026-08-28T02:21:20.880590,DELAYED
SHP001127,O003671,DHL,2026-08-18T22:10:20.880590,2026-08-21T22:10:20.880590,2026-08-22T22:10:20.880590,IN_TRANSIT
SHP001128,O003432,BlueDart,2026-08-23T08:59:20.880590,2026-08-29T08:59:20.880590,2026-08-29T08:59:20.880590,DELIVERED
SHP001129,O002775,DHL,2026-09-05T18:15:20.880590,2026-09-10T18:15:20.880590,2026-09-12T18:15:20.880590,IN_TRANSIT
SHP001130,O000786,BlueDart,2026-08-07T23:15:20.880590,2026-08-11T23:15:20.880590,2026-08-11T23:15:20.880590,IN_TRANSIT
SHP001131,O001481,FedEx,2026-09-01T16:20:20.880590,2026-09-04T16:20:20.880590,2026-09-04T16:20:20.880590,IN_TRANSIT
SHP001132,O003564,Delhivery,2026-09-03T20:27:20.880590,2026-09-08T20:27:20.880590,2026-09-08T20:27:20.880590,DELIVERED
SHP001133,O002656,DHL,2026-08-19T17:19:20.880590,2026-08-25T17:19:20.880590,2026-08-25T17:19:20.880590,IN_TRANSIT
SHP001134,O004724,FedEx,2026-08-25T15:38:20.880590,2026-08-29T15:38:20.880590,2026-08-29T15:38:20.880590,IN_TRANSIT
SHP001135,O001112,UPS,2026-08-09T03:10:20.880590,2026-08-11T03:10:20.880590,2026-08-13T03:10:20.880590,IN_TRANSIT
SHP001136,O003864,Delhivery,2026-08-10T08:10:20.880590,2026-08-15T08:10:20.880590,2026-08-15T08:10:20.880590,IN_TRANSIT
SHP001137,O001019,UPS,2026-08-27T08:14:20.880590,2026-08-28T08:14:20.880590,2026-08-28T08:14:20.880590,IN_TRANSIT
SHP001138,O001972,Delhivery,2026-08-09T14:15:20.880590,2026-08-12T14:15:20.880590,2026-08-13T14:15:20.880590,IN_TRANSIT
SHP001139,O003084,UPS,2026-08-14T21:45:20.880590,2026-08-19T21:45:20.880590,2026-08-18T21:45:20.880590,DELAYED
SHP001140,O002043,Delhivery,2026-08-25T18:38:20.880590,2026-08-31T18:38:20.880590,2026-08-31T18:38:20.880590,DELAYED
SHP001141,O003336,Delhivery,2026-08-18T04:28:20.880590,2026-08-25T04:28:20.880590,2026-08-24T04:28:20.880590,DELAYED
SHP001142,O001605,UPS,2026-08-24T14:20:20.880590,2026-08-29T14:20:20.880590,2026-08-29T14:20:20.880590,DELIVERED
SHP001143,O000693,DHL,2026-08-07T22:06:20.880590,2026-08-14T22:06:20.880590,2026-08-13T22:06:20.880590,DELIVERED
SHP001144,O004500,Delhivery,2026-08-27T01:13:20.880590,2026-08-31T01:13:20.880590,2026-09-02T01:13:20.880590,IN_TRANSIT
SHP001145,O001708,DHL,2026-08-10T21:13:20.880590,2026-08-17T21:13:20.880590,2026-08-17T21:13:20.880590,DELAYED
SHP001146,O003022,FedEx,2026-08-29T23:36:20.880590,2026-09-05T23:36:20.880590,2026-09-06T23:36:20.880590,IN_TRANSIT
SHP001147,O004295,BlueDart,2026-08-23T00:00:20.880590,2026-08-30T00:00:20.880590,2026-08-31T00:00:20.880590,DELIVERED
SHP001148,O003173,UPS,2026-08-16T21:36:20.880590,2026-08-20T21:36:20.880590,2026-08-20T21:36:20.880590,DELIVERED
SHP001149,O003461,FedEx,2026-08-15T21:38:20.880590,2026-08-18T21:38:20.880590,2026-08-18T21:38:20.880590,DELAYED
SHP001150,O001731,Delhivery,2026-08-19T20:37:20.880590,2026-08-22T20:37:20.880590,2026-08-23T20:37:20.880590,DELAYED
SHP001151,O003093,FedEx,2026-09-03T06:19:20.880590,2026-09-05T06:19:20.880590,2026-09-04T06:19:20.880590,DELAYED
SHP001152,O001234,FedEx,2026-08-10T07:59:20.880590,2026-08-12T07:59:20.880590,2026-08-12T07:59:20.880590,IN_TRANSIT
SHP001153,O000728,BlueDart,2026-08-26T06:00:20.880590,2026-09-01T06:00:20.880590,2026-08-31T06:00:20.880590,IN_TRANSIT
SHP001154,O001017,BlueDart,2026-08-17T01:32:20.880590,2026-08-20T01:32:20.880590,2026-08-20T01:32:20.880590,IN_TRANSIT
SHP001155,O003782,BlueDart,2026-08-28T00:56:20.880590,2026-08-30T00:56:20.880590,2026-08-31T00:56:20.880590,DELIVERED
SHP001156,O002008,BlueDart,2026-08-24T17:21:20.880590,2026-08-28T17:21:20.880590,2026-08-30T17:21:20.880590,IN_TRANSIT
SHP001157,O004174,Delhivery,2026-08-08T22:21:20.880590,2026-08-13T22:21:20.880590,2026-08-15T22:21:20.880590,IN_TRANSIT
SHP001158,O002171,BlueDart,2026-08-29T15:04:20.880590,2026-09-05T15:04:20.880590,2026-09-05T15:04:20.880590,DELAYED
SHP001159,O002350,FedEx,2026-08-19T11:11:20.880590,2026-08-22T11:11:20.880590,2026-08-24T11:11:20.880590,DELAYED
SHP001160,O001134,Delhivery,2026-08-22T06:32:20.880590,2026-08-25T06:32:20.880590,2026-08-25T06:32:20.880590,IN_TRANSIT
SHP001161,O002079,DHL,2026-08-27T23:31:20.880590,2026-09-03T23:31:20.880590,2026-09-03T23:31:20.880590,IN_TRANSIT
SHP001162,O003816,BlueDart,2026-08-24T18:37:20.880590,2026-08-29T18:37:20.880590,2026-08-30T18:37:20.880590,IN_TRANSIT
SHP001163,O002173,FedEx,2026-08-08T04:44:20.880590,2026-08-09T04:44:20.880590,2026-08-10T04:44:20.880590,IN_TRANSIT
SHP001164,O002906,DHL,2026-08-28T07:46:20.880590,2026-08-31T07:46:20.880590,2026-09-02T07:46:20.880590,IN_TRANSIT
SHP001165,O001637,UPS,2026-08-23T00:30:20.880590,2026-08-24T00:30:20.880590,2026-08-23T00:30:20.880590,IN_TRANSIT
SHP001166,O001702,FedEx,2026-08-28T12:04:20.880590,2026-08-29T12:04:20.880590,2026-08-31T12:04:20.880590,DELAYED
SHP001167,O000265,DHL,2026-08-09T16:58:20.880590,2026-08-14T16:58:20.880590,2026-08-14T16:58:20.880590,DELAYED
SHP001168,O003351,UPS,2026-08-08T14:00:20.880590,2026-08-12T14:00:20.880590,2026-08-12T14:00:20.880590,DELAYED
SHP001169,O001229,FedEx,2026-08-30T02:21:20.880590,2026-09-05T02:21:20.880590,2026-09-05T02:21:20.880590,DELAYED
SHP001170,O002814,FedEx,2026-08-19T01:06:20.880590,2026-08-24T01:06:20.880590,2026-08-24T01:06:20.880590,DELAYED
SHP001171,O003463,UPS,2026-09-05T23:16:20.880590,2026-09-07T23:16:20.880590,2026-09-07T23:16:20.880590,DELIVERED
SHP001172,O001067,BlueDart,2026-08-16T04:10:20.880590,2026-08-20T04:10:20.880590,2026-08-19T04:10:20.880590,DELAYED
SHP001173,O000302,UPS,2026-08-07T16:08:20.880590,2026-08-11T16:08:20.880590,2026-08-10T16:08:20.880590,DELAYED
SHP001174,O000575,DHL,2026-08-10T15:21:20.880590,2026-08-16T15:21:20.880590,2026-08-16T15:21:20.880590,IN_TRANSIT
SHP001175,O002963,BlueDart,2026-09-02T16:17:20.880590,2026-09-03T16:17:20.880590,2026-09-02T16:17:20.880590,DELAYED
SHP001176,O004112,Delhivery,2026-09-03T06:25:20.880590,2026-09-08T06:25:20.880590,2026-09-09T06:25:20.880590,IN_TRANSIT
SHP001177,O000711,Delhivery,2026-08-10T17:10:20.880590,2026-08-11T17:10:20.880590,2026-08-11T17:10:20.880590,DELAYED
SHP001178,O003669,UPS,2026-08-16T20:17:20.880590,2026-08-20T20:17:20.880590,2026-08-21T20:17:20.880590,DELIVERED
SHP001179,O002511,BlueDart,2026-08-21T06:09:20.880590,2026-08-25T06:09:20.880590,2026-08-26T06:09:20.880590,DELIVERED
SHP001180,O003346,Delhivery,2026-08-30T07:15:20.880590,2026-09-03T07:15:20.880590,2026-09-02T07:15:20.880590,IN_TRANSIT
SHP001181,O004781,BlueDart,2026-08-28T01:33:20.880590,2026-09-01T01:33:20.880590,2026-09-02T01:33:20.880590,DELAYED
SHP001182,O000130,UPS,2026-08-13T18:15:20.880590,2026-08-19T18:15:20.880590,2026-08-19T18:15:20.880590,IN_TRANSIT
SHP001183,O002811,Delhivery,2026-08-25T10:49:20.880590,2026-08-30T10:49:20.880590,2026-08-30T10:49:20.880590,DELIVERED
SHP001184,O000556,UPS,2026-08-31T00:46:20.880590,2026-09-06T00:46:20.880590,2026-09-06T00:46:20.880590,DELAYED
SHP001185,O001897,DHL,2026-08-17T15:33:20.880590,2026-08-23T15:33:20.880590,2026-08-23T15:33:20.880590,DELAYED
SHP001186,O004067,BlueDart,2026-08-15T12:30:20.880590,2026-08-18T12:30:20.880590,2026-08-17T12:30:20.880590,IN_TRANSIT
SHP001187,O003942,FedEx,2026-08-19T17:19:20.880590,2026-08-24T17:19:20.880590,2026-08-26T17:19:20.880590,IN_TRANSIT
SHP001188,O001275,DHL,2026-08-15T00:16:20.880590,2026-08-18T00:16:20.880590,2026-08-17T00:16:20.880590,IN_TRANSIT
SHP001189,O001772,DHL,2026-08-10T02:51:20.880590,2026-08-15T02:51:20.880590,2026-08-16T02:51:20.880590,IN_TRANSIT
SHP001190,O002526,BlueDart,2026-08-08T12:37:20.880590,2026-08-11T12:37:20.880590,2026-08-12T12:37:20.880590,DELIVERED
SHP001191,O004521,Delhivery,2026-08-16T18:18:20.880590,2026-08-23T18:18:20.880590,2026-08-22T18:18:20.880590,IN_TRANSIT
SHP001192,O004099,UPS,2026-08-27T17:04:20.880590,2026-08-29T17:04:20.880590,2026-08-29T17:04:20.880590,IN_TRANSIT
SHP001193,O002478,FedEx,2026-08-20T16:15:20.880590,2026-08-21T16:15:20.880590,2026-08-21T16:15:20.880590,IN_TRANSIT
SHP001194,O002151,UPS,2026-09-03T15:00:20.880590,2026-09-04T15:00:20.880590,2026-09-03T15:00:20.880590,DELAYED
SHP001195,O001851,Delhivery,2026-08-14T15:15:20.880590,2026-08-18T15:15:20.880590,2026-08-18T15:15:20.880590,IN_TRANSIT
SHP001196,O004402,BlueDart,2026-08-10T19:04:20.880590,2026-08-14T19:04:20.880590,2026-08-14T19:04:20.880590,IN_TRANSIT
SHP001197,O002478,DHL,2026-08-28T20:41:20.880590,2026-08-30T20:41:20.880590,2026-08-29T20:41:20.880590,DELIVERED
SHP001198,O000626,Delhivery,2026-08-23T17:41:20.880590,2026-08-29T17:41:20.880590,2026-08-29T17:41:20.880590,DELIVERED
SHP001199,O002911,Delhivery,2026-08-13T11:48:20.880590,2026-08-16T11:48:20.880590,2026-08-16T11:48:20.880590,IN_TRANSIT
SHP001200,O002608,Delhivery,2026-08-26T02:25:20.880590,2026-09-02T02:25:20.880590,2026-09-01T02:25:20.880590,IN_TRANSIT
SHP001201,O004320,Delhivery,2026-08-16T14:50:20.880590,2026-08-19T14:50:20.880590,2026-08-19T14:50:20.880590,DELAYED
SHP001202,O004006,Delhivery,2026-08-12T11:19:20.880590,2026-08-17T11:19:20.880590,2026-08-17T11:19:20.880590,IN_TRANSIT
SHP001203,O000475,Delhivery,2026-09-04T09:28:20.880590,2026-09-09T09:28:20.880590,2026-09-09T09:28:20.880590,DELAYED
SHP001204,O001400,Delhivery,2026-08-10T12:24:20.880590,2026-08-14T12:24:20.880590,2026-08-14T12:24:20.880590,IN_TRANSIT
SHP001205,O000907,BlueDart,2026-08-30T16:06:20.880590,2026-09-03T16:06:20.880590,2026-09-03T16:06:20.880590,DELAYED
SHP001206,O001763,Delhivery,2026-08-15T03:38:20.880590,2026-08-17T03:38:20.880590,2026-08-16T03:38:20.880590,DELAYED
SHP001207,O002549,Delhivery,2026-08-17T02:05:20.880590,2026-08-24T02:05:20.880590,2026-08-26T02:05:20.880590,DELIVERED
SHP001208,O000337,DHL,2026-08-31T23:41:20.880590,2026-09-02T23:41:20.880590,2026-09-04T23:41:20.880590,DELIVERED
SHP001209,O003156,FedEx,2026-08-18T19:26:20.880590,2026-08-21T19:26:20.880590,2026-08-21T19:26:20.880590,DELAYED
SHP001210,O001418,UPS,2026-09-03T16:05:20.880590,2026-09-05T16:05:20.880590,2026-09-04T16:05:20.880590,DELAYED
SHP001211,O003031,Delhivery,2026-09-03T17:48:20.880590,2026-09-07T17:48:20.880590,2026-09-07T17:48:20.880590,DELIVERED
SHP001212,O000833,FedEx,2026-09-02T19:15:20.880590,2026-09-03T19:15:20.880590,2026-09-05T19:15:20.880590,IN_TRANSIT
SHP001213,O003869,FedEx,2026-08-14T02:25:20.880590,2026-08-17T02:25:20.880590,2026-08-16T02:25:20.880590,DELIVERED
SHP001214,O003290,DHL,2026-08-20T12:25:20.880590,2026-08-22T12:25:20.880590,2026-08-22T12:25:20.880590,DELIVERED
SHP001215,O002920,UPS,2026-08-22T04:25:20.880590,2026-08-24T04:25:20.880590,2026-08-23T04:25:20.880590,DELIVERED
SHP001216,O001831,DHL,2026-08-21T15:44:20.880590,2026-08-23T15:44:20.880590,2026-08-22T15:44:20.880590,IN_TRANSIT
SHP001217,O000085,BlueDart,2026-08-20T13:38:20.880590,2026-08-24T13:38:20.880590,2026-08-26T13:38:20.880590,DELIVERED
SHP001218,O000389,Delhivery,2026-08-11T14:26:20.880590,2026-08-17T14:26:20.880590,2026-08-18T14:26:20.880590,IN_TRANSIT
SHP001219,O004498,UPS,2026-09-03T23:58:20.880590,2026-09-09T23:58:20.880590,2026-09-09T23:58:20.880590,IN_TRANSIT
SHP001220,O003333,BlueDart,2026-08-27T20:09:20.880590,2026-08-29T20:09:20.880590,2026-08-29T20:09:20.880590,IN_TRANSIT
SHP001221,O000981,Delhivery,2026-08-20T21:00:20.880590,2026-08-26T21:00:20.880590,2026-08-26T21:00:20.880590,DELAYED
SHP001222,O000806,FedEx,2026-09-02T22:57:20.880590,2026-09-06T22:57:20.880590,2026-09-08T22:57:20.880590,DELAYED
SHP001223,O002796,FedEx,2026-08-19T04:56:20.880590,2026-08-20T04:56:20.880590,2026-08-21T04:56:20.880590,IN_TRANSIT
SHP001224,O000844,DHL,2026-08-10T19:01:20.880590,2026-08-14T19:01:20.880590,2026-08-13T19:01:20.880590,DELAYED
SHP001225,O003118,Delhivery,2026-08-24T11:08:20.880590,2026-08-25T11:08:20.880590,2026-08-24T11:08:20.880590,DELIVERED
SHP001226,O001085,FedEx,2026-08-31T00:25:20.880590,2026-09-06T00:25:20.880590,2026-09-06T00:25:20.880590,DELIVERED
SHP001227,O003314,Delhivery,2026-08-12T16:18:20.880590,2026-08-14T16:18:20.880590,2026-08-15T16:18:20.880590,DELAYED
SHP001228,O001245,DHL,2026-08-12T18:58:20.880590,2026-08-18T18:58:20.880590,2026-08-19T18:58:20.880590,IN_TRANSIT
SHP001229,O003295,FedEx,2026-09-05T02:19:20.880590,2026-09-11T02:19:20.880590,2026-09-12T02:19:20.880590,DELAYED
SHP001230,O003125,FedEx,2026-09-01T22:20:20.880590,2026-09-02T22:20:20.880590,2026-09-04T22:20:20.880590,DELIVERED
SHP001231,O002220,BlueDart,2026-09-04T19:06:20.880590,2026-09-09T19:06:20.880590,2026-09-08T19:06:20.880590,DELAYED
SHP001232,O000092,UPS,2026-08-07T05:39:20.880590,2026-08-12T05:39:20.880590,2026-08-12T05:39:20.880590,DELIVERED
SHP001233,O002882,BlueDart,2026-09-04T22:04:20.880590,2026-09-06T22:04:20.880590,2026-09-06T22:04:20.880590,DELAYED
SHP001234,O003735,DHL,2026-09-04T14:35:20.880590,2026-09-10T14:35:20.880590,2026-09-10T14:35:20.880590,DELIVERED
SHP001235,O000250,DHL,2026-08-13T16:38:20.880590,2026-08-19T16:38:20.880590,2026-08-20T16:38:20.880590,IN_TRANSIT
SHP001236,O002783,Delhivery,2026-09-01T11:50:20.880590,2026-09-05T11:50:20.880590,2026-09-05T11:50:20.880590,IN_TRANSIT
SHP001237,O004559,BlueDart,2026-08-15T18:26:20.880590,2026-08-16T18:26:20.880590,2026-08-16T18:26:20.880590,DELAYED
SHP001238,O000724,UPS,2026-08-22T23:19:20.880590,2026-08-25T23:19:20.880590,2026-08-25T23:19:20.880590,DELAYED
SHP001239,O002714,Delhivery,2026-08-09T02:14:20.880590,2026-08-16T02:14:20.880590,2026-08-15T02:14:20.880590,DELAYED
SHP001240,O004228,BlueDart,2026-08-13T18:26:20.880590,2026-08-14T18:26:20.880590,2026-08-15T18:26:20.880590,DELIVERED
SHP001241,O004526,DHL,2026-08-20T04:01:20.880590,2026-08-22T04:01:20.880590,2026-08-22T04:01:20.880590,IN_TRANSIT
SHP001242,O003429,UPS,2026-08-07T15:23:20.880590,2026-08-14T15:23:20.880590,2026-08-14T15:23:20.880590,IN_TRANSIT
SHP001243,O003696,BlueDart,2026-08-19T01:13:20.880590,2026-08-25T01:13:20.880590,2026-08-27T01:13:20.880590,IN_TRANSIT
SHP001244,O004748,DHL,2026-08-08T22:55:20.880590,2026-08-11T22:55:20.880590,2026-08-10T22:55:20.880590,DELAYED
SHP001245,O004788,Delhivery,2026-08-29T22:28:20.880590,2026-09-01T22:28:20.880590,2026-09-02T22:28:20.880590,IN_TRANSIT
SHP001246,O001674,DHL,2026-08-18T20:57:20.880590,2026-08-19T20:57:20.880590,2026-08-20T20:57:20.880590,IN_TRANSIT
SHP001247,O002904,BlueDart,2026-09-04T14:16:20.880590,2026-09-11T14:16:20.880590,2026-09-11T14:16:20.880590,DELIVERED
SHP001248,O004579,BlueDart,2026-08-30T11:44:20.880590,2026-09-04T11:44:20.880590,2026-09-06T11:44:20.880590,DELAYED
SHP001249,O003121,UPS,2026-08-27T05:04:20.880590,2026-08-31T05:04:20.880590,2026-09-02T05:04:20.880590,DELAYED
SHP001250,O000607,FedEx,2026-08-17T20:59:20.880590,2026-08-21T20:59:20.880590,2026-08-20T20:59:20.880590,IN_TRANSIT
SHP001251,O001049,FedEx,2026-09-05T12:16:20.880590,2026-09-12T12:16:20.880590,2026-09-14T12:16:20.880590,DELIVERED
SHP001252,O000801,FedEx,2026-08-11T01:44:20.880590,2026-08-16T01:44:20.880590,2026-08-17T01:44:20.880590,DELIVERED
SHP001253,O003949,Delhivery,2026-08-19T18:38:20.880590,2026-08-22T18:38:20.880590,2026-08-23T18:38:20.880590,DELIVERED
SHP001254,O000127,FedEx,2026-09-02T08:06:20.880590,2026-09-07T08:06:20.880590,2026-09-06T08:06:20.880590,DELIVERED
SHP001255,O000994,UPS,2026-08-22T01:04:20.880590,2026-08-29T01:04:20.880590,2026-08-31T01:04:20.880590,DELAYED
SHP001256,O002015,Delhivery,2026-08-21T17:50:20.880590,2026-08-23T17:50:20.880590,2026-08-25T17:50:20.880590,IN_TRANSIT
SHP001257,O000602,Delhivery,2026-08-21T01:52:20.880590,2026-08-27T01:52:20.880590,2026-08-26T01:52:20.880590,IN_TRANSIT
SHP001258,O004616,DHL,2026-08-27T23:25:20.880590,2026-08-30T23:25:20.880590,2026-08-30T23:25:20.880590,IN_TRANSIT
SHP001259,O001050,Delhivery,2026-08-27T02:33:20.880590,2026-08-29T02:33:20.880590,2026-08-31T02:33:20.880590,IN_TRANSIT
SHP001260,O003350,BlueDart,2026-08-11T06:58:20.880590,2026-08-13T06:58:20.880590,2026-08-12T06:58:20.880590,DELAYED
SHP001261,O001811,FedEx,2026-08-22T03:22:20.880590,2026-08-28T03:22:20.880590,2026-08-29T03:22:20.880590,IN_TRANSIT
SHP001262,O004560,UPS,2026-08-07T09:57:20.880590,2026-08-14T09:57:20.880590,2026-08-16T09:57:20.880590,DELAYED
SHP001263,O004332,BlueDart,2026-08-25T10:42:20.880590,2026-09-01T10:42:20.880590,2026-09-01T10:42:20.880590,IN_TRANSIT
SHP001264,O004858,FedEx,2026-08-13T20:26:20.880590,2026-08-16T20:26:20.880590,2026-08-18T20:26:20.880590,DELAYED
SHP001265,O001302,Delhivery,2026-08-15T12:06:20.880590,2026-08-17T12:06:20.880590,2026-08-19T12:06:20.880590,DELIVERED
SHP001266,O004317,FedEx,2026-08-12T02:25:20.880590,2026-08-14T02:25:20.880590,2026-08-14T02:25:20.880590,IN_TRANSIT
SHP001267,O000342,BlueDart,2026-08-16T14:25:20.880590,2026-08-21T14:25:20.880590,2026-08-23T14:25:20.880590,IN_TRANSIT
SHP001268,O004385,UPS,2026-08-26T11:55:20.880590,2026-09-01T11:55:20.880590,2026-09-02T11:55:20.880590,IN_TRANSIT
SHP001269,O004057,Delhivery,2026-08-25T16:42:20.880590,2026-08-26T16:42:20.880590,2026-08-28T16:42:20.880590,IN_TRANSIT
SHP001270,O002654,Delhivery,2026-08-19T17:39:20.880590,2026-08-21T17:39:20.880590,2026-08-22T17:39:20.880590,IN_TRANSIT
SHP001271,O004707,UPS,2026-08-19T20:02:20.880590,2026-08-26T20:02:20.880590,2026-08-28T20:02:20.880590,IN_TRANSIT
SHP001272,O001201,DHL,2026-08-22T07:01:20.880590,2026-08-24T07:01:20.880590,2026-08-24T07:01:20.880590,DELAYED
SHP001273,O000665,BlueDart,2026-08-16T04:35:20.880590,2026-08-19T04:35:20.880590,2026-08-19T04:35:20.880590,DELAYED
SHP001274,O004913,FedEx,2026-08-22T01:35:20.880590,2026-08-27T01:35:20.880590,2026-08-29T01:35:20.880590,IN_TRANSIT
SHP001275,O004403,BlueDart,2026-08-19T13:17:20.880590,2026-08-22T13:17:20.880590,2026-08-21T13:17:20.880590,DELAYED
SHP001276,O002385,Delhivery,2026-08-09T23:43:20.880590,2026-08-13T23:43:20.880590,2026-08-13T23:43:20.880590,IN_TRANSIT
SHP001277,O002648,DHL,2026-08-27T06:07:20.880590,2026-09-03T06:07:20.880590,2026-09-02T06:07:20.880590,DELAYED
SHP001278,O004039,BlueDart,2026-09-04T05:19:20.880590,2026-09-07T05:19:20.880590,2026-09-07T05:19:20.880590,DELIVERED
SHP001279,O003329,UPS,2026-08-19T06:23:20.880590,2026-08-26T06:23:20.880590,2026-08-26T06:23:20.880590,DELIVERED
SHP001280,O003571,UPS,2026-08-23T08:39:20.880590,2026-08-24T08:39:20.880590,2026-08-26T08:39:20.880590,IN_TRANSIT
SHP001281,O004337,Delhivery,2026-08-27T02:40:20.880590,2026-08-31T02:40:20.880590,2026-08-31T02:40:20.880590,DELAYED
SHP001282,O000409,Delhivery,2026-08-07T10:05:20.880590,2026-08-09T10:05:20.880590,2026-08-09T10:05:20.880590,DELAYED
SHP001283,O001505,DHL,2026-08-30T00:15:20.880590,2026-09-06T00:15:20.880590,2026-09-05T00:15:20.880590,IN_TRANSIT
SHP001284,O000309,DHL,2026-08-15T18:46:20.880590,2026-08-22T18:46:20.880590,2026-08-22T18:46:20.880590,DELAYED
SHP001285,O001272,FedEx,2026-08-28T16:40:20.880590,2026-08-31T16:40:20.880590,2026-08-31T16:40:20.880590,DELIVERED
SHP001286,O002301,Delhivery,2026-08-30T22:07:20.880590,2026-09-06T22:07:20.880590,2026-09-06T22:07:20.880590,IN_TRANSIT
SHP001287,O001372,BlueDart,2026-09-03T08:59:20.880590,2026-09-07T08:59:20.880590,2026-09-08T08:59:20.880590,DELAYED
SHP001288,O004651,Delhivery,2026-08-09T06:44:20.880590,2026-08-16T06:44:20.880590,2026-08-16T06:44:20.880590,IN_TRANSIT
SHP001289,O000404,DHL,2026-09-05T20:44:20.880590,2026-09-12T20:44:20.880590,2026-09-14T20:44:20.880590,DELIVERED
SHP001290,O000067,FedEx,2026-08-19T13:20:20.880590,2026-08-21T13:20:20.880590,2026-08-21T13:20:20.880590,DELAYED
SHP001291,O000590,UPS,2026-08-07T06:53:20.880590,2026-08-14T06:53:20.880590,2026-08-14T06:53:20.880590,IN_TRANSIT
SHP001292,O003070,Delhivery,2026-08-18T01:45:20.880590,2026-08-22T01:45:20.880590,2026-08-23T01:45:20.880590,DELAYED
SHP001293,O000855,UPS,2026-08-29T04:13:20.880590,2026-09-01T04:13:20.880590,2026-09-01T04:13:20.880590,IN_TRANSIT
SHP001294,O000130,UPS,2026-08-26T00:42:20.880590,2026-08-28T00:42:20.880590,2026-08-30T00:42:20.880590,DELIVERED
SHP001295,O000336,Delhivery,2026-08-24T22:37:20.880590,2026-08-28T22:37:20.880590,2026-08-29T22:37:20.880590,IN_TRANSIT
SHP001296,O001129,BlueDart,2026-08-25T09:29:20.880590,2026-08-27T09:29:20.880590,2026-08-26T09:29:20.880590,DELAYED
SHP001297,O001690,BlueDart,2026-08-22T04:52:20.880590,2026-08-28T04:52:20.880590,2026-08-28T04:52:20.880590,DELAYED
SHP001298,O000516,DHL,2026-09-02T03:42:20.880590,2026-09-07T03:42:20.880590,2026-09-07T03:42:20.880590,DELAYED
SHP001299,O002860,BlueDart,2026-08-31T05:05:20.880590,2026-09-04T05:05:20.880590,2026-09-04T05:05:20.880590,DELAYED
SHP001300,O000349,FedEx,2026-08-23T15:28:20.880590,2026-08-24T15:28:20.880590,2026-08-24T15:28:20.880590,IN_TRANSIT
SHP001301,O001782,Delhivery,2026-09-05T14:18:20.880590,2026-09-07T14:18:20.880590,2026-09-06T14:18:20.880590,DELAYED
SHP001302,O003720,UPS,2026-08-29T16:24:20.880590,2026-09-05T16:24:20.880590,2026-09-05T16:24:20.880590,DELAYED
SHP001303,O000732,FedEx,2026-08-13T08:58:20.880590,2026-08-17T08:58:20.880590,2026-08-17T08:58:20.880590,IN_TRANSIT
SHP001304,O001783,Delhivery,2026-08-18T21:12:20.880590,2026-08-21T21:12:20.880590,2026-08-22T21:12:20.880590,IN_TRANSIT
SHP001305,O004195,UPS,2026-09-05T05:56:20.880590,2026-09-08T05:56:20.880590,2026-09-09T05:56:20.880590,DELIVERED
SHP001306,O004598,Delhivery,2026-08-27T08:21:20.880590,2026-09-03T08:21:20.880590,2026-09-02T08:21:20.880590,IN_TRANSIT
SHP001307,O000674,Delhivery,2026-08-22T16:29:20.880590,2026-08-28T16:29:20.880590,2026-08-30T16:29:20.880590,DELIVERED
SHP001308,O004136,DHL,2026-09-03T16:35:20.880590,2026-09-07T16:35:20.880590,2026-09-08T16:35:20.880590,IN_TRANSIT
SHP001309,O000562,FedEx,2026-08-23T21:54:20.880590,2026-08-28T21:54:20.880590,2026-08-28T21:54:20.880590,IN_TRANSIT
SHP001310,O002514,Delhivery,2026-08-11T10:14:20.880590,2026-08-18T10:14:20.880590,2026-08-18T10:14:20.880590,IN_TRANSIT
SHP001311,O000822,BlueDart,2026-08-16T10:25:20.880590,2026-08-19T10:25:20.880590,2026-08-21T10:25:20.880590,DELAYED
SHP001312,O004260,FedEx,2026-08-15T03:40:20.880590,2026-08-20T03:40:20.880590,2026-08-20T03:40:20.880590,DELAYED
SHP001313,O003899,UPS,2026-09-02T00:24:20.880590,2026-09-06T00:24:20.880590,2026-09-07T00:24:20.880590,IN_TRANSIT
SHP001314,O003107,UPS,2026-08-23T00:15:20.880590,2026-08-28T00:15:20.880590,2026-08-27T00:15:20.880590,IN_TRANSIT
SHP001315,O002963,UPS,2026-08-07T21:53:20.880590,2026-08-10T21:53:20.880590,2026-08-12T21:53:20.880590,IN_TRANSIT
SHP001316,O001723,UPS,2026-09-05T13:54:20.880590,2026-09-07T13:54:20.880590,2026-09-08T13:54:20.880590,DELAYED
SHP001317,O004036,DHL,2026-08-28T11:36:20.880590,2026-08-31T11:36:20.880590,2026-09-01T11:36:20.880590,DELAYED
SHP001318,O001154,DHL,2026-08-15T00:15:20.880590,2026-08-22T00:15:20.880590,2026-08-24T00:15:20.880590,IN_TRANSIT
SHP001319,O000441,BlueDart,2026-09-03T22:25:20.880590,2026-09-07T22:25:20.880590,2026-09-07T22:25:20.880590,IN_TRANSIT
SHP001320,O002833,FedEx,2026-08-12T04:21:20.880590,2026-08-15T04:21:20.880590,2026-08-17T04:21:20.880590,IN_TRANSIT
SHP001321,O001024,DHL,2026-08-28T07:05:20.880590,2026-09-03T07:05:20.880590,2026-09-02T07:05:20.880590,DELIVERED
SHP001322,O002729,UPS,2026-08-12T15:50:20.880590,2026-08-16T15:50:20.880590,2026-08-17T15:50:20.880590,DELIVERED
SHP001323,O002154,FedEx,2026-08-20T03:42:20.880590,2026-08-26T03:42:20.880590,2026-08-25T03:42:20.880590,DELAYED
SHP001324,O004396,BlueDart,2026-08-19T00:02:20.880590,2026-08-21T00:02:20.880590,2026-08-21T00:02:20.880590,IN_TRANSIT
SHP001325,O003837,Delhivery,2026-08-23T16:24:20.880590,2026-08-26T16:24:20.880590,2026-08-27T16:24:20.880590,IN_TRANSIT
SHP001326,O001829,UPS,2026-08-11T18:51:20.880590,2026-08-14T18:51:20.880590,2026-08-15T18:51:20.880590,IN_TRANSIT
SHP001327,O003224,Delhivery,2026-08-11T09:26:20.880590,2026-08-14T09:26:20.880590,2026-08-14T09:26:20.880590,IN_TRANSIT
SHP001328,O002573,FedEx,2026-08-16T19:09:20.880590,2026-08-18T19:09:20.880590,2026-08-18T19:09:20.880590,DELAYED
SHP001329,O003055,UPS,2026-08-23T17:58:20.880590,2026-08-28T17:58:20.880590,2026-08-27T17:58:20.880590,DELAYED
SHP001330,O002819,BlueDart,2026-09-02T13:11:20.880590,2026-09-08T13:11:20.880590,2026-09-10T13:11:20.880590,IN_TRANSIT
SHP001331,O002967,Delhivery,2026-08-29T06:13:20.880590,2026-08-30T06:13:20.880590,2026-08-31T06:13:20.880590,IN_TRANSIT
SHP001332,O001273,Delhivery,2026-08-09T01:48:20.880590,2026-08-16T01:48:20.880590,2026-08-16T01:48:20.880590,DELAYED
SHP001333,O000964,FedEx,2026-09-05T04:46:20.880590,2026-09-09T04:46:20.880590,2026-09-09T04:46:20.880590,DELIVERED
SHP001334,O002474,BlueDart,2026-08-16T18:30:20.880590,2026-08-17T18:30:20.880590,2026-08-17T18:30:20.880590,DELIVERED
SHP001335,O000834,UPS,2026-08-28T05:20:20.880590,2026-09-01T05:20:20.880590,2026-09-03T05:20:20.880590,IN_TRANSIT
SHP001336,O000787,UPS,2026-09-04T21:28:20.880590,2026-09-10T21:28:20.880590,2026-09-11T21:28:20.880590,DELAYED
SHP001337,O004008,FedEx,2026-09-02T21:42:20.880590,2026-09-05T21:42:20.880590,2026-09-04T21:42:20.880590,DELAYED
SHP001338,O002617,Delhivery,2026-08-22T22:56:20.880590,2026-08-25T22:56:20.880590,2026-08-24T22:56:20.880590,DELAYED
SHP001339,O004091,UPS,2026-08-16T22:10:20.880590,2026-08-19T22:10:20.880590,2026-08-20T22:10:20.880590,DELIVERED
SHP001340,O003781,DHL,2026-08-12T15:23:20.880590,2026-08-14T15:23:20.880590,2026-08-16T15:23:20.880590,IN_TRANSIT
SHP001341,O000159,DHL,2026-08-11T15:29:20.880590,2026-08-15T15:29:20.880590,2026-08-15T15:29:20.880590,DELAYED
SHP001342,O000323,DHL,2026-08-08T11:32:20.880590,2026-08-12T11:32:20.880590,2026-08-11T11:32:20.880590,IN_TRANSIT
SHP001343,O004693,UPS,2026-08-27T23:52:20.880590,2026-09-01T23:52:20.880590,2026-08-31T23:52:20.880590,IN_TRANSIT
SHP001344,O003543,Delhivery,2026-08-31T18:30:20.880590,2026-09-02T18:30:20.880590,2026-09-04T18:30:20.880590,IN_TRANSIT
SHP001345,O000802,BlueDart,2026-08-21T08:11:20.880590,2026-08-27T08:11:20.880590,2026-08-27T08:11:20.880590,DELIVERED
SHP001346,O004738,FedEx,2026-08-23T16:16:20.880590,2026-08-29T16:16:20.880590,2026-08-31T16:16:20.880590,DELAYED
SHP001347,O003647,BlueDart,2026-08-26T08:46:20.880590,2026-09-01T08:46:20.880590,2026-09-01T08:46:20.880590,IN_TRANSIT
SHP001348,O003510,BlueDart,2026-08-16T01:37:20.880590,2026-08-18T01:37:20.880590,2026-08-18T01:37:20.880590,DELAYED
SHP001349,O004319,Delhivery,2026-08-23T06:18:20.880590,2026-08-27T06:18:20.880590,2026-08-26T06:18:20.880590,IN_TRANSIT
SHP001350,O003723,FedEx,2026-08-09T16:32:20.880590,2026-08-11T16:32:20.880590,2026-08-13T16:32:20.880590,DELAYED
SHP001351,O002213,DHL,2026-08-16T19:35:20.880590,2026-08-18T19:35:20.880590,2026-08-18T19:35:20.880590,IN_TRANSIT
SHP001352,O001589,Delhivery,2026-08-11T21:42:20.880590,2026-08-12T21:42:20.880590,2026-08-11T21:42:20.880590,IN_TRANSIT
SHP001353,O000387,Delhivery,2026-08-15T16:28:20.880590,2026-08-19T16:28:20.880590,2026-08-19T16:28:20.880590,DELIVERED
SHP001354,O002538,Delhivery,2026-08-29T11:21:20.880590,2026-08-31T11:21:20.880590,2026-09-01T11:21:20.880590,IN_TRANSIT
SHP001355,O002570,BlueDart,2026-08-17T07:11:20.880590,2026-08-23T07:11:20.880590,2026-08-25T07:11:20.880590,IN_TRANSIT
SHP001356,O000513,UPS,2026-08-27T03:47:20.880590,2026-09-01T03:47:20.880590,2026-08-31T03:47:20.880590,DELIVERED
SHP001357,O000423,BlueDart,2026-08-07T13:26:20.880590,2026-08-13T13:26:20.880590,2026-08-13T13:26:20.880590,IN_TRANSIT
SHP001358,O003580,UPS,2026-09-04T16:19:20.880590,2026-09-09T16:19:20.880590,2026-09-09T16:19:20.880590,IN_TRANSIT
SHP001359,O004208,FedEx,2026-08-08T04:55:20.880590,2026-08-15T04:55:20.880590,2026-08-15T04:55:20.880590,DELIVERED
SHP001360,O001944,BlueDart,2026-08-25T22:47:20.880590,2026-09-01T22:47:20.880590,2026-09-03T22:47:20.880590,IN_TRANSIT
SHP001361,O001160,Delhivery,2026-08-10T04:01:20.880590,2026-08-17T04:01:20.880590,2026-08-19T04:01:20.880590,IN_TRANSIT
SHP001362,O004779,DHL,2026-08-26T14:10:20.880590,2026-08-27T14:10:20.880590,2026-08-27T14:10:20.880590,DELAYED
SHP001363,O001607,FedEx,2026-08-12T21:41:20.880590,2026-08-13T21:41:20.880590,2026-08-13T21:41:20.880590,DELAYED
SHP001364,O001364,UPS,2026-09-05T23:46:20.880590,2026-09-12T23:46:20.880590,2026-09-12T23:46:20.880590,IN_TRANSIT
SHP001365,O000887,Delhivery,2026-08-10T19:38:20.880590,2026-08-14T19:38:20.880590,2026-08-16T19:38:20.880590,DELAYED
SHP001366,O002730,Delhivery,2026-08-13T17:42:20.880590,2026-08-20T17:42:20.880590,2026-08-20T17:42:20.880590,IN_TRANSIT
SHP001367,O003699,UPS,2026-08-21T13:16:20.880590,2026-08-27T13:16:20.880590,2026-08-27T13:16:20.880590,IN_TRANSIT
SHP001368,O001760,FedEx,2026-08-24T00:04:20.880590,2026-08-27T00:04:20.880590,2026-08-27T00:04:20.880590,IN_TRANSIT
SHP001369,O000626,DHL,2026-08-20T02:15:20.880590,2026-08-25T02:15:20.880590,2026-08-24T02:15:20.880590,DELAYED
SHP001370,O002807,DHL,2026-08-31T06:51:20.880590,2026-09-02T06:51:20.880590,2026-09-03T06:51:20.880590,IN_TRANSIT
SHP001371,O004188,DHL,2026-08-15T14:18:20.880590,2026-08-21T14:18:20.880590,2026-08-21T14:18:20.880590,DELIVERED
SHP001372,O001689,Delhivery,2026-08-09T16:42:20.880590,2026-08-16T16:42:20.880590,2026-08-18T16:42:20.880590,DELIVERED
SHP001373,O001773,BlueDart,2026-09-03T01:15:20.880590,2026-09-10T01:15:20.880590,2026-09-11T01:15:20.880590,DELAYED
SHP001374,O000817,Delhivery,2026-08-20T18:05:20.880590,2026-08-27T18:05:20.880590,2026-08-27T18:05:20.880590,IN_TRANSIT
SHP001375,O002132,BlueDart,2026-08-10T17:05:20.880590,2026-08-16T17:05:20.880590,2026-08-16T17:05:20.880590,DELIVERED
SHP001376,O000611,UPS,2026-08-08T07:53:20.880590,2026-08-14T07:53:20.880590,2026-08-16T07:53:20.880590,DELIVERED
SHP001377,O001991,UPS,2026-08-16T02:02:20.880590,2026-08-19T02:02:20.880590,2026-08-18T02:02:20.880590,DELIVERED
SHP001378,O001513,BlueDart,2026-08-12T02:58:20.880590,2026-08-14T02:58:20.880590,2026-08-16T02:58:20.880590,DELIVERED
SHP001379,O000094,FedEx,2026-08-24T18:29:20.880590,2026-08-25T18:29:20.880590,2026-08-27T18:29:20.880590,IN_TRANSIT
SHP001380,O002385,BlueDart,2026-08-25T00:44:20.880590,2026-08-29T00:44:20.880590,2026-08-28T00:44:20.880590,DELAYED
SHP001381,O000087,BlueDart,2026-09-02T03:17:20.880590,2026-09-08T03:17:20.880590,2026-09-09T03:17:20.880590,IN_TRANSIT
SHP001382,O004453,FedEx,2026-08-11T23:49:20.880590,2026-08-18T23:49:20.880590,2026-08-19T23:49:20.880590,IN_TRANSIT
SHP001383,O004946,UPS,2026-08-13T15:07:20.880590,2026-08-14T15:07:20.880590,2026-08-15T15:07:20.880590,IN_TRANSIT
SHP001384,O003955,DHL,2026-09-05T19:59:20.880590,2026-09-11T19:59:20.880590,2026-09-12T19:59:20.880590,DELIVERED
SHP001385,O004088,FedEx,2026-08-11T07:52:20.880590,2026-08-12T07:52:20.880590,2026-08-12T07:52:20.880590,DELAYED
SHP001386,O004229,BlueDart,2026-08-30T21:16:20.880590,2026-09-04T21:16:20.880590,2026-09-03T21:16:20.880590,DELAYED
SHP001387,O000844,Delhivery,2026-08-20T16:52:20.880590,2026-08-24T16:52:20.880590,2026-08-26T16:52:20.880590,DELIVERED
SHP001388,O001853,FedEx,2026-08-09T02:15:20.880590,2026-08-13T02:15:20.880590,2026-08-13T02:15:20.880590,DELAYED
SHP001389,O003282,UPS,2026-08-22T00:14:20.880590,2026-08-27T00:14:20.880590,2026-08-28T00:14:20.880590,IN_TRANSIT
SHP001390,O000895,Delhivery,2026-08-20T15:28:20.880590,2026-08-25T15:28:20.880590,2026-08-24T15:28:20.880590,IN_TRANSIT
SHP001391,O002646,FedEx,2026-08-08T17:50:20.880590,2026-08-13T17:50:20.880590,2026-08-12T17:50:20.880590,IN_TRANSIT
SHP001392,O004663,DHL,2026-08-18T10:40:20.880590,2026-08-23T10:40:20.880590,2026-08-24T10:40:20.880590,DELAYED
SHP001393,O001880,UPS,2026-08-07T18:18:20.880590,2026-08-09T18:18:20.880590,2026-08-09T18:18:20.880590,DELAYED
SHP001394,O004884,BlueDart,2026-08-12T06:28:20.880590,2026-08-18T06:28:20.880590,2026-08-17T06:28:20.880590,DELIVERED
SHP001395,O000567,UPS,2026-09-01T04:41:20.880590,2026-09-06T04:41:20.880590,2026-09-08T04:41:20.880590,DELIVERED
SHP001396,O003254,Delhivery,2026-08-15T14:34:20.880590,2026-08-17T14:34:20.880590,2026-08-19T14:34:20.880590,IN_TRANSIT
SHP001397,O000089,BlueDart,2026-08-28T04:49:20.880590,2026-08-31T04:49:20.880590,2026-08-31T04:49:20.880590,DELIVERED
SHP001398,O002021,DHL,2026-08-22T04:10:20.880590,2026-08-27T04:10:20.880590,2026-08-27T04:10:20.880590,DELAYED
SHP001399,O001135,UPS,2026-08-25T04:06:20.880590,2026-08-27T04:06:20.880590,2026-08-28T04:06:20.880590,DELIVERED
SHP001400,O001428,DHL,2026-08-13T10:59:20.880590,2026-08-17T10:59:20.880590,2026-08-19T10:59:20.880590,DELAYED
SHP001401,O004509,Delhivery,2026-08-08T04:48:20.880590,2026-08-12T04:48:20.880590,2026-08-12T04:48:20.880590,IN_TRANSIT
SHP001402,O000086,FedEx,2026-08-30T11:16:20.880590,2026-09-06T11:16:20.880590,2026-09-08T11:16:20.880590,DELIVERED
SHP001403,O003016,Delhivery,2026-08-16T02:45:20.880590,2026-08-18T02:45:20.880590,2026-08-20T02:45:20.880590,IN_TRANSIT
SHP001404,O000678,DHL,2026-08-15T19:16:20.880590,2026-08-19T19:16:20.880590,2026-08-19T19:16:20.880590,IN_TRANSIT
SHP001405,O002673,DHL,2026-08-17T22:48:20.880590,2026-08-21T22:48:20.880590,2026-08-21T22:48:20.880590,IN_TRANSIT
SHP001406,O003092,Delhivery,2026-08-18T14:32:20.880590,2026-08-20T14:32:20.880590,2026-08-20T14:32:20.880590,DELIVERED
SHP001407,O001335,DHL,2026-08-08T05:48:20.880590,2026-08-11T05:48:20.880590,2026-08-10T05:48:20.880590,DELIVERED
SHP001408,O004449,FedEx,2026-08-13T21:50:20.880590,2026-08-15T21:50:20.880590,2026-08-14T21:50:20.880590,DELAYED
SHP001409,O003012,Delhivery,2026-08-22T02:19:20.880590,2026-08-28T02:19:20.880590,2026-08-30T02:19:20.880590,DELAYED
SHP001410,O004639,Delhivery,2026-08-29T00:05:20.880590,2026-08-30T00:05:20.880590,2026-08-30T00:05:20.880590,IN_TRANSIT
SHP001411,O003718,DHL,2026-09-03T11:56:20.880590,2026-09-07T11:56:20.880590,2026-09-08T11:56:20.880590,DELIVERED
SHP001412,O000220,FedEx,2026-08-29T04:11:20.880590,2026-08-30T04:11:20.880590,2026-08-30T04:11:20.880590,IN_TRANSIT
SHP001413,O003702,DHL,2026-08-29T19:53:20.880590,2026-09-03T19:53:20.880590,2026-09-03T19:53:20.880590,DELIVERED
SHP001414,O002078,BlueDart,2026-08-12T22:56:20.880590,2026-08-13T22:56:20.880590,2026-08-13T22:56:20.880590,DELIVERED
SHP001415,O002076,Delhivery,2026-08-24T21:45:20.880590,2026-08-31T21:45:20.880590,2026-08-31T21:45:20.880590,DELAYED
SHP001416,O004549,Delhivery,2026-09-04T18:51:20.880590,2026-09-07T18:51:20.880590,2026-09-07T18:51:20.880590,DELIVERED
SHP001417,O003156,Delhivery,2026-08-27T10:59:20.880590,2026-08-30T10:59:20.880590,2026-08-29T10:59:20.880590,DELAYED
SHP001418,O003308,BlueDart,2026-08-27T16:48:20.880590,2026-08-31T16:48:20.880590,2026-09-01T16:48:20.880590,DELIVERED
SHP001419,O003177,UPS,2026-08-07T11:40:20.880590,2026-08-09T11:40:20.880590,2026-08-09T11:40:20.880590,IN_TRANSIT
SHP001420,O004810,BlueDart,2026-09-05T22:00:20.880590,2026-09-11T22:00:20.880590,2026-09-11T22:00:20.880590,DELIVERED
SHP001421,O003871,FedEx,2026-09-05T03:25:20.880590,2026-09-06T03:25:20.880590,2026-09-06T03:25:20.880590,DELIVERED
SHP001422,O002165,Delhivery,2026-08-15T02:47:20.880590,2026-08-22T02:47:20.880590,2026-08-23T02:47:20.880590,DELAYED
SHP001423,O002731,BlueDart,2026-08-27T14:14:20.880590,2026-08-30T14:14:20.880590,2026-08-30T14:14:20.880590,DELIVERED
SHP001424,O002476,Delhivery,2026-08-07T01:46:20.880590,2026-08-10T01:46:20.880590,2026-08-12T01:46:20.880590,DELIVERED
SHP001425,O002487,BlueDart,2026-09-02T18:11:20.880590,2026-09-08T18:11:20.880590,2026-09-08T18:11:20.880590,DELIVERED
SHP001426,O000760,UPS,2026-08-31T16:46:20.880590,2026-09-04T16:46:20.880590,2026-09-03T16:46:20.880590,IN_TRANSIT
SHP001427,O001329,BlueDart,2026-08-20T05:38:20.880590,2026-08-21T05:38:20.880590,2026-08-22T05:38:20.880590,DELAYED
SHP001428,O002949,Delhivery,2026-09-02T14:56:20.880590,2026-09-08T14:56:20.880590,2026-09-08T14:56:20.880590,IN_TRANSIT
SHP001429,O000962,DHL,2026-08-25T21:07:20.880590,2026-08-26T21:07:20.880590,2026-08-25T21:07:20.880590,IN_TRANSIT
SHP001430,O003873,BlueDart,2026-09-02T06:42:20.880590,2026-09-05T06:42:20.880590,2026-09-06T06:42:20.880590,IN_TRANSIT
SHP001431,O002877,BlueDart,2026-08-20T06:05:20.880590,2026-08-23T06:05:20.880590,2026-08-24T06:05:20.880590,DELIVERED
SHP001432,O004631,BlueDart,2026-08-30T08:22:20.880590,2026-09-01T08:22:20.880590,2026-09-01T08:22:20.880590,IN_TRANSIT
SHP001433,O001722,UPS,2026-09-02T07:14:20.880590,2026-09-07T07:14:20.880590,2026-09-07T07:14:20.880590,IN_TRANSIT
SHP001434,O001665,Delhivery,2026-08-08T04:25:20.880590,2026-08-09T04:25:20.880590,2026-08-11T04:25:20.880590,DELAYED
SHP001435,O003115,Delhivery,2026-08-18T19:01:20.880590,2026-08-25T19:01:20.880590,2026-08-25T19:01:20.880590,DELAYED
SHP001436,O000094,BlueDart,2026-08-26T00:44:20.880590,2026-08-30T00:44:20.880590,2026-09-01T00:44:20.880590,DELAYED
SHP001437,O001491,BlueDart,2026-09-03T06:00:20.880590,2026-09-04T06:00:20.880590,2026-09-04T06:00:20.880590,DELAYED
SHP001438,O003357,Delhivery,2026-08-13T01:49:20.880590,2026-08-17T01:49:20.880590,2026-08-16T01:49:20.880590,DELAYED
SHP001439,O003611,BlueDart,2026-08-27T05:08:20.880590,2026-08-31T05:08:20.880590,2026-09-02T05:08:20.880590,IN_TRANSIT
SHP001440,O000335,FedEx,2026-08-28T09:01:20.880590,2026-09-02T09:01:20.880590,2026-09-04T09:01:20.880590,IN_TRANSIT
SHP001441,O003083,FedEx,2026-08-13T15:02:20.880590,2026-08-17T15:02:20.880590,2026-08-18T15:02:20.880590,DELAYED
SHP001442,O003638,DHL,2026-08-15T10:06:20.880590,2026-08-21T10:06:20.880590,2026-08-20T10:06:20.880590,DELIVERED
SHP001443,O001953,UPS,2026-08-26T23:36:20.880590,2026-08-27T23:36:20.880590,2026-08-27T23:36:20.880590,DELAYED
SHP001444,O003437,FedEx,2026-09-03T05:34:20.880590,2026-09-05T05:34:20.880590,2026-09-04T05:34:20.880590,IN_TRANSIT
SHP001445,O001376,UPS,2026-08-31T14:50:20.880590,2026-09-02T14:50:20.880590,2026-09-02T14:50:20.880590,DELIVERED
SHP001446,O001982,DHL,2026-08-15T19:46:20.880590,2026-08-22T19:46:20.880590,2026-08-22T19:46:20.880590,DELIVERED
SHP001447,O004829,FedEx,2026-09-04T03:06:20.880590,2026-09-07T03:06:20.880590,2026-09-07T03:06:20.880590,IN_TRANSIT
SHP001448,O003287,DHL,2026-08-08T02:03:20.880590,2026-08-15T02:03:20.880590,2026-08-16T02:03:20.880590,DELAYED
SHP001449,O001857,DHL,2026-08-18T19:51:20.880590,2026-08-22T19:51:20.880590,2026-08-24T19:51:20.880590,IN_TRANSIT
SHP001450,O001070,FedEx,2026-09-05T20:09:20.880590,2026-09-08T20:09:20.880590,2026-09-09T20:09:20.880590,DELAYED
SHP001451,O002647,FedEx,2026-08-24T21:21:20.880590,2026-08-29T21:21:20.880590,2026-08-29T21:21:20.880590,DELIVERED
SHP001452,O004144,UPS,2026-08-13T06:33:20.880590,2026-08-15T06:33:20.880590,2026-08-16T06:33:20.880590,DELAYED
SHP001453,O000271,BlueDart,2026-08-09T06:27:20.880590,2026-08-16T06:27:20.880590,2026-08-16T06:27:20.880590,IN_TRANSIT
SHP001454,O004553,UPS,2026-08-31T05:28:20.880590,2026-09-03T05:28:20.880590,2026-09-05T05:28:20.880590,IN_TRANSIT
SHP001455,O002011,DHL,2026-08-22T13:29:20.880590,2026-08-23T13:29:20.880590,2026-08-25T13:29:20.880590,DELAYED
SHP001456,O000081,UPS,2026-08-30T17:42:20.880590,2026-09-01T17:42:20.880590,2026-09-01T17:42:20.880590,IN_TRANSIT
SHP001457,O001173,Delhivery,2026-08-21T05:07:20.880590,2026-08-28T05:07:20.880590,2026-08-27T05:07:20.880590,IN_TRANSIT
SHP001458,O003638,BlueDart,2026-08-18T07:50:20.880590,2026-08-25T07:50:20.880590,2026-08-25T07:50:20.880590,DELIVERED
SHP001459,O002729,DHL,2026-08-23T16:16:20.880590,2026-08-27T16:16:20.880590,2026-08-29T16:16:20.880590,IN_TRANSIT
SHP001460,O004343,BlueDart,2026-09-01T02:52:20.880590,2026-09-06T02:52:20.880590,2026-09-07T02:52:20.880590,DELIVERED
SHP001461,O000345,FedEx,2026-08-15T06:29:20.880590,2026-08-21T06:29:20.880590,2026-08-23T06:29:20.880590,DELIVERED
SHP001462,O001003,FedEx,2026-08-14T17:46:20.880590,2026-08-15T17:46:20.880590,2026-08-16T17:46:20.880590,DELIVERED
SHP001463,O002671,Delhivery,2026-08-11T07:01:20.880590,2026-08-15T07:01:20.880590,2026-08-16T07:01:20.880590,DELIVERED
SHP001464,O004725,FedEx,2026-09-02T23:53:20.880590,2026-09-07T23:53:20.880590,2026-09-08T23:53:20.880590,DELAYED
SHP001465,O003966,FedEx,2026-08-30T22:17:20.880590,2026-09-04T22:17:20.880590,2026-09-05T22:17:20.880590,DELIVERED
SHP001466,O002062,FedEx,2026-08-10T12:44:20.880590,2026-08-17T12:44:20.880590,2026-08-17T12:44:20.880590,DELAYED
SHP001467,O003349,FedEx,2026-08-23T13:08:20.880590,2026-08-28T13:08:20.880590,2026-08-27T13:08:20.880590,IN_TRANSIT
SHP001468,O003214,UPS,2026-09-02T08:07:20.880590,2026-09-05T08:07:20.880590,2026-09-04T08:07:20.880590,IN_TRANSIT
SHP001469,O001921,FedEx,2026-08-07T10:31:20.880590,2026-08-14T10:31:20.880590,2026-08-14T10:31:20.880590,DELAYED
SHP001470,O004150,DHL,2026-09-01T09:29:20.880590,2026-09-05T09:29:20.880590,2026-09-04T09:29:20.880590,DELIVERED
SHP001471,O000644,DHL,2026-08-21T19:30:20.880590,2026-08-23T19:30:20.880590,2026-08-25T19:30:20.880590,IN_TRANSIT
SHP001472,O002773,DHL,2026-08-21T06:26:20.880590,2026-08-23T06:26:20.880590,2026-08-22T06:26:20.880590,DELIVERED
SHP001473,O000030,DHL,2026-08-14T07:19:20.880590,2026-08-20T07:19:20.880590,2026-08-21T07:19:20.880590,IN_TRANSIT
SHP001474,O003003,UPS,2026-08-20T14:25:20.880590,2026-08-21T14:25:20.880590,2026-08-22T14:25:20.880590,IN_TRANSIT
SHP001475,O004082,Delhivery,2026-08-31T04:07:20.880590,2026-09-02T04:07:20.880590,2026-09-01T04:07:20.880590,DELIVERED
SHP001476,O003325,BlueDart,2026-08-19T07:18:20.880590,2026-08-21T07:18:20.880590,2026-08-22T07:18:20.880590,IN_TRANSIT
SHP001477,O000147,DHL,2026-09-05T15:38:20.880590,2026-09-08T15:38:20.880590,2026-09-08T15:38:20.880590,IN_TRANSIT
SHP001478,O003665,UPS,2026-09-02T01:16:20.880590,2026-09-05T01:16:20.880590,2026-09-05T01:16:20.880590,DELIVERED
SHP001479,O003263,DHL,2026-08-17T12:25:20.880590,2026-08-21T12:25:20.880590,2026-08-23T12:25:20.880590,IN_TRANSIT
SHP001480,O004448,FedEx,2026-08-20T08:44:20.880590,2026-08-22T08:44:20.880590,2026-08-21T08:44:20.880590,DELAYED
SHP001481,O004159,BlueDart,2026-08-24T00:14:20.880590,2026-08-26T00:14:20.880590,2026-08-26T00:14:20.880590,DELAYED
SHP001482,O001771,BlueDart,2026-09-01T08:03:20.880590,2026-09-06T08:03:20.880590,2026-09-05T08:03:20.880590,IN_TRANSIT
SHP001483,O000721,UPS,2026-08-09T06:54:20.880590,2026-08-12T06:54:20.880590,2026-08-13T06:54:20.880590,DELAYED
SHP001484,O001877,FedEx,2026-08-14T01:06:20.880590,2026-08-18T01:06:20.880590,2026-08-19T01:06:20.880590,DELIVERED
SHP001485,O004355,UPS,2026-08-19T06:01:20.880590,2026-08-24T06:01:20.880590,2026-08-23T06:01:20.880590,DELAYED
SHP001486,O003771,DHL,2026-09-04T22:12:20.880590,2026-09-05T22:12:20.880590,2026-09-05T22:12:20.880590,DELIVERED
SHP001487,O004633,BlueDart,2026-08-11T22:08:20.880590,2026-08-15T22:08:20.880590,2026-08-17T22:08:20.880590,IN_TRANSIT
SHP001488,O000227,Delhivery,2026-08-13T01:51:20.880590,2026-08-15T01:51:20.880590,2026-08-15T01:51:20.880590,DELIVERED
SHP001489,O001071,DHL,2026-09-02T01:36:20.880590,2026-09-03T01:36:20.880590,2026-09-05T01:36:20.880590,DELIVERED
SHP001490,O002891,FedEx,2026-09-01T01:50:20.880590,2026-09-03T01:50:20.880590,2026-09-03T01:50:20.880590,DELAYED
SHP001491,O004630,BlueDart,2026-08-13T20:35:20.880590,2026-08-20T20:35:20.880590,2026-08-19T20:35:20.880590,IN_TRANSIT
SHP001492,O001620,BlueDart,2026-09-02T05:51:20.880590,2026-09-07T05:51:20.880590,2026-09-07T05:51:20.880590,DELAYED
SHP001493,O004862,DHL,2026-08-14T09:50:20.880590,2026-08-17T09:50:20.880590,2026-08-19T09:50:20.880590,DELAYED
SHP001494,O002644,DHL,2026-08-23T23:41:20.880590,2026-08-24T23:41:20.880590,2026-08-25T23:41:20.880590,DELIVERED
SHP001495,O003635,DHL,2026-09-03T13:32:20.880590,2026-09-06T13:32:20.880590,2026-09-08T13:32:20.880590,DELIVERED
SHP001496,O003823,UPS,2026-08-07T22:36:20.880590,2026-08-14T22:36:20.880590,2026-08-15T22:36:20.880590,IN_TRANSIT
SHP001497,O002538,FedEx,2026-08-12T02:19:20.880590,2026-08-15T02:19:20.880590,2026-08-17T02:19:20.880590,IN_TRANSIT
SHP001498,O004775,BlueDart,2026-08-17T21:37:20.880590,2026-08-19T21:37:20.880590,2026-08-20T21:37:20.880590,DELIVERED
SHP001499,O004926,DHL,2026-08-22T19:09:20.880590,2026-08-27T19:09:20.880590,2026-08-29T19:09:20.880590,DELIVERED
SHP001500,O001457,UPS,2026-08-10T05:58:20.880590,2026-08-16T05:58:20.880590,2026-08-18T05:58:20.880590,IN_TRANSIT
SHP001501,O001931,BlueDart,2026-08-27T12:25:20.880590,2026-09-02T12:25:20.880590,2026-09-03T12:25:20.880590,IN_TRANSIT
SHP001502,O002113,UPS,2026-08-14T21:07:20.880590,2026-08-16T21:07:20.880590,2026-08-16T21:07:20.880590,DELIVERED
SHP001503,O002807,UPS,2026-09-04T17:10:20.880590,2026-09-09T17:10:20.880590,2026-09-10T17:10:20.880590,DELAYED
SHP001504,O001350,Delhivery,2026-08-29T14:32:20.880590,2026-09-05T14:32:20.880590,2026-09-06T14:32:20.880590,IN_TRANSIT
SHP001505,O000904,UPS,2026-08-28T17:56:20.880590,2026-09-01T17:56:20.880590,2026-09-01T17:56:20.880590,DELIVERED
SHP001506,O000353,FedEx,2026-08-30T15:47:20.880590,2026-09-04T15:47:20.880590,2026-09-06T15:47:20.880590,DELIVERED
SHP001507,O002214,Delhivery,2026-08-17T08:41:20.880590,2026-08-23T08:41:20.880590,2026-08-22T08:41:20.880590,DELAYED
SHP001508,O001027,UPS,2026-08-20T13:37:20.880590,2026-08-24T13:37:20.880590,2026-08-26T13:37:20.880590,IN_TRANSIT
SHP001509,O000251,DHL,2026-08-09T08:38:20.880590,2026-08-14T08:38:20.880590,2026-08-14T08:38:20.880590,DELIVERED
SHP001510,O000540,BlueDart,2026-09-03T10:18:20.880590,2026-09-09T10:18:20.880590,2026-09-09T10:18:20.880590,IN_TRANSIT
SHP001511,O003915,BlueDart,2026-08-17T10:30:20.880590,2026-08-19T10:30:20.880590,2026-08-19T10:30:20.880590,DELIVERED
SHP001512,O003129,FedEx,2026-08-25T12:20:20.880590,2026-08-27T12:20:20.880590,2026-08-27T12:20:20.880590,IN_TRANSIT
SHP001513,O001260,DHL,2026-09-03T02:06:20.880590,2026-09-05T02:06:20.880590,2026-09-06T02:06:20.880590,DELAYED
SHP001514,O000435,Delhivery,2026-08-17T13:39:20.880590,2026-08-24T13:39:20.880590,2026-08-23T13:39:20.880590,DELAYED
SHP001515,O000481,DHL,2026-08-19T06:36:20.880590,2026-08-25T06:36:20.880590,2026-08-25T06:36:20.880590,DELIVERED
SHP001516,O001981,DHL,2026-08-28T07:14:20.880590,2026-09-03T07:14:20.880590,2026-09-02T07:14:20.880590,IN_TRANSIT
SHP001517,O001494,BlueDart,2026-08-15T10:46:20.880590,2026-08-18T10:46:20.880590,2026-08-17T10:46:20.880590,IN_TRANSIT
SHP001518,O002690,BlueDart,2026-08-29T10:05:20.880590,2026-09-03T10:05:20.880590,2026-09-02T10:05:20.880590,DELIVERED
SHP001519,O000539,Delhivery,2026-09-04T22:03:20.880590,2026-09-07T22:03:20.880590,2026-09-07T22:03:20.880590,DELAYED
SHP001520,O001782,UPS,2026-08-17T04:44:20.880590,2026-08-22T04:44:20.880590,2026-08-24T04:44:20.880590,DELAYED
SHP001521,O003674,UPS,2026-08-19T11:29:20.880590,2026-08-21T11:29:20.880590,2026-08-21T11:29:20.880590,DELAYED
SHP001522,O001986,UPS,2026-08-31T13:49:20.880590,2026-09-05T13:49:20.880590,2026-09-06T13:49:20.880590,DELAYED
SHP001523,O003943,BlueDart,2026-08-25T23:11:20.880590,2026-09-01T23:11:20.880590,2026-08-31T23:11:20.880590,IN_TRANSIT
SHP001524,O004876,DHL,2026-08-18T09:36:20.880590,2026-08-25T09:36:20.880590,2026-08-25T09:36:20.880590,DELIVERED
SHP001525,O001340,UPS,2026-08-26T16:29:20.880590,2026-08-30T16:29:20.880590,2026-08-30T16:29:20.880590,IN_TRANSIT
SHP001526,O000087,DHL,2026-08-21T19:47:20.880590,2026-08-27T19:47:20.880590,2026-08-27T19:47:20.880590,DELIVERED
SHP001527,O004611,DHL,2026-09-03T14:21:20.880590,2026-09-08T14:21:20.880590,2026-09-07T14:21:20.880590,DELAYED
SHP001528,O000456,BlueDart,2026-09-05T00:16:20.880590,2026-09-08T00:16:20.880590,2026-09-09T00:16:20.880590,IN_TRANSIT
SHP001529,O002554,UPS,2026-08-10T03:12:20.880590,2026-08-12T03:12:20.880590,2026-08-13T03:12:20.880590,DELAYED
SHP001530,O002044,UPS,2026-08-29T07:24:20.880590,2026-09-01T07:24:20.880590,2026-09-01T07:24:20.880590,DELAYED
SHP001531,O002328,FedEx,2026-08-09T10:45:20.880590,2026-08-15T10:45:20.880590,2026-08-15T10:45:20.880590,DELIVERED
SHP001532,O004037,Delhivery,2026-08-25T06:55:20.880590,2026-08-27T06:55:20.880590,2026-08-26T06:55:20.880590,DELAYED
SHP001533,O003629,UPS,2026-08-26T18:13:20.880590,2026-09-02T18:13:20.880590,2026-09-02T18:13:20.880590,DELAYED
SHP001534,O001610,UPS,2026-08-17T06:46:20.880590,2026-08-19T06:46:20.880590,2026-08-21T06:46:20.880590,IN_TRANSIT
SHP001535,O000158,UPS,2026-09-02T19:06:20.880590,2026-09-05T19:06:20.880590,2026-09-05T19:06:20.880590,DELAYED
SHP001536,O001501,UPS,2026-09-02T21:48:20.880590,2026-09-04T21:48:20.880590,2026-09-06T21:48:20.880590,IN_TRANSIT
SHP001537,O001823,UPS,2026-09-01T10:49:20.880590,2026-09-05T10:49:20.880590,2026-09-05T10:49:20.880590,DELIVERED
SHP001538,O000808,FedEx,2026-08-30T07:30:20.880590,2026-09-01T07:30:20.880590,2026-08-31T07:30:20.880590,IN_TRANSIT
SHP001539,O002272,UPS,2026-08-17T15:18:20.880590,2026-08-19T15:18:20.880590,2026-08-19T15:18:20.880590,DELIVERED
SHP001540,O001885,BlueDart,2026-08-15T06:53:20.880590,2026-08-18T06:53:20.880590,2026-08-17T06:53:20.880590,DELIVERED
SHP001541,O002402,BlueDart,2026-08-14T00:01:20.880590,2026-08-17T00:01:20.880590,2026-08-16T00:01:20.880590,DELAYED
SHP001542,O004414,UPS,2026-09-02T00:04:20.880590,2026-09-04T00:04:20.880590,2026-09-05T00:04:20.880590,DELIVERED
SHP001543,O001981,FedEx,2026-08-09T13:27:20.880590,2026-08-12T13:27:20.880590,2026-08-11T13:27:20.880590,IN_TRANSIT
SHP001544,O003275,DHL,2026-08-10T08:44:20.880590,2026-08-12T08:44:20.880590,2026-08-12T08:44:20.880590,DELIVERED
SHP001545,O000786,DHL,2026-08-21T22:12:20.880590,2026-08-25T22:12:20.880590,2026-08-24T22:12:20.880590,IN_TRANSIT
SHP001546,O002657,Delhivery,2026-08-23T06:48:20.880590,2026-08-30T06:48:20.880590,2026-08-31T06:48:20.880590,DELIVERED
SHP001547,O002186,DHL,2026-09-02T19:24:20.880590,2026-09-05T19:24:20.880590,2026-09-05T19:24:20.880590,DELIVERED
SHP001548,O002451,UPS,2026-09-05T12:48:20.880590,2026-09-09T12:48:20.880590,2026-09-09T12:48:20.880590,DELIVERED
SHP001549,O004864,Delhivery,2026-08-10T15:22:20.880590,2026-08-12T15:22:20.880590,2026-08-12T15:22:20.880590,IN_TRANSIT
SHP001550,O001079,UPS,2026-08-11T01:06:20.880590,2026-08-13T01:06:20.880590,2026-08-15T01:06:20.880590,DELIVERED
SHP001551,O004235,DHL,2026-08-29T04:36:20.880590,2026-09-03T04:36:20.880590,2026-09-02T04:36:20.880590,DELIVERED
SHP001552,O000175,UPS,2026-08-22T18:31:20.880590,2026-08-28T18:31:20.880590,2026-08-28T18:31:20.880590,DELAYED
SHP001553,O002081,DHL,2026-08-21T04:05:20.880590,2026-08-26T04:05:20.880590,2026-08-27T04:05:20.880590,DELIVERED
SHP001554,O004074,UPS,2026-08-22T05:20:20.880590,2026-08-25T05:20:20.880590,2026-08-26T05:20:20.880590,DELIVERED
SHP001555,O003541,FedEx,2026-08-24T21:56:20.880590,2026-08-26T21:56:20.880590,2026-08-28T21:56:20.880590,DELAYED
SHP001556,O001077,UPS,2026-09-05T14:56:20.880590,2026-09-09T14:56:20.880590,2026-09-09T14:56:20.880590,DELIVERED
SHP001557,O000986,BlueDart,2026-08-26T15:43:20.880590,2026-08-28T15:43:20.880590,2026-08-27T15:43:20.880590,DELAYED
SHP001558,O002988,BlueDart,2026-08-31T11:21:20.880590,2026-09-02T11:21:20.880590,2026-09-02T11:21:20.880590,DELIVERED
SHP001559,O000007,BlueDart,2026-08-07T11:31:20.880590,2026-08-11T11:31:20.880590,2026-08-10T11:31:20.880590,IN_TRANSIT
SHP001560,O002369,FedEx,2026-08-08T22:47:20.880590,2026-08-09T22:47:20.880590,2026-08-09T22:47:20.880590,DELAYED
SHP001561,O003158,Delhivery,2026-09-01T15:40:20.880590,2026-09-08T15:40:20.880590,2026-09-08T15:40:20.880590,DELAYED
SHP001562,O003441,Delhivery,2026-09-05T17:43:20.880590,2026-09-09T17:43:20.880590,2026-09-10T17:43:20.880590,DELIVERED
SHP001563,O001556,FedEx,2026-08-20T23:43:20.880590,2026-08-26T23:43:20.880590,2026-08-27T23:43:20.880590,DELIVERED
SHP001564,O000345,Delhivery,2026-08-30T01:12:20.880590,2026-08-31T01:12:20.880590,2026-08-30T01:12:20.880590,DELIVERED
SHP001565,O002331,BlueDart,2026-08-10T15:19:20.880590,2026-08-16T15:19:20.880590,2026-08-15T15:19:20.880590,DELIVERED
SHP001566,O004915,FedEx,2026-08-16T21:56:20.880590,2026-08-20T21:56:20.880590,2026-08-22T21:56:20.880590,DELAYED
SHP001567,O004566,DHL,2026-08-29T20:27:20.880590,2026-09-03T20:27:20.880590,2026-09-05T20:27:20.880590,DELIVERED
SHP001568,O002303,BlueDart,2026-08-08T19:12:20.880590,2026-08-14T19:12:20.880590,2026-08-13T19:12:20.880590,IN_TRANSIT
SHP001569,O004546,Delhivery,2026-08-18T02:55:20.880590,2026-08-19T02:55:20.880590,2026-08-20T02:55:20.880590,DELAYED
SHP001570,O004389,UPS,2026-08-28T14:12:20.880590,2026-08-29T14:12:20.880590,2026-08-31T14:12:20.880590,DELAYED
SHP001571,O003445,Delhivery,2026-08-23T03:13:20.880590,2026-08-24T03:13:20.880590,2026-08-24T03:13:20.880590,DELAYED
SHP001572,O004844,BlueDart,2026-08-08T15:50:20.880590,2026-08-11T15:50:20.880590,2026-08-12T15:50:20.880590,DELAYED
SHP001573,O001314,BlueDart,2026-08-31T11:12:20.880590,2026-09-04T11:12:20.880590,2026-09-04T11:12:20.880590,DELAYED
SHP001574,O000099,BlueDart,2026-08-08T14:51:20.880590,2026-08-10T14:51:20.880590,2026-08-11T14:51:20.880590,DELIVERED
SHP001575,O004539,DHL,2026-08-07T03:21:20.880590,2026-08-13T03:21:20.880590,2026-08-13T03:21:20.880590,IN_TRANSIT
SHP001576,O001583,BlueDart,2026-08-14T01:59:20.880590,2026-08-16T01:59:20.880590,2026-08-16T01:59:20.880590,IN_TRANSIT
SHP001577,O000146,BlueDart,2026-08-19T22:13:20.880590,2026-08-24T22:13:20.880590,2026-08-24T22:13:20.880590,DELAYED
SHP001578,O004371,FedEx,2026-08-08T08:51:20.880590,2026-08-09T08:51:20.880590,2026-08-10T08:51:20.880590,DELAYED
SHP001579,O004264,Delhivery,2026-08-27T05:46:20.880590,2026-09-01T05:46:20.880590,2026-09-03T05:46:20.880590,IN_TRANSIT
SHP001580,O002092,UPS,2026-08-11T18:10:20.880590,2026-08-14T18:10:20.880590,2026-08-16T18:10:20.880590,DELAYED
SHP001581,O003373,BlueDart,2026-08-16T08:41:20.880590,2026-08-17T08:41:20.880590,2026-08-17T08:41:20.880590,IN_TRANSIT
SHP001582,O002159,Delhivery,2026-08-28T22:35:20.880590,2026-08-29T22:35:20.880590,2026-08-30T22:35:20.880590,IN_TRANSIT
SHP001583,O004220,BlueDart,2026-08-31T00:52:20.880590,2026-09-04T00:52:20.880590,2026-09-04T00:52:20.880590,DELIVERED
SHP001584,O002766,BlueDart,2026-09-01T14:22:20.880590,2026-09-02T14:22:20.880590,2026-09-01T14:22:20.880590,IN_TRANSIT
SHP001585,O002903,BlueDart,2026-08-20T21:49:20.880590,2026-08-21T21:49:20.880590,2026-08-21T21:49:20.880590,DELAYED
SHP001586,O002994,BlueDart,2026-09-03T17:05:20.880590,2026-09-05T17:05:20.880590,2026-09-05T17:05:20.880590,DELIVERED
SHP001587,O004127,DHL,2026-08-11T03:04:20.880590,2026-08-17T03:04:20.880590,2026-08-18T03:04:20.880590,DELIVERED
SHP001588,O001201,DHL,2026-09-02T20:17:20.880590,2026-09-08T20:17:20.880590,2026-09-07T20:17:20.880590,DELIVERED
SHP001589,O004336,UPS,2026-08-22T23:09:20.880590,2026-08-26T23:09:20.880590,2026-08-26T23:09:20.880590,DELIVERED
SHP001590,O003848,BlueDart,2026-08-17T23:48:20.880590,2026-08-21T23:48:20.880590,2026-08-21T23:48:20.880590,DELIVERED
SHP001591,O000815,BlueDart,2026-08-16T03:56:20.880590,2026-08-20T03:56:20.880590,2026-08-22T03:56:20.880590,IN_TRANSIT
SHP001592,O004849,FedEx,2026-08-11T23:40:20.880590,2026-08-18T23:40:20.880590,2026-08-19T23:40:20.880590,DELIVERED
SHP001593,O002320,Delhivery,2026-08-23T22:50:20.880590,2026-08-27T22:50:20.880590,2026-08-27T22:50:20.880590,DELIVERED
SHP001594,O001177,UPS,2026-08-11T18:27:20.880590,2026-08-17T18:27:20.880590,2026-08-16T18:27:20.880590,DELIVERED
SHP001595,O002377,UPS,2026-08-24T02:57:20.880590,2026-08-27T02:57:20.880590,2026-08-26T02:57:20.880590,DELAYED
SHP001596,O002803,UPS,2026-08-09T16:33:20.880590,2026-08-14T16:33:20.880590,2026-08-13T16:33:20.880590,DELAYED
SHP001597,O004617,Delhivery,2026-08-08T17:15:20.880590,2026-08-13T17:15:20.880590,2026-08-13T17:15:20.880590,DELAYED
SHP001598,O003289,BlueDart,2026-08-29T15:09:20.880590,2026-08-31T15:09:20.880590,2026-09-02T15:09:20.880590,DELAYED
SHP001599,O001107,UPS,2026-08-28T19:51:20.880590,2026-09-01T19:51:20.880590,2026-08-31T19:51:20.880590,IN_TRANSIT
SHP001600,O000109,FedEx,2026-08-16T19:46:20.880590,2026-08-23T19:46:20.880590,2026-08-23T19:46:20.880590,DELIVERED
SHP001601,O001801,DHL,2026-08-31T00:06:20.880590,2026-09-01T00:06:20.880590,2026-08-31T00:06:20.880590,DELAYED
SHP001602,O002385,FedEx,2026-08-10T16:13:20.880590,2026-08-13T16:13:20.880590,2026-08-13T16:13:20.880590,DELAYED
SHP001603,O001852,DHL,2026-08-21T00:58:20.880590,2026-08-25T00:58:20.880590,2026-08-25T00:58:20.880590,DELIVERED
SHP001604,O004655,Delhivery,2026-08-26T23:28:20.880590,2026-09-01T23:28:20.880590,2026-09-02T23:28:20.880590,IN_TRANSIT
SHP001605,O003386,BlueDart,2026-08-19T09:56:20.880590,2026-08-21T09:56:20.880590,2026-08-23T09:56:20.880590,DELAYED
SHP001606,O001595,UPS,2026-08-29T15:45:20.880590,2026-08-30T15:45:20.880590,2026-09-01T15:45:20.880590,DELAYED
SHP001607,O001285,FedEx,2026-08-24T05:50:20.880590,2026-08-27T05:50:20.880590,2026-08-27T05:50:20.880590,IN_TRANSIT
SHP001608,O003312,DHL,2026-08-21T22:55:20.880590,2026-08-22T22:55:20.880590,2026-08-22T22:55:20.880590,DELIVERED
SHP001609,O000307,FedEx,2026-08-18T10:16:20.880590,2026-08-20T10:16:20.880590,2026-08-20T10:16:20.880590,DELIVERED
SHP001610,O003132,BlueDart,2026-08-24T00:02:20.880590,2026-08-28T00:02:20.880590,2026-08-27T00:02:20.880590,DELIVERED
SHP001611,O000646,UPS,2026-08-23T10:00:20.880590,2026-08-28T10:00:20.880590,2026-08-30T10:00:20.880590,DELAYED
SHP001612,O002150,DHL,2026-08-09T00:54:20.880590,2026-08-14T00:54:20.880590,2026-08-14T00:54:20.880590,DELAYED
SHP001613,O002760,DHL,2026-08-07T14:29:20.880590,2026-08-11T14:29:20.880590,2026-08-12T14:29:20.880590,IN_TRANSIT
SHP001614,O004443,DHL,2026-08-09T00:52:20.880590,2026-08-16T00:52:20.880590,2026-08-16T00:52:20.880590,DELIVERED
SHP001615,O001042,BlueDart,2026-09-02T09:57:20.880590,2026-09-07T09:57:20.880590,2026-09-09T09:57:20.880590,IN_TRANSIT
SHP001616,O003981,Delhivery,2026-08-19T14:14:20.880590,2026-08-20T14:14:20.880590,2026-08-22T14:14:20.880590,DELAYED
SHP001617,O001587,BlueDart,2026-08-24T10:14:20.880590,2026-08-25T10:14:20.880590,2026-08-25T10:14:20.880590,DELIVERED
SHP001618,O003203,Delhivery,2026-08-28T14:45:20.880590,2026-08-31T14:45:20.880590,2026-09-02T14:45:20.880590,IN_TRANSIT
SHP001619,O002482,FedEx,2026-08-20T20:05:20.880590,2026-08-21T20:05:20.880590,2026-08-21T20:05:20.880590,DELIVERED
SHP001620,O004550,FedEx,2026-08-18T20:53:20.880590,2026-08-21T20:53:20.880590,2026-08-23T20:53:20.880590,DELAYED
SHP001621,O001568,DHL,2026-08-24T22:33:20.880590,2026-08-26T22:33:20.880590,2026-08-27T22:33:20.880590,DELIVERED
SHP001622,O000630,UPS,2026-08-28T02:04:20.880590,2026-08-31T02:04:20.880590,2026-08-30T02:04:20.880590,DELIVERED
SHP001623,O000901,Delhivery,2026-08-10T09:53:20.880590,2026-08-11T09:53:20.880590,2026-08-11T09:53:20.880590,IN_TRANSIT
SHP001624,O004811,DHL,2026-08-24T09:11:20.880590,2026-08-27T09:11:20.880590,2026-08-26T09:11:20.880590,DELAYED
SHP001625,O004701,BlueDart,2026-08-18T08:53:20.880590,2026-08-19T08:53:20.880590,2026-08-20T08:53:20.880590,DELIVERED
SHP001626,O002161,BlueDart,2026-08-08T04:11:20.880590,2026-08-15T04:11:20.880590,2026-08-14T04:11:20.880590,DELAYED
SHP001627,O001017,DHL,2026-09-01T21:40:20.880590,2026-09-08T21:40:20.880590,2026-09-10T21:40:20.880590,DELAYED
SHP001628,O002584,BlueDart,2026-08-12T18:09:20.880590,2026-08-18T18:09:20.880590,2026-08-20T18:09:20.880590,DELIVERED
SHP001629,O003983,BlueDart,2026-08-20T21:13:20.880590,2026-08-25T21:13:20.880590,2026-08-27T21:13:20.880590,DELAYED
SHP001630,O002372,DHL,2026-08-16T16:20:20.880590,2026-08-17T16:20:20.880590,2026-08-17T16:20:20.880590,IN_TRANSIT
SHP001631,O002302,DHL,2026-08-10T15:09:20.880590,2026-08-12T15:09:20.880590,2026-08-11T15:09:20.880590,DELAYED
SHP001632,O000909,Delhivery,2026-08-11T18:37:20.880590,2026-08-17T18:37:20.880590,2026-08-16T18:37:20.880590,IN_TRANSIT
SHP001633,O002801,DHL,2026-08-07T12:01:20.880590,2026-08-13T12:01:20.880590,2026-08-13T12:01:20.880590,DELIVERED
SHP001634,O000949,BlueDart,2026-08-21T09:19:20.880590,2026-08-28T09:19:20.880590,2026-08-30T09:19:20.880590,DELAYED
SHP001635,O002538,UPS,2026-08-07T03:50:20.880590,2026-08-11T03:50:20.880590,2026-08-10T03:50:20.880590,DELAYED
SHP001636,O003393,DHL,2026-08-23T11:53:20.880590,2026-08-28T11:53:20.880590,2026-08-28T11:53:20.880590,DELIVERED
SHP001637,O003713,DHL,2026-08-24T15:27:20.880590,2026-08-27T15:27:20.880590,2026-08-29T15:27:20.880590,IN_TRANSIT
SHP001638,O001743,DHL,2026-08-31T00:34:20.880590,2026-09-01T00:34:20.880590,2026-09-01T00:34:20.880590,DELIVERED
SHP001639,O002898,BlueDart,2026-08-19T00:19:20.880590,2026-08-22T00:19:20.880590,2026-08-22T00:19:20.880590,IN_TRANSIT
SHP001640,O001250,BlueDart,2026-08-12T18:06:20.880590,2026-08-15T18:06:20.880590,2026-08-16T18:06:20.880590,DELAYED
SHP001641,O000448,BlueDart,2026-08-19T07:00:20.880590,2026-08-25T07:00:20.880590,2026-08-25T07:00:20.880590,DELIVERED
SHP001642,O001760,BlueDart,2026-08-17T04:25:20.880590,2026-08-20T04:25:20.880590,2026-08-20T04:25:20.880590,DELAYED
SHP001643,O004757,Delhivery,2026-09-04T14:41:20.880590,2026-09-09T14:41:20.880590,2026-09-10T14:41:20.880590,DELIVERED
SHP001644,O001882,FedEx,2026-09-03T13:26:20.880590,2026-09-08T13:26:20.880590,2026-09-07T13:26:20.880590,DELAYED
SHP001645,O003221,Delhivery,2026-08-17T11:16:20.880590,2026-08-20T11:16:20.880590,2026-08-19T11:16:20.880590,DELIVERED
SHP001646,O003314,UPS,2026-09-04T17:37:20.880590,2026-09-05T17:37:20.880590,2026-09-04T17:37:20.880590,IN_TRANSIT
SHP001647,O001837,FedEx,2026-08-07T19:53:20.880590,2026-08-11T19:53:20.880590,2026-08-12T19:53:20.880590,IN_TRANSIT
SHP001648,O000536,Delhivery,2026-08-17T16:43:20.880590,2026-08-18T16:43:20.880590,2026-08-18T16:43:20.880590,IN_TRANSIT
SHP001649,O001978,DHL,2026-08-25T02:35:20.880590,2026-08-31T02:35:20.880590,2026-08-30T02:35:20.880590,DELIVERED
SHP001650,O004374,Delhivery,2026-08-08T06:38:20.880590,2026-08-12T06:38:20.880590,2026-08-12T06:38:20.880590,IN_TRANSIT
SHP001651,O000776,FedEx,2026-08-25T13:58:20.880590,2026-08-28T13:58:20.880590,2026-08-28T13:58:20.880590,IN_TRANSIT
SHP001652,O003183,UPS,2026-08-08T18:19:20.880590,2026-08-09T18:19:20.880590,2026-08-08T18:19:20.880590,IN_TRANSIT
SHP001653,O002381,Delhivery,2026-08-27T02:54:20.880590,2026-08-31T02:54:20.880590,2026-09-01T02:54:20.880590,DELAYED
SHP001654,O004600,BlueDart,2026-08-20T17:26:20.880590,2026-08-27T17:26:20.880590,2026-08-29T17:26:20.880590,DELAYED
SHP001655,O002226,Delhivery,2026-09-02T22:52:20.880590,2026-09-05T22:52:20.880590,2026-09-07T22:52:20.880590,DELIVERED
SHP001656,O000100,FedEx,2026-08-28T07:49:20.880590,2026-09-01T07:49:20.880590,2026-08-31T07:49:20.880590,DELIVERED
SHP001657,O003736,BlueDart,2026-08-09T11:54:20.880590,2026-08-10T11:54:20.880590,2026-08-09T11:54:20.880590,IN_TRANSIT
SHP001658,O001818,BlueDart,2026-08-29T04:34:20.880590,2026-09-01T04:34:20.880590,2026-09-03T04:34:20.880590,IN_TRANSIT
SHP001659,O001617,FedEx,2026-09-03T03:52:20.880590,2026-09-10T03:52:20.880590,2026-09-09T03:52:20.880590,IN_TRANSIT
SHP001660,O000846,DHL,2026-08-31T01:55:20.880590,2026-09-01T01:55:20.880590,2026-09-02T01:55:20.880590,DELIVERED
SHP001661,O003467,DHL,2026-09-02T04:05:20.880590,2026-09-03T04:05:20.880590,2026-09-03T04:05:20.880590,DELAYED
SHP001662,O001395,DHL,2026-08-08T03:13:20.880590,2026-08-11T03:13:20.880590,2026-08-11T03:13:20.880590,IN_TRANSIT
SHP001663,O002922,UPS,2026-08-10T23:29:20.880590,2026-08-17T23:29:20.880590,2026-08-19T23:29:20.880590,IN_TRANSIT
SHP001664,O002289,FedEx,2026-08-27T10:28:20.880590,2026-08-29T10:28:20.880590,2026-08-29T10:28:20.880590,DELAYED
SHP001665,O002483,Delhivery,2026-08-30T16:17:20.880590,2026-09-05T16:17:20.880590,2026-09-06T16:17:20.880590,DELAYED
SHP001666,O003065,FedEx,2026-08-22T15:27:20.880590,2026-08-24T15:27:20.880590,2026-08-26T15:27:20.880590,DELIVERED
SHP001667,O000218,FedEx,2026-08-28T21:45:20.880590,2026-09-03T21:45:20.880590,2026-09-03T21:45:20.880590,IN_TRANSIT
SHP001668,O000011,DHL,2026-08-18T03:42:20.880590,2026-08-21T03:42:20.880590,2026-08-23T03:42:20.880590,DELAYED
SHP001669,O004781,FedEx,2026-09-02T17:07:20.880590,2026-09-06T17:07:20.880590,2026-09-07T17:07:20.880590,IN_TRANSIT
SHP001670,O003162,DHL,2026-08-16T19:38:20.880590,2026-08-22T19:38:20.880590,2026-08-24T19:38:20.880590,IN_TRANSIT
SHP001671,O003739,FedEx,2026-09-05T12:45:20.880590,2026-09-06T12:45:20.880590,2026-09-07T12:45:20.880590,DELIVERED
SHP001672,O002486,BlueDart,2026-09-01T21:44:20.880590,2026-09-07T21:44:20.880590,2026-09-07T21:44:20.880590,IN_TRANSIT
SHP001673,O004058,FedEx,2026-08-30T02:43:20.880590,2026-09-01T02:43:20.880590,2026-09-03T02:43:20.880590,IN_TRANSIT
SHP001674,O003082,UPS,2026-08-31T00:00:20.880590,2026-09-06T00:00:20.880590,2026-09-06T00:00:20.880590,DELAYED
SHP001675,O003926,BlueDart,2026-08-14T01:00:20.880590,2026-08-19T01:00:20.880590,2026-08-20T01:00:20.880590,DELAYED
SHP001676,O002137,DHL,2026-08-11T06:26:20.880590,2026-08-13T06:26:20.880590,2026-08-13T06:26:20.880590,DELAYED
SHP001677,O001019,BlueDart,2026-08-16T04:41:20.880590,2026-08-21T04:41:20.880590,2026-08-22T04:41:20.880590,IN_TRANSIT
SHP001678,O003527,DHL,2026-08-08T13:52:20.880590,2026-08-11T13:52:20.880590,2026-08-11T13:52:20.880590,DELAYED
SHP001679,O000830,BlueDart,2026-09-05T05:39:20.880590,2026-09-12T05:39:20.880590,2026-09-12T05:39:20.880590,IN_TRANSIT
SHP001680,O004977,FedEx,2026-08-28T02:35:20.880590,2026-08-29T02:35:20.880590,2026-08-28T02:35:20.880590,IN_TRANSIT
SHP001681,O002778,DHL,2026-08-13T06:14:20.880590,2026-08-17T06:14:20.880590,2026-08-19T06:14:20.880590,DELAYED
SHP001682,O001540,UPS,2026-09-03T22:16:20.880590,2026-09-10T22:16:20.880590,2026-09-10T22:16:20.880590,IN_TRANSIT
SHP001683,O003283,FedEx,2026-08-20T19:33:20.880590,2026-08-27T19:33:20.880590,2026-08-29T19:33:20.880590,DELAYED
SHP001684,O003669,DHL,2026-09-03T04:22:20.880590,2026-09-04T04:22:20.880590,2026-09-04T04:22:20.880590,DELAYED
SHP001685,O002685,UPS,2026-09-04T15:47:20.880590,2026-09-08T15:47:20.880590,2026-09-07T15:47:20.880590,DELIVERED
SHP001686,O001945,UPS,2026-09-03T08:00:20.880590,2026-09-09T08:00:20.880590,2026-09-09T08:00:20.880590,IN_TRANSIT
SHP001687,O004432,BlueDart,2026-08-11T13:36:20.880590,2026-08-15T13:36:20.880590,2026-08-17T13:36:20.880590,DELIVERED
SHP001688,O002640,FedEx,2026-08-23T12:56:20.880590,2026-08-28T12:56:20.880590,2026-08-27T12:56:20.880590,IN_TRANSIT
SHP001689,O001423,BlueDart,2026-08-08T03:28:20.880590,2026-08-09T03:28:20.880590,2026-08-08T03:28:20.880590,DELIVERED
SHP001690,O000911,DHL,2026-08-10T17:01:20.880590,2026-08-11T17:01:20.880590,2026-08-11T17:01:20.880590,IN_TRANSIT
SHP001691,O003402,DHL,2026-08-10T10:01:20.880590,2026-08-17T10:01:20.880590,2026-08-19T10:01:20.880590,IN_TRANSIT
SHP001692,O004603,UPS,2026-08-15T19:42:20.880590,2026-08-22T19:42:20.880590,2026-08-22T19:42:20.880590,DELAYED
SHP001693,O004213,DHL,2026-09-04T10:25:20.880590,2026-09-06T10:25:20.880590,2026-09-05T10:25:20.880590,DELIVERED
SHP001694,O000385,Delhivery,2026-08-07T02:44:20.880590,2026-08-12T02:44:20.880590,2026-08-12T02:44:20.880590,DELAYED
SHP001695,O004349,UPS,2026-08-15T20:27:20.880590,2026-08-21T20:27:20.880590,2026-08-22T20:27:20.880590,DELAYED
SHP001696,O000420,Delhivery,2026-09-04T11:31:20.880590,2026-09-11T11:31:20.880590,2026-09-12T11:31:20.880590,IN_TRANSIT
SHP001697,O001611,FedEx,2026-08-12T21:04:20.880590,2026-08-13T21:04:20.880590,2026-08-12T21:04:20.880590,IN_TRANSIT
SHP001698,O004336,DHL,2026-08-19T00:01:20.880590,2026-08-23T00:01:20.880590,2026-08-24T00:01:20.880590,DELAYED
SHP001699,O003381,UPS,2026-08-18T05:02:20.880590,2026-08-21T05:02:20.880590,2026-08-22T05:02:20.880590,DELIVERED
SHP001700,O001135,FedEx,2026-09-03T15:13:20.880590,2026-09-04T15:13:20.880590,2026-09-06T15:13:20.880590,DELAYED
SHP001701,O001145,DHL,2026-08-13T06:11:20.880590,2026-08-17T06:11:20.880590,2026-08-17T06:11:20.880590,DELIVERED
SHP001702,O003258,UPS,2026-08-31T00:14:20.880590,2026-09-01T00:14:20.880590,2026-09-02T00:14:20.880590,IN_TRANSIT
SHP001703,O001830,DHL,2026-08-09T22:22:20.880590,2026-08-11T22:22:20.880590,2026-08-11T22:22:20.880590,IN_TRANSIT
SHP001704,O000954,BlueDart,2026-08-18T23:22:20.880590,2026-08-23T23:22:20.880590,2026-08-23T23:22:20.880590,IN_TRANSIT
SHP001705,O001551,UPS,2026-08-30T02:54:20.880590,2026-09-05T02:54:20.880590,2026-09-07T02:54:20.880590,DELAYED
SHP001706,O003391,BlueDart,2026-08-10T01:38:20.880590,2026-08-14T01:38:20.880590,2026-08-14T01:38:20.880590,DELIVERED
SHP001707,O001208,FedEx,2026-08-18T03:43:20.880590,2026-08-25T03:43:20.880590,2026-08-27T03:43:20.880590,DELAYED
SHP001708,O004683,FedEx,2026-08-10T03:23:20.880590,2026-08-16T03:23:20.880590,2026-08-16T03:23:20.880590,IN_TRANSIT
SHP001709,O004372,FedEx,2026-08-13T10:14:20.880590,2026-08-19T10:14:20.880590,2026-08-20T10:14:20.880590,IN_TRANSIT
SHP001710,O001433,BlueDart,2026-08-11T16:29:20.880590,2026-08-16T16:29:20.880590,2026-08-16T16:29:20.880590,IN_TRANSIT
SHP001711,O002131,Delhivery,2026-09-02T14:23:20.880590,2026-09-09T14:23:20.880590,2026-09-11T14:23:20.880590,DELAYED
SHP001712,O001356,FedEx,2026-08-21T15:54:20.880590,2026-08-24T15:54:20.880590,2026-08-24T15:54:20.880590,DELAYED
SHP001713,O002108,UPS,2026-08-25T22:07:20.880590,2026-08-28T22:07:20.880590,2026-08-30T22:07:20.880590,IN_TRANSIT
SHP001714,O003517,Delhivery,2026-08-18T08:38:20.880590,2026-08-22T08:38:20.880590,2026-08-24T08:38:20.880590,DELIVERED
SHP001715,O000610,UPS,2026-08-12T08:16:20.880590,2026-08-19T08:16:20.880590,2026-08-19T08:16:20.880590,DELIVERED
SHP001716,O003491,UPS,2026-08-09T04:01:20.880590,2026-08-10T04:01:20.880590,2026-08-12T04:01:20.880590,DELAYED
SHP001717,O000201,UPS,2026-08-30T17:06:20.880590,2026-09-04T17:06:20.880590,2026-09-05T17:06:20.880590,IN_TRANSIT
SHP001718,O002736,UPS,2026-08-10T22:26:20.880590,2026-08-16T22:26:20.880590,2026-08-16T22:26:20.880590,DELAYED
SHP001719,O003184,FedEx,2026-08-09T14:21:20.880590,2026-08-16T14:21:20.880590,2026-08-17T14:21:20.880590,DELAYED
SHP001720,O004996,DHL,2026-08-28T20:30:20.880590,2026-08-30T20:30:20.880590,2026-08-30T20:30:20.880590,DELAYED
SHP001721,O001245,DHL,2026-08-11T12:25:20.880590,2026-08-17T12:25:20.880590,2026-08-17T12:25:20.880590,IN_TRANSIT
SHP001722,O003834,FedEx,2026-08-17T18:30:20.880590,2026-08-18T18:30:20.880590,2026-08-19T18:30:20.880590,DELIVERED
SHP001723,O003239,DHL,2026-08-25T02:52:20.880590,2026-08-27T02:52:20.880590,2026-08-27T02:52:20.880590,DELIVERED
SHP001724,O004168,UPS,2026-08-21T19:18:20.880590,2026-08-22T19:18:20.880590,2026-08-24T19:18:20.880590,DELIVERED
SHP001725,O002618,UPS,2026-08-15T00:47:20.880590,2026-08-21T00:47:20.880590,2026-08-23T00:47:20.880590,DELAYED
SHP001726,O004012,BlueDart,2026-09-01T21:34:20.880590,2026-09-08T21:34:20.880590,2026-09-08T21:34:20.880590,DELAYED
SHP001727,O004680,FedEx,2026-08-27T18:48:20.880590,2026-09-01T18:48:20.880590,2026-09-01T18:48:20.880590,IN_TRANSIT
SHP001728,O002588,UPS,2026-09-02T09:41:20.880590,2026-09-03T09:41:20.880590,2026-09-05T09:41:20.880590,DELAYED
SHP001729,O002088,BlueDart,2026-08-13T16:56:20.880590,2026-08-16T16:56:20.880590,2026-08-15T16:56:20.880590,DELIVERED
SHP001730,O003928,FedEx,2026-08-09T23:44:20.880590,2026-08-13T23:44:20.880590,2026-08-14T23:44:20.880590,DELIVERED
SHP001731,O004323,BlueDart,2026-08-16T23:59:20.880590,2026-08-18T23:59:20.880590,2026-08-18T23:59:20.880590,IN_TRANSIT
SHP001732,O003794,BlueDart,2026-09-05T18:35:20.880590,2026-09-06T18:35:20.880590,2026-09-05T18:35:20.880590,DELIVERED
SHP001733,O004552,UPS,2026-08-23T15:50:20.880590,2026-08-29T15:50:20.880590,2026-08-29T15:50:20.880590,DELIVERED
SHP001734,O000251,DHL,2026-08-16T12:36:20.880590,2026-08-21T12:36:20.880590,2026-08-20T12:36:20.880590,IN_TRANSIT
SHP001735,O002042,DHL,2026-08-25T04:03:20.880590,2026-08-31T04:03:20.880590,2026-09-02T04:03:20.880590,DELAYED
SHP001736,O004736,FedEx,2026-08-13T17:03:20.880590,2026-08-19T17:03:20.880590,2026-08-19T17:03:20.880590,DELAYED
SHP001737,O001142,Delhivery,2026-09-01T11:34:20.880590,2026-09-05T11:34:20.880590,2026-09-05T11:34:20.880590,DELIVERED
SHP001738,O000323,BlueDart,2026-08-12T02:15:20.880590,2026-08-18T02:15:20.880590,2026-08-20T02:15:20.880590,DELAYED
SHP001739,O000682,FedEx,2026-08-16T06:50:20.880590,2026-08-22T06:50:20.880590,2026-08-23T06:50:20.880590,DELIVERED
SHP001740,O002893,UPS,2026-08-26T11:33:20.880590,2026-08-31T11:33:20.880590,2026-08-31T11:33:20.880590,DELIVERED
SHP001741,O000022,BlueDart,2026-08-15T10:16:20.880590,2026-08-17T10:16:20.880590,2026-08-16T10:16:20.880590,DELIVERED
SHP001742,O003680,DHL,2026-09-04T03:32:20.880590,2026-09-09T03:32:20.880590,2026-09-09T03:32:20.880590,DELIVERED
SHP001743,O003850,UPS,2026-08-31T20:27:20.880590,2026-09-07T20:27:20.880590,2026-09-06T20:27:20.880590,IN_TRANSIT
SHP001744,O004015,Delhivery,2026-08-14T08:21:20.880590,2026-08-20T08:21:20.880590,2026-08-21T08:21:20.880590,DELIVERED
SHP001745,O003241,UPS,2026-09-04T16:42:20.880590,2026-09-05T16:42:20.880590,2026-09-05T16:42:20.880590,DELAYED
SHP001746,O002896,UPS,2026-08-21T22:50:20.880590,2026-08-22T22:50:20.880590,2026-08-21T22:50:20.880590,DELIVERED
SHP001747,O000662,DHL,2026-08-23T14:22:20.880590,2026-08-28T14:22:20.880590,2026-08-27T14:22:20.880590,DELAYED
SHP001748,O004406,UPS,2026-08-20T21:00:20.880590,2026-08-26T21:00:20.880590,2026-08-26T21:00:20.880590,DELIVERED
SHP001749,O001417,FedEx,2026-08-26T14:17:20.880590,2026-09-01T14:17:20.880590,2026-08-31T14:17:20.880590,DELIVERED
SHP001750,O003428,DHL,2026-08-16T14:34:20.880590,2026-08-20T14:34:20.880590,2026-08-20T14:34:20.880590,DELIVERED
SHP001751,O002640,DHL,2026-08-18T00:14:20.880590,2026-08-20T00:14:20.880590,2026-08-22T00:14:20.880590,DELIVERED
SHP001752,O001560,UPS,2026-08-07T04:29:20.880590,2026-08-13T04:29:20.880590,2026-08-13T04:29:20.880590,DELAYED
SHP001753,O001618,BlueDart,2026-08-19T13:24:20.880590,2026-08-22T13:24:20.880590,2026-08-22T13:24:20.880590,DELAYED
SHP001754,O003562,Delhivery,2026-08-12T06:43:20.880590,2026-08-14T06:43:20.880590,2026-08-16T06:43:20.880590,DELIVERED
SHP001755,O000917,BlueDart,2026-09-03T15:29:20.880590,2026-09-09T15:29:20.880590,2026-09-10T15:29:20.880590,DELIVERED
SHP001756,O003458,BlueDart,2026-08-12T16:49:20.880590,2026-08-17T16:49:20.880590,2026-08-18T16:49:20.880590,DELAYED
SHP001757,O002504,DHL,2026-08-28T12:08:20.880590,2026-08-30T12:08:20.880590,2026-08-30T12:08:20.880590,DELIVERED
SHP001758,O003063,UPS,2026-08-18T15:06:20.880590,2026-08-21T15:06:20.880590,2026-08-20T15:06:20.880590,DELIVERED
SHP001759,O000816,BlueDart,2026-08-24T18:53:20.880590,2026-08-28T18:53:20.880590,2026-08-28T18:53:20.880590,DELAYED
SHP001760,O000036,DHL,2026-08-28T04:33:20.880590,2026-09-03T04:33:20.880590,2026-09-05T04:33:20.880590,IN_TRANSIT
SHP001761,O002714,Delhivery,2026-08-20T06:20:20.880590,2026-08-21T06:20:20.880590,2026-08-20T06:20:20.880590,IN_TRANSIT
SHP001762,O000779,BlueDart,2026-09-05T21:49:20.880590,2026-09-09T21:49:20.880590,2026-09-09T21:49:20.880590,DELIVERED
SHP001763,O003383,FedEx,2026-09-02T11:02:20.880590,2026-09-07T11:02:20.880590,2026-09-06T11:02:20.880590,DELAYED
SHP001764,O002423,DHL,2026-08-12T22:58:20.880590,2026-08-13T22:58:20.880590,2026-08-13T22:58:20.880590,DELIVERED
SHP001765,O000149,Delhivery,2026-08-21T12:35:20.880590,2026-08-28T12:35:20.880590,2026-08-29T12:35:20.880590,DELAYED
SHP001766,O003406,DHL,2026-09-02T03:26:20.880590,2026-09-08T03:26:20.880590,2026-09-08T03:26:20.880590,DELIVERED
SHP001767,O001331,UPS,2026-08-22T01:45:20.880590,2026-08-25T01:45:20.880590,2026-08-25T01:45:20.880590,DELAYED
SHP001768,O001333,FedEx,2026-08-18T04:31:20.880590,2026-08-24T04:31:20.880590,2026-08-26T04:31:20.880590,DELIVERED
SHP001769,O004123,Delhivery,2026-08-21T19:43:20.880590,2026-08-23T19:43:20.880590,2026-08-24T19:43:20.880590,DELAYED
SHP001770,O002492,FedEx,2026-08-27T07:32:20.880590,2026-08-30T07:32:20.880590,2026-08-30T07:32:20.880590,DELAYED
SHP001771,O002508,BlueDart,2026-08-09T15:57:20.880590,2026-08-13T15:57:20.880590,2026-08-13T15:57:20.880590,IN_TRANSIT
SHP001772,O004881,UPS,2026-08-16T02:12:20.880590,2026-08-17T02:12:20.880590,2026-08-16T02:12:20.880590,DELIVERED
SHP001773,O002701,FedEx,2026-08-12T07:54:20.880590,2026-08-19T07:54:20.880590,2026-08-19T07:54:20.880590,IN_TRANSIT
SHP001774,O003567,FedEx,2026-08-30T02:41:20.880590,2026-09-03T02:41:20.880590,2026-09-04T02:41:20.880590,DELAYED
SHP001775,O004524,Delhivery,2026-08-31T18:50:20.880590,2026-09-02T18:50:20.880590,2026-09-03T18:50:20.880590,DELIVERED
SHP001776,O000676,BlueDart,2026-08-17T02:51:20.880590,2026-08-20T02:51:20.880590,2026-08-22T02:51:20.880590,DELAYED
SHP001777,O001950,DHL,2026-08-07T21:49:20.880590,2026-08-10T21:49:20.880590,2026-08-10T21:49:20.880590,DELAYED
SHP001778,O000058,Delhivery,2026-08-30T03:44:20.880590,2026-09-03T03:44:20.880590,2026-09-02T03:44:20.880590,DELAYED
SHP001779,O000553,UPS,2026-08-26T17:01:20.880590,2026-09-02T17:01:20.880590,2026-09-02T17:01:20.880590,DELIVERED
SHP001780,O001804,UPS,2026-09-03T18:46:20.880590,2026-09-09T18:46:20.880590,2026-09-09T18:46:20.880590,DELAYED
SHP001781,O002986,Delhivery,2026-08-20T11:39:20.880590,2026-08-22T11:39:20.880590,2026-08-21T11:39:20.880590,IN_TRANSIT
SHP001782,O004617,BlueDart,2026-08-23T02:34:20.880590,2026-08-27T02:34:20.880590,2026-08-27T02:34:20.880590,IN_TRANSIT
SHP001783,O004912,Delhivery,2026-08-29T15:05:20.880590,2026-09-05T15:05:20.880590,2026-09-04T15:05:20.880590,DELIVERED
SHP001784,O003680,Delhivery,2026-08-15T15:09:20.880590,2026-08-22T15:09:20.880590,2026-08-24T15:09:20.880590,DELIVERED
SHP001785,O002503,UPS,2026-08-07T21:25:20.880590,2026-08-11T21:25:20.880590,2026-08-12T21:25:20.880590,DELIVERED
SHP001786,O002049,UPS,2026-08-27T04:21:20.880590,2026-09-03T04:21:20.880590,2026-09-02T04:21:20.880590,DELIVERED
SHP001787,O000005,Delhivery,2026-08-24T18:22:20.880590,2026-08-29T18:22:20.880590,2026-08-29T18:22:20.880590,DELAYED
SHP001788,O003808,DHL,2026-09-02T00:29:20.880590,2026-09-09T00:29:20.880590,2026-09-08T00:29:20.880590,IN_TRANSIT
SHP001789,O001488,DHL,2026-08-14T16:47:20.880590,2026-08-21T16:47:20.880590,2026-08-21T16:47:20.880590,DELIVERED
SHP001790,O004274,Delhivery,2026-08-24T07:17:20.880590,2026-08-31T07:17:20.880590,2026-09-01T07:17:20.880590,DELIVERED
SHP001791,O004211,FedEx,2026-08-07T09:53:20.880590,2026-08-10T09:53:20.880590,2026-08-11T09:53:20.880590,IN_TRANSIT
SHP001792,O001065,Delhivery,2026-08-10T06:15:20.880590,2026-08-16T06:15:20.880590,2026-08-18T06:15:20.880590,DELAYED
SHP001793,O001862,DHL,2026-09-02T18:15:20.880590,2026-09-08T18:15:20.880590,2026-09-09T18:15:20.880590,IN_TRANSIT
SHP001794,O000867,DHL,2026-08-24T19:51:20.880590,2026-08-30T19:51:20.880590,2026-08-30T19:51:20.880590,DELAYED
SHP001795,O004951,BlueDart,2026-09-02T02:27:20.880590,2026-09-07T02:27:20.880590,2026-09-09T02:27:20.880590,DELIVERED
SHP001796,O000862,UPS,2026-08-28T07:00:20.880590,2026-09-03T07:00:20.880590,2026-09-04T07:00:20.880590,DELIVERED
SHP001797,O001731,Delhivery,2026-08-17T02:04:20.880590,2026-08-23T02:04:20.880590,2026-08-24T02:04:20.880590,DELAYED
SHP001798,O004253,UPS,2026-08-31T16:20:20.880590,2026-09-07T16:20:20.880590,2026-09-07T16:20:20.880590,DELAYED
SHP001799,O004595,Delhivery,2026-08-23T16:38:20.880590,2026-08-28T16:38:20.880590,2026-08-29T16:38:20.880590,DELAYED
SHP001800,O000860,Delhivery,2026-09-05T17:31:20.880590,2026-09-12T17:31:20.880590,2026-09-12T17:31:20.880590,DELIVERED
SHP001801,O003830,BlueDart,2026-09-02T05:53:20.880590,2026-09-08T05:53:20.880590,2026-09-08T05:53:20.880590,DELIVERED
SHP001802,O000071,DHL,2026-09-01T22:20:20.880590,2026-09-05T22:20:20.880590,2026-09-05T22:20:20.880590,IN_TRANSIT
SHP001803,O002332,Delhivery,2026-09-02T18:59:20.880590,2026-09-07T18:59:20.880590,2026-09-09T18:59:20.880590,DELAYED
SHP001804,O002435,UPS,2026-09-05T19:11:20.880590,2026-09-08T19:11:20.880590,2026-09-09T19:11:20.880590,DELAYED
SHP001805,O002070,UPS,2026-09-05T07:16:20.880590,2026-09-08T07:16:20.880590,2026-09-07T07:16:20.880590,DELIVERED
SHP001806,O003302,Delhivery,2026-08-27T15:00:20.880590,2026-09-03T15:00:20.880590,2026-09-03T15:00:20.880590,DELAYED
SHP001807,O001110,BlueDart,2026-08-26T10:46:20.880590,2026-09-01T10:46:20.880590,2026-09-01T10:46:20.880590,IN_TRANSIT
SHP001808,O001903,UPS,2026-09-05T19:58:20.880590,2026-09-12T19:58:20.880590,2026-09-13T19:58:20.880590,IN_TRANSIT
SHP001809,O000894,BlueDart,2026-09-01T21:52:20.880590,2026-09-02T21:52:20.880590,2026-09-02T21:52:20.880590,DELIVERED
SHP001810,O004750,Delhivery,2026-08-22T13:45:20.880590,2026-08-24T13:45:20.880590,2026-08-26T13:45:20.880590,DELAYED
SHP001811,O004651,DHL,2026-08-22T01:11:20.880590,2026-08-26T01:11:20.880590,2026-08-28T01:11:20.880590,DELAYED
SHP001812,O003516,UPS,2026-09-02T02:31:20.880590,2026-09-07T02:31:20.880590,2026-09-07T02:31:20.880590,IN_TRANSIT
SHP001813,O001827,BlueDart,2026-08-30T03:36:20.880590,2026-09-02T03:36:20.880590,2026-09-03T03:36:20.880590,DELAYED
SHP001814,O000591,BlueDart,2026-09-01T04:31:20.880590,2026-09-05T04:31:20.880590,2026-09-07T04:31:20.880590,IN_TRANSIT
SHP001815,O002512,DHL,2026-08-16T23:37:20.880590,2026-08-20T23:37:20.880590,2026-08-20T23:37:20.880590,DELIVERED
SHP001816,O000802,BlueDart,2026-08-27T05:08:20.880590,2026-08-31T05:08:20.880590,2026-09-01T05:08:20.880590,DELIVERED
SHP001817,O001584,UPS,2026-09-05T00:59:20.880590,2026-09-11T00:59:20.880590,2026-09-10T00:59:20.880590,DELAYED
SHP001818,O000022,BlueDart,2026-09-04T13:37:20.880590,2026-09-09T13:37:20.880590,2026-09-11T13:37:20.880590,DELIVERED
SHP001819,O004784,FedEx,2026-08-24T17:06:20.880590,2026-08-26T17:06:20.880590,2026-08-26T17:06:20.880590,DELIVERED
SHP001820,O002635,UPS,2026-08-29T20:41:20.880590,2026-08-30T20:41:20.880590,2026-08-30T20:41:20.880590,DELIVERED
SHP001821,O004765,Delhivery,2026-08-25T15:56:20.880590,2026-08-30T15:56:20.880590,2026-08-30T15:56:20.880590,DELIVERED
SHP001822,O002729,DHL,2026-09-01T06:53:20.880590,2026-09-07T06:53:20.880590,2026-09-07T06:53:20.880590,DELIVERED
SHP001823,O001133,BlueDart,2026-08-11T00:26:20.880590,2026-08-14T00:26:20.880590,2026-08-14T00:26:20.880590,DELIVERED
SHP001824,O001949,UPS,2026-08-27T22:19:20.880590,2026-09-02T22:19:20.880590,2026-09-02T22:19:20.880590,DELIVERED
SHP001825,O003691,FedEx,2026-08-20T00:25:20.880590,2026-08-23T00:25:20.880590,2026-08-25T00:25:20.880590,DELAYED
SHP001826,O001544,FedEx,2026-08-09T11:59:20.880590,2026-08-11T11:59:20.880590,2026-08-11T11:59:20.880590,IN_TRANSIT
SHP001827,O003992,DHL,2026-08-28T23:58:20.880590,2026-08-31T23:58:20.880590,2026-09-01T23:58:20.880590,DELAYED
SHP001828,O000274,Delhivery,2026-08-22T01:34:20.880590,2026-08-24T01:34:20.880590,2026-08-24T01:34:20.880590,IN_TRANSIT
SHP001829,O002824,BlueDart,2026-08-23T19:31:20.880590,2026-08-24T19:31:20.880590,2026-08-24T19:31:20.880590,DELIVERED
SHP001830,O003368,DHL,2026-08-08T22:08:20.880590,2026-08-12T22:08:20.880590,2026-08-12T22:08:20.880590,DELIVERED
SHP001831,O003426,UPS,2026-08-15T21:55:20.880590,2026-08-18T21:55:20.880590,2026-08-18T21:55:20.880590,DELAYED
SHP001832,O003852,BlueDart,2026-08-19T12:48:20.880590,2026-08-20T12:48:20.880590,2026-08-20T12:48:20.880590,DELIVERED
SHP001833,O004618,FedEx,2026-09-01T03:16:20.880590,2026-09-07T03:16:20.880590,2026-09-09T03:16:20.880590,DELIVERED
SHP001834,O001209,BlueDart,2026-09-04T22:51:20.880590,2026-09-10T22:51:20.880590,2026-09-09T22:51:20.880590,IN_TRANSIT
SHP001835,O000244,BlueDart,2026-08-21T20:19:20.880590,2026-08-27T20:19:20.880590,2026-08-28T20:19:20.880590,DELIVERED
SHP001836,O001384,FedEx,2026-08-14T01:25:20.880590,2026-08-19T01:25:20.880590,2026-08-19T01:25:20.880590,DELAYED
SHP001837,O000217,UPS,2026-09-04T20:04:20.880590,2026-09-08T20:04:20.880590,2026-09-08T20:04:20.880590,IN_TRANSIT
SHP001838,O004567,UPS,2026-08-26T03:20:20.880590,2026-08-28T03:20:20.880590,2026-08-27T03:20:20.880590,IN_TRANSIT
SHP001839,O003029,UPS,2026-08-23T22:37:20.880590,2026-08-30T22:37:20.880590,2026-08-30T22:37:20.880590,DELAYED
SHP001840,O000419,FedEx,2026-08-22T05:06:20.880590,2026-08-26T05:06:20.880590,2026-08-26T05:06:20.880590,DELAYED
SHP001841,O003512,DHL,2026-08-22T04:57:20.880590,2026-08-26T04:57:20.880590,2026-08-27T04:57:20.880590,IN_TRANSIT
SHP001842,O004963,UPS,2026-08-31T14:04:20.880590,2026-09-07T14:04:20.880590,2026-09-07T14:04:20.880590,DELIVERED
SHP001843,O001122,BlueDart,2026-09-05T11:12:20.880590,2026-09-09T11:12:20.880590,2026-09-09T11:12:20.880590,DELAYED
SHP001844,O000506,UPS,2026-09-03T09:26:20.880590,2026-09-09T09:26:20.880590,2026-09-10T09:26:20.880590,DELIVERED
SHP001845,O004257,FedEx,2026-08-08T09:20:20.880590,2026-08-14T09:20:20.880590,2026-08-14T09:20:20.880590,IN_TRANSIT
SHP001846,O003089,FedEx,2026-09-01T19:09:20.880590,2026-09-05T19:09:20.880590,2026-09-07T19:09:20.880590,DELIVERED
SHP001847,O001506,FedEx,2026-08-15T10:06:20.880590,2026-08-16T10:06:20.880590,2026-08-18T10:06:20.880590,IN_TRANSIT
SHP001848,O002763,DHL,2026-08-24T02:29:20.880590,2026-08-28T02:29:20.880590,2026-08-27T02:29:20.880590,IN_TRANSIT
SHP001849,O000305,BlueDart,2026-09-03T14:46:20.880590,2026-09-09T14:46:20.880590,2026-09-10T14:46:20.880590,DELIVERED
SHP001850,O002792,DHL,2026-08-10T02:44:20.880590,2026-08-12T02:44:20.880590,2026-08-11T02:44:20.880590,DELIVERED
SHP001851,O004785,FedEx,2026-08-16T11:44:20.880590,2026-08-19T11:44:20.880590,2026-08-19T11:44:20.880590,DELAYED
SHP001852,O003745,BlueDart,2026-08-08T13:38:20.880590,2026-08-13T13:38:20.880590,2026-08-14T13:38:20.880590,DELIVERED
SHP001853,O003133,FedEx,2026-08-12T06:29:20.880590,2026-08-18T06:29:20.880590,2026-08-17T06:29:20.880590,DELAYED
SHP001854,O001587,FedEx,2026-09-05T14:21:20.880590,2026-09-12T14:21:20.880590,2026-09-12T14:21:20.880590,DELAYED
SHP001855,O000595,Delhivery,2026-09-04T23:13:20.880590,2026-09-06T23:13:20.880590,2026-09-08T23:13:20.880590,IN_TRANSIT
SHP001856,O004993,FedEx,2026-09-05T14:04:20.880590,2026-09-06T14:04:20.880590,2026-09-05T14:04:20.880590,IN_TRANSIT
SHP001857,O000204,BlueDart,2026-08-17T06:26:20.880590,2026-08-18T06:26:20.880590,2026-08-18T06:26:20.880590,DELIVERED
SHP001858,O000346,DHL,2026-08-26T01:52:20.880590,2026-08-31T01:52:20.880590,2026-08-31T01:52:20.880590,DELIVERED
SHP001859,O001911,BlueDart,2026-08-30T07:27:20.880590,2026-09-03T07:27:20.880590,2026-09-03T07:27:20.880590,DELIVERED
SHP001860,O000444,UPS,2026-08-27T17:20:20.880590,2026-08-30T17:20:20.880590,2026-09-01T17:20:20.880590,DELAYED
SHP001861,O004023,Delhivery,2026-08-21T19:28:20.880590,2026-08-26T19:28:20.880590,2026-08-27T19:28:20.880590,DELIVERED
SHP001862,O001191,DHL,2026-08-31T23:26:20.880590,2026-09-04T23:26:20.880590,2026-09-04T23:26:20.880590,DELIVERED
SHP001863,O004248,DHL,2026-08-14T06:50:20.880590,2026-08-15T06:50:20.880590,2026-08-15T06:50:20.880590,IN_TRANSIT
SHP001864,O004534,DHL,2026-09-02T07:34:20.880590,2026-09-05T07:34:20.880590,2026-09-05T07:34:20.880590,IN_TRANSIT
SHP001865,O002996,Delhivery,2026-08-26T03:10:20.880590,2026-08-31T03:10:20.880590,2026-08-31T03:10:20.880590,DELIVERED
SHP001866,O004023,BlueDart,2026-08-19T09:08:20.880590,2026-08-20T09:08:20.880590,2026-08-22T09:08:20.880590,IN_TRANSIT
SHP001867,O003495,UPS,2026-08-07T22:39:20.880590,2026-08-11T22:39:20.880590,2026-08-11T22:39:20.880590,DELAYED
SHP001868,O002106,UPS,2026-09-04T14:57:20.880590,2026-09-06T14:57:20.880590,2026-09-06T14:57:20.880590,IN_TRANSIT
SHP001869,O003712,Delhivery,2026-08-16T23:00:20.880590,2026-08-20T23:00:20.880590,2026-08-20T23:00:20.880590,IN_TRANSIT
SHP001870,O004485,Delhivery,2026-08-29T13:53:20.880590,2026-09-01T13:53:20.880590,2026-08-31T13:53:20.880590,IN_TRANSIT
SHP001871,O004965,UPS,2026-08-07T05:21:20.880590,2026-08-11T05:21:20.880590,2026-08-11T05:21:20.880590,IN_TRANSIT
SHP001872,O003754,DHL,2026-08-28T08:42:20.880590,2026-09-01T08:42:20.880590,2026-08-31T08:42:20.880590,DELIVERED
SHP001873,O004211,Delhivery,2026-09-04T00:57:20.880590,2026-09-09T00:57:20.880590,2026-09-10T00:57:20.880590,DELIVERED
SHP001874,O002510,FedEx,2026-08-31T21:31:20.880590,2026-09-04T21:31:20.880590,2026-09-06T21:31:20.880590,DELIVERED
SHP001875,O001117,Delhivery,2026-09-03T07:23:20.880590,2026-09-10T07:23:20.880590,2026-09-10T07:23:20.880590,IN_TRANSIT
SHP001876,O003094,UPS,2026-08-10T07:11:20.880590,2026-08-11T07:11:20.880590,2026-08-12T07:11:20.880590,DELIVERED
SHP001877,O002799,FedEx,2026-08-07T02:50:20.880590,2026-08-14T02:50:20.880590,2026-08-15T02:50:20.880590,DELIVERED
SHP001878,O004227,BlueDart,2026-09-05T10:26:20.880590,2026-09-06T10:26:20.880590,2026-09-06T10:26:20.880590,IN_TRANSIT
SHP001879,O004447,Delhivery,2026-08-25T03:56:20.880590,2026-08-26T03:56:20.880590,2026-08-26T03:56:20.880590,DELIVERED
SHP001880,O003289,BlueDart,2026-09-05T05:50:20.880590,2026-09-08T05:50:20.880590,2026-09-09T05:50:20.880590,DELAYED
SHP001881,O000526,FedEx,2026-08-23T19:01:20.880590,2026-08-27T19:01:20.880590,2026-08-29T19:01:20.880590,DELAYED
SHP001882,O001010,FedEx,2026-08-15T17:56:20.880590,2026-08-22T17:56:20.880590,2026-08-22T17:56:20.880590,DELIVERED
SHP001883,O002958,FedEx,2026-09-01T09:25:20.880590,2026-09-04T09:25:20.880590,2026-09-04T09:25:20.880590,DELIVERED
SHP001884,O000148,DHL,2026-08-25T05:07:20.880590,2026-08-30T05:07:20.880590,2026-09-01T05:07:20.880590,DELIVERED
SHP001885,O004558,UPS,2026-09-04T03:07:20.880590,2026-09-09T03:07:20.880590,2026-09-08T03:07:20.880590,DELAYED
SHP001886,O000023,DHL,2026-08-27T02:00:20.880590,2026-08-31T02:00:20.880590,2026-08-30T02:00:20.880590,DELAYED
SHP001887,O003280,BlueDart,2026-08-30T11:19:20.880590,2026-09-06T11:19:20.880590,2026-09-05T11:19:20.880590,IN_TRANSIT
SHP001888,O000323,BlueDart,2026-08-14T19:42:20.880590,2026-08-18T19:42:20.880590,2026-08-17T19:42:20.880590,DELAYED
SHP001889,O003861,UPS,2026-08-09T13:17:20.880590,2026-08-10T13:17:20.880590,2026-08-10T13:17:20.880590,DELIVERED
SHP001890,O003479,Delhivery,2026-08-17T07:06:20.880590,2026-08-22T07:06:20.880590,2026-08-22T07:06:20.880590,DELAYED
SHP001891,O004892,BlueDart,2026-08-27T04:53:20.880590,2026-08-31T04:53:20.880590,2026-08-31T04:53:20.880590,DELAYED
SHP001892,O003378,DHL,2026-08-20T10:11:20.880590,2026-08-26T10:11:20.880590,2026-08-25T10:11:20.880590,IN_TRANSIT
SHP001893,O000751,DHL,2026-08-10T03:00:20.880590,2026-08-17T03:00:20.880590,2026-08-19T03:00:20.880590,DELIVERED
SHP001894,O003842,DHL,2026-08-09T09:23:20.880590,2026-08-16T09:23:20.880590,2026-08-15T09:23:20.880590,IN_TRANSIT
SHP001895,O002967,DHL,2026-09-01T07:55:20.880590,2026-09-07T07:55:20.880590,2026-09-07T07:55:20.880590,DELIVERED
SHP001896,O000394,FedEx,2026-08-23T23:59:20.880590,2026-08-26T23:59:20.880590,2026-08-26T23:59:20.880590,DELAYED
SHP001897,O001340,FedEx,2026-08-28T14:39:20.880590,2026-09-03T14:39:20.880590,2026-09-05T14:39:20.880590,DELIVERED
SHP001898,O000671,DHL,2026-08-08T13:12:20.880590,2026-08-14T13:12:20.880590,2026-08-14T13:12:20.880590,DELAYED
SHP001899,O002986,Delhivery,2026-08-28T11:30:20.880590,2026-09-04T11:30:20.880590,2026-09-06T11:30:20.880590,IN_TRANSIT
SHP001900,O003775,UPS,2026-08-19T07:16:20.880590,2026-08-25T07:16:20.880590,2026-08-25T07:16:20.880590,DELAYED
SHP001901,O002633,Delhivery,2026-08-26T06:38:20.880590,2026-09-02T06:38:20.880590,2026-09-03T06:38:20.880590,DELAYED
SHP001902,O002085,FedEx,2026-08-21T03:10:20.880590,2026-08-24T03:10:20.880590,2026-08-24T03:10:20.880590,IN_TRANSIT
SHP001903,O002113,FedEx,2026-09-04T01:44:20.880590,2026-09-05T01:44:20.880590,2026-09-05T01:44:20.880590,DELIVERED
SHP001904,O002329,DHL,2026-08-25T11:11:20.880590,2026-08-28T11:11:20.880590,2026-08-28T11:11:20.880590,IN_TRANSIT
SHP001905,O000323,UPS,2026-08-20T08:03:20.880590,2026-08-21T08:03:20.880590,2026-08-21T08:03:20.880590,DELIVERED
SHP001906,O001883,BlueDart,2026-08-27T22:18:20.880590,2026-09-03T22:18:20.880590,2026-09-04T22:18:20.880590,IN_TRANSIT
SHP001907,O004981,BlueDart,2026-09-02T03:45:20.880590,2026-09-06T03:45:20.880590,2026-09-08T03:45:20.880590,DELIVERED
SHP001908,O000040,Delhivery,2026-08-24T04:53:20.880590,2026-08-27T04:53:20.880590,2026-08-27T04:53:20.880590,IN_TRANSIT
SHP001909,O003751,UPS,2026-08-11T01:58:20.880590,2026-08-16T01:58:20.880590,2026-08-15T01:58:20.880590,IN_TRANSIT
SHP001910,O002444,Delhivery,2026-08-30T18:26:20.880590,2026-09-05T18:26:20.880590,2026-09-06T18:26:20.880590,DELAYED
SHP001911,O000646,UPS,2026-08-30T05:31:20.880590,2026-09-02T05:31:20.880590,2026-09-04T05:31:20.880590,DELAYED
SHP001912,O004224,DHL,2026-08-08T15:29:20.880590,2026-08-10T15:29:20.880590,2026-08-10T15:29:20.880590,DELAYED
SHP001913,O001401,UPS,2026-08-25T07:09:20.880590,2026-08-31T07:09:20.880590,2026-08-30T07:09:20.880590,DELAYED
SHP001914,O003639,UPS,2026-08-23T05:42:20.880590,2026-08-26T05:42:20.880590,2026-08-26T05:42:20.880590,DELIVERED
SHP001915,O004732,Delhivery,2026-09-01T18:28:20.880590,2026-09-05T18:28:20.880590,2026-09-05T18:28:20.880590,DELIVERED
SHP001916,O003063,FedEx,2026-08-18T19:41:20.880590,2026-08-21T19:41:20.880590,2026-08-21T19:41:20.880590,IN_TRANSIT
SHP001917,O000896,DHL,2026-09-02T23:07:20.880590,2026-09-03T23:07:20.880590,2026-09-02T23:07:20.880590,DELAYED
SHP001918,O004245,UPS,2026-08-09T15:24:20.880590,2026-08-16T15:24:20.880590,2026-08-15T15:24:20.880590,DELAYED
SHP001919,O003362,BlueDart,2026-08-18T10:47:20.880590,2026-08-23T10:47:20.880590,2026-08-25T10:47:20.880590,DELAYED
SHP001920,O004887,FedEx,2026-08-21T16:35:20.880590,2026-08-28T16:35:20.880590,2026-08-28T16:35:20.880590,DELIVERED
SHP001921,O002925,Delhivery,2026-08-18T02:34:20.880590,2026-08-22T02:34:20.880590,2026-08-21T02:34:20.880590,DELAYED
SHP001922,O000429,BlueDart,2026-08-16T14:24:20.880590,2026-08-22T14:24:20.880590,2026-08-22T14:24:20.880590,DELAYED
SHP001923,O004358,DHL,2026-08-19T13:47:20.880590,2026-08-26T13:47:20.880590,2026-08-25T13:47:20.880590,DELIVERED
SHP001924,O003430,UPS,2026-08-13T18:51:20.880590,2026-08-15T18:51:20.880590,2026-08-15T18:51:20.880590,DELAYED
SHP001925,O001100,DHL,2026-08-29T14:27:20.880590,2026-09-01T14:27:20.880590,2026-09-01T14:27:20.880590,IN_TRANSIT
SHP001926,O001344,Delhivery,2026-08-31T22:30:20.880590,2026-09-05T22:30:20.880590,2026-09-06T22:30:20.880590,DELAYED
SHP001927,O004996,FedEx,2026-08-11T16:48:20.880590,2026-08-12T16:48:20.880590,2026-08-12T16:48:20.880590,IN_TRANSIT
SHP001928,O004988,Delhivery,2026-08-18T16:21:20.880590,2026-08-21T16:21:20.880590,2026-08-22T16:21:20.880590,IN_TRANSIT
SHP001929,O000041,UPS,2026-08-24T15:40:20.880590,2026-08-26T15:40:20.880590,2026-08-28T15:40:20.880590,DELIVERED
SHP001930,O000850,BlueDart,2026-08-27T19:07:20.880590,2026-09-02T19:07:20.880590,2026-09-04T19:07:20.880590,IN_TRANSIT
SHP001931,O001477,DHL,2026-08-28T15:37:20.880590,2026-08-31T15:37:20.880590,2026-09-01T15:37:20.880590,DELIVERED
SHP001932,O001501,BlueDart,2026-08-27T21:41:20.880590,2026-08-30T21:41:20.880590,2026-09-01T21:41:20.880590,DELIVERED
SHP001933,O002820,FedEx,2026-08-19T09:53:20.880590,2026-08-24T09:53:20.880590,2026-08-24T09:53:20.880590,IN_TRANSIT
SHP001934,O003506,Delhivery,2026-08-27T08:34:20.880590,2026-09-01T08:34:20.880590,2026-09-03T08:34:20.880590,DELAYED
SHP001935,O003728,Delhivery,2026-09-04T05:09:20.880590,2026-09-09T05:09:20.880590,2026-09-11T05:09:20.880590,IN_TRANSIT
SHP001936,O002709,UPS,2026-08-28T11:28:20.880590,2026-08-31T11:28:20.880590,2026-08-31T11:28:20.880590,DELAYED
SHP001937,O003703,UPS,2026-08-18T19:12:20.880590,2026-08-19T19:12:20.880590,2026-08-19T19:12:20.880590,IN_TRANSIT
SHP001938,O000947,Delhivery,2026-08-07T06:04:20.880590,2026-08-09T06:04:20.880590,2026-08-11T06:04:20.880590,DELAYED
SHP001939,O003408,DHL,2026-08-16T18:06:20.880590,2026-08-22T18:06:20.880590,2026-08-22T18:06:20.880590,DELAYED
SHP001940,O001491,BlueDart,2026-08-26T20:30:20.880590,2026-08-29T20:30:20.880590,2026-08-28T20:30:20.880590,DELAYED
SHP001941,O001711,UPS,2026-09-02T12:29:20.880590,2026-09-06T12:29:20.880590,2026-09-06T12:29:20.880590,DELAYED
SHP001942,O000223,DHL,2026-09-03T11:50:20.880590,2026-09-05T11:50:20.880590,2026-09-05T11:50:20.880590,DELAYED
SHP001943,O002414,BlueDart,2026-08-20T02:10:20.880590,2026-08-25T02:10:20.880590,2026-08-25T02:10:20.880590,IN_TRANSIT
SHP001944,O003336,DHL,2026-08-22T23:08:20.880590,2026-08-23T23:08:20.880590,2026-08-23T23:08:20.880590,IN_TRANSIT
SHP001945,O003294,FedEx,2026-09-01T06:57:20.880590,2026-09-07T06:57:20.880590,2026-09-07T06:57:20.880590,DELAYED
SHP001946,O000509,BlueDart,2026-08-17T23:33:20.880590,2026-08-18T23:33:20.880590,2026-08-19T23:33:20.880590,IN_TRANSIT
SHP001947,O002068,Delhivery,2026-09-03T23:17:20.880590,2026-09-04T23:17:20.880590,2026-09-04T23:17:20.880590,DELIVERED
SHP001948,O003103,DHL,2026-08-11T16:58:20.880590,2026-08-13T16:58:20.880590,2026-08-13T16:58:20.880590,IN_TRANSIT
SHP001949,O002454,FedEx,2026-09-04T23:43:20.880590,2026-09-06T23:43:20.880590,2026-09-05T23:43:20.880590,DELIVERED
SHP001950,O001444,BlueDart,2026-08-27T02:00:20.880590,2026-08-28T02:00:20.880590,2026-08-30T02:00:20.880590,IN_TRANSIT
SHP001951,O001327,UPS,2026-09-04T23:48:20.880590,2026-09-07T23:48:20.880590,2026-09-08T23:48:20.880590,IN_TRANSIT
SHP001952,O001541,DHL,2026-08-26T02:23:20.880590,2026-09-02T02:23:20.880590,2026-09-01T02:23:20.880590,DELIVERED
SHP001953,O000627,FedEx,2026-09-04T12:40:20.880590,2026-09-09T12:40:20.880590,2026-09-08T12:40:20.880590,IN_TRANSIT
SHP001954,O001524,Delhivery,2026-08-31T20:11:20.880590,2026-09-04T20:11:20.880590,2026-09-06T20:11:20.880590,DELIVERED
SHP001955,O003410,DHL,2026-08-25T00:57:20.880590,2026-08-28T00:57:20.880590,2026-08-28T00:57:20.880590,IN_TRANSIT
SHP001956,O004184,UPS,2026-09-04T09:26:20.880590,2026-09-09T09:26:20.880590,2026-09-10T09:26:20.880590,IN_TRANSIT
SHP001957,O002898,BlueDart,2026-08-17T14:26:20.880590,2026-08-20T14:26:20.880590,2026-08-20T14:26:20.880590,DELIVERED
SHP001958,O000236,FedEx,2026-08-30T20:32:20.880590,2026-09-05T20:32:20.880590,2026-09-07T20:32:20.880590,DELAYED
SHP001959,O001442,UPS,2026-08-30T19:51:20.880590,2026-09-01T19:51:20.880590,2026-08-31T19:51:20.880590,DELIVERED
SHP001960,O004427,BlueDart,2026-08-30T21:00:20.880590,2026-09-03T21:00:20.880590,2026-09-05T21:00:20.880590,DELIVERED
SHP001961,O002233,BlueDart,2026-08-21T10:40:20.880590,2026-08-26T10:40:20.880590,2026-08-28T10:40:20.880590,DELAYED
SHP001962,O001439,Delhivery,2026-08-21T04:11:20.880590,2026-08-26T04:11:20.880590,2026-08-26T04:11:20.880590,DELAYED
SHP001963,O002348,BlueDart,2026-08-31T07:10:20.880590,2026-09-01T07:10:20.880590,2026-09-01T07:10:20.880590,DELIVERED
SHP001964,O001987,DHL,2026-08-09T01:58:20.880590,2026-08-15T01:58:20.880590,2026-08-15T01:58:20.880590,DELAYED
SHP001965,O004427,Delhivery,2026-08-14T16:26:20.880590,2026-08-21T16:26:20.880590,2026-08-22T16:26:20.880590,DELIVERED
SHP001966,O001718,FedEx,2026-08-14T16:27:20.880590,2026-08-15T16:27:20.880590,2026-08-15T16:27:20.880590,IN_TRANSIT
SHP001967,O004285,BlueDart,2026-08-24T10:15:20.880590,2026-08-27T10:15:20.880590,2026-08-27T10:15:20.880590,IN_TRANSIT
SHP001968,O004466,BlueDart,2026-08-28T22:17:20.880590,2026-08-30T22:17:20.880590,2026-08-31T22:17:20.880590,DELAYED
SHP001969,O001525,BlueDart,2026-08-22T10:31:20.880590,2026-08-24T10:31:20.880590,2026-08-26T10:31:20.880590,IN_TRANSIT
SHP001970,O000239,FedEx,2026-08-24T07:04:20.880590,2026-08-26T07:04:20.880590,2026-08-25T07:04:20.880590,DELAYED
SHP001971,O003677,Delhivery,2026-08-29T01:06:20.880590,2026-08-31T01:06:20.880590,2026-08-31T01:06:20.880590,IN_TRANSIT
SHP001972,O000060,BlueDart,2026-08-10T16:47:20.880590,2026-08-12T16:47:20.880590,2026-08-14T16:47:20.880590,DELIVERED
SHP001973,O002179,UPS,2026-08-17T03:45:20.880590,2026-08-24T03:45:20.880590,2026-08-24T03:45:20.880590,IN_TRANSIT
SHP001974,O002803,BlueDart,2026-08-18T02:31:20.880590,2026-08-20T02:31:20.880590,2026-08-20T02:31:20.880590,DELAYED
SHP001975,O003711,BlueDart,2026-08-12T22:23:20.880590,2026-08-18T22:23:20.880590,2026-08-17T22:23:20.880590,DELIVERED
SHP001976,O002709,FedEx,2026-08-18T15:36:20.880590,2026-08-21T15:36:20.880590,2026-08-23T15:36:20.880590,IN_TRANSIT
SHP001977,O003849,FedEx,2026-09-02T15:18:20.880590,2026-09-03T15:18:20.880590,2026-09-03T15:18:20.880590,IN_TRANSIT
SHP001978,O001037,FedEx,2026-08-17T02:23:20.880590,2026-08-22T02:23:20.880590,2026-08-22T02:23:20.880590,IN_TRANSIT
SHP001979,O002558,FedEx,2026-08-08T02:09:20.880590,2026-08-15T02:09:20.880590,2026-08-15T02:09:20.880590,DELIVERED
SHP001980,O002713,UPS,2026-08-13T23:52:20.880590,2026-08-16T23:52:20.880590,2026-08-16T23:52:20.880590,IN_TRANSIT
SHP001981,O004945,FedEx,2026-08-30T18:42:20.880590,2026-09-04T18:42:20.880590,2026-09-05T18:42:20.880590,IN_TRANSIT
SHP001982,O000317,UPS,2026-09-05T14:33:20.880590,2026-09-06T14:33:20.880590,2026-09-05T14:33:20.880590,IN_TRANSIT
SHP001983,O004571,Delhivery,2026-08-28T18:04:20.880590,2026-09-04T18:04:20.880590,2026-09-03T18:04:20.880590,IN_TRANSIT
SHP001984,O003452,UPS,2026-09-02T15:03:20.880590,2026-09-06T15:03:20.880590,2026-09-07T15:03:20.880590,DELIVERED
SHP001985,O003203,UPS,2026-08-31T01:44:20.880590,2026-09-04T01:44:20.880590,2026-09-06T01:44:20.880590,DELIVERED
SHP001986,O002282,Delhivery,2026-08-20T13:50:20.880590,2026-08-26T13:50:20.880590,2026-08-26T13:50:20.880590,DELAYED
SHP001987,O004092,FedEx,2026-08-26T16:26:20.880590,2026-08-28T16:26:20.880590,2026-08-28T16:26:20.880590,DELAYED
SHP001988,O000578,FedEx,2026-08-15T04:11:20.880590,2026-08-18T04:11:20.880590,2026-08-20T04:11:20.880590,DELAYED
SHP001989,O002886,Delhivery,2026-08-22T02:11:20.880590,2026-08-26T02:11:20.880590,2026-08-27T02:11:20.880590,DELIVERED
SHP001990,O003468,FedEx,2026-08-07T12:57:20.880590,2026-08-09T12:57:20.880590,2026-08-11T12:57:20.880590,IN_TRANSIT
SHP001991,O004774,Delhivery,2026-08-21T07:03:20.880590,2026-08-27T07:03:20.880590,2026-08-27T07:03:20.880590,DELIVERED
SHP001992,O002250,DHL,2026-08-26T06:04:20.880590,2026-08-30T06:04:20.880590,2026-08-31T06:04:20.880590,DELIVERED
SHP001993,O004548,Delhivery,2026-09-05T00:17:20.880590,2026-09-08T00:17:20.880590,2026-09-08T00:17:20.880590,DELIVERED
SHP001994,O001055,DHL,2026-08-10T22:24:20.880590,2026-08-12T22:24:20.880590,2026-08-12T22:24:20.880590,DELAYED
SHP001995,O000238,DHL,2026-08-30T08:16:20.880590,2026-09-01T08:16:20.880590,2026-09-03T08:16:20.880590,IN_TRANSIT
SHP001996,O003080,FedEx,2026-08-11T04:56:20.880590,2026-08-16T04:56:20.880590,2026-08-16T04:56:20.880590,DELIVERED
SHP001997,O003476,Delhivery,2026-08-23T06:06:20.880590,2026-08-28T06:06:20.880590,2026-08-27T06:06:20.880590,IN_TRANSIT
SHP001998,O000621,DHL,2026-09-01T00:06:20.880590,2026-09-06T00:06:20.880590,2026-09-05T00:06:20.880590,DELIVERED
SHP001999,O001790,FedEx,2026-08-23T17:09:20.880590,2026-08-27T17:09:20.880590,2026-08-27T17:09:20.880590,DELIVERED
SHP002000,O003308,BlueDart,2026-08-21T21:34:20.880590,2026-08-22T21:34:20.880590,2026-08-22T21:34:20.880590,DELAYED
SHP002001,O003686,BlueDart,2026-09-05T21:52:20.880590,2026-09-07T21:52:20.880590,2026-09-09T21:52:20.880590,IN_TRANSIT
SHP002002,O002612,BlueDart,2026-08-10T06:50:20.880590,2026-08-13T06:50:20.880590,2026-08-15T06:50:20.880590,IN_TRANSIT
SHP002003,O003016,BlueDart,2026-09-04T07:42:20.880590,2026-09-10T07:42:20.880590,2026-09-12T07:42:20.880590,DELAYED
SHP002004,O002896,BlueDart,2026-08-20T12:31:20.880590,2026-08-23T12:31:20.880590,2026-08-25T12:31:20.880590,IN_TRANSIT
SHP002005,O004670,UPS,2026-09-03T21:27:20.880590,2026-09-06T21:27:20.880590,2026-09-05T21:27:20.880590,IN_TRANSIT
SHP002006,O001967,BlueDart,2026-08-21T19:32:20.880590,2026-08-23T19:32:20.880590,2026-08-25T19:32:20.880590,DELAYED
SHP002007,O000680,BlueDart,2026-09-04T19:13:20.880590,2026-09-05T19:13:20.880590,2026-09-05T19:13:20.880590,DELAYED
SHP002008,O002345,DHL,2026-08-23T15:36:20.880590,2026-08-28T15:36:20.880590,2026-08-28T15:36:20.880590,DELAYED
SHP002009,O001315,UPS,2026-08-22T18:13:20.880590,2026-08-24T18:13:20.880590,2026-08-24T18:13:20.880590,DELIVERED
SHP002010,O003713,Delhivery,2026-08-09T20:48:20.880590,2026-08-15T20:48:20.880590,2026-08-17T20:48:20.880590,DELIVERED
SHP002011,O003231,UPS,2026-08-10T10:34:20.880590,2026-08-11T10:34:20.880590,2026-08-10T10:34:20.880590,DELAYED
SHP002012,O001516,DHL,2026-09-04T16:37:20.880590,2026-09-07T16:37:20.880590,2026-09-07T16:37:20.880590,IN_TRANSIT
SHP002013,O002424,UPS,2026-08-20T12:04:20.880590,2026-08-22T12:04:20.880590,2026-08-21T12:04:20.880590,DELIVERED
SHP002014,O001111,BlueDart,2026-08-08T21:30:20.880590,2026-08-14T21:30:20.880590,2026-08-15T21:30:20.880590,DELAYED
SHP002015,O003795,FedEx,2026-08-18T23:40:20.880590,2026-08-19T23:40:20.880590,2026-08-21T23:40:20.880590,DELAYED
SHP002016,O001160,UPS,2026-08-31T22:48:20.880590,2026-09-01T22:48:20.880590,2026-09-01T22:48:20.880590,DELAYED
SHP002017,O001983,FedEx,2026-08-23T13:13:20.880590,2026-08-29T13:13:20.880590,2026-08-28T13:13:20.880590,DELIVERED
SHP002018,O002341,DHL,2026-08-20T00:10:20.880590,2026-08-26T00:10:20.880590,2026-08-26T00:10:20.880590,DELAYED
SHP002019,O003576,FedEx,2026-08-16T04:10:20.880590,2026-08-19T04:10:20.880590,2026-08-18T04:10:20.880590,DELAYED
SHP002020,O000740,FedEx,2026-08-18T11:02:20.880590,2026-08-25T11:02:20.880590,2026-08-24T11:02:20.880590,DELAYED
SHP002021,O002964,FedEx,2026-08-08T19:46:20.880590,2026-08-11T19:46:20.880590,2026-08-12T19:46:20.880590,DELAYED
SHP002022,O004776,Delhivery,2026-08-21T11:38:20.880590,2026-08-22T11:38:20.880590,2026-08-21T11:38:20.880590,IN_TRANSIT
SHP002023,O004979,UPS,2026-08-28T20:00:20.880590,2026-08-29T20:00:20.880590,2026-08-29T20:00:20.880590,DELAYED
SHP002024,O001261,UPS,2026-08-17T19:55:20.880590,2026-08-20T19:55:20.880590,2026-08-21T19:55:20.880590,DELIVERED
SHP002025,O004536,Delhivery,2026-08-10T23:43:20.880590,2026-08-11T23:43:20.880590,2026-08-10T23:43:20.880590,DELIVERED
SHP002026,O001911,UPS,2026-08-20T19:56:20.880590,2026-08-27T19:56:20.880590,2026-08-29T19:56:20.880590,DELAYED
SHP002027,O003875,DHL,2026-08-23T18:09:20.880590,2026-08-25T18:09:20.880590,2026-08-25T18:09:20.880590,DELAYED
SHP002028,O003543,FedEx,2026-09-04T10:20:20.880590,2026-09-08T10:20:20.880590,2026-09-09T10:20:20.880590,DELAYED
SHP002029,O000715,FedEx,2026-08-25T23:48:20.880590,2026-08-29T23:48:20.880590,2026-08-29T23:48:20.880590,IN_TRANSIT
SHP002030,O000951,DHL,2026-08-12T21:41:20.880590,2026-08-14T21:41:20.880590,2026-08-13T21:41:20.880590,DELIVERED
SHP002031,O000708,FedEx,2026-09-04T05:47:20.880590,2026-09-09T05:47:20.880590,2026-09-08T05:47:20.880590,DELIVERED
SHP002032,O000756,UPS,2026-08-08T20:29:20.880590,2026-08-13T20:29:20.880590,2026-08-13T20:29:20.880590,DELAYED
SHP002033,O001334,Delhivery,2026-08-08T14:57:20.880590,2026-08-13T14:57:20.880590,2026-08-15T14:57:20.880590,DELIVERED
SHP002034,O004465,Delhivery,2026-09-01T08:46:20.880590,2026-09-07T08:46:20.880590,2026-09-06T08:46:20.880590,DELAYED
SHP002035,O003377,UPS,2026-08-24T08:18:20.880590,2026-08-31T08:18:20.880590,2026-08-31T08:18:20.880590,DELIVERED
SHP002036,O000959,Delhivery,2026-08-15T15:02:20.880590,2026-08-16T15:02:20.880590,2026-08-18T15:02:20.880590,DELAYED
SHP002037,O004204,FedEx,2026-08-08T16:50:20.880590,2026-08-09T16:50:20.880590,2026-08-09T16:50:20.880590,DELIVERED
SHP002038,O003216,Delhivery,2026-08-21T15:57:20.880590,2026-08-27T15:57:20.880590,2026-08-27T15:57:20.880590,DELIVERED
SHP002039,O001242,FedEx,2026-08-27T04:29:20.880590,2026-09-03T04:29:20.880590,2026-09-04T04:29:20.880590,DELAYED
SHP002040,O004007,DHL,2026-08-25T04:53:20.880590,2026-08-28T04:53:20.880590,2026-08-27T04:53:20.880590,IN_TRANSIT
SHP002041,O000093,FedEx,2026-08-10T22:20:20.880590,2026-08-16T22:20:20.880590,2026-08-18T22:20:20.880590,DELAYED
SHP002042,O000944,Delhivery,2026-08-11T06:10:20.880590,2026-08-18T06:10:20.880590,2026-08-19T06:10:20.880590,IN_TRANSIT
SHP002043,O002631,DHL,2026-08-08T16:28:20.880590,2026-08-09T16:28:20.880590,2026-08-09T16:28:20.880590,DELAYED
SHP002044,O001302,DHL,2026-08-16T10:21:20.880590,2026-08-23T10:21:20.880590,2026-08-23T10:21:20.880590,IN_TRANSIT
SHP002045,O004854,UPS,2026-08-19T01:13:20.880590,2026-08-23T01:13:20.880590,2026-08-22T01:13:20.880590,IN_TRANSIT
SHP002046,O002098,Delhivery,2026-08-10T13:05:20.880590,2026-08-14T13:05:20.880590,2026-08-15T13:05:20.880590,IN_TRANSIT
SHP002047,O004063,BlueDart,2026-08-09T16:48:20.880590,2026-08-12T16:48:20.880590,2026-08-12T16:48:20.880590,IN_TRANSIT
SHP002048,O003763,FedEx,2026-09-05T18:41:20.880590,2026-09-07T18:41:20.880590,2026-09-06T18:41:20.880590,IN_TRANSIT
SHP002049,O000964,BlueDart,2026-08-16T13:39:20.880590,2026-08-17T13:39:20.880590,2026-08-17T13:39:20.880590,DELAYED
SHP002050,O004128,DHL,2026-08-29T16:46:20.880590,2026-08-30T16:46:20.880590,2026-08-29T16:46:20.880590,IN_TRANSIT
SHP002051,O000254,FedEx,2026-08-27T01:27:20.880590,2026-09-03T01:27:20.880590,2026-09-05T01:27:20.880590,DELAYED
SHP002052,O001686,DHL,2026-08-24T07:30:20.880590,2026-08-28T07:30:20.880590,2026-08-29T07:30:20.880590,IN_TRANSIT
SHP002053,O000112,UPS,2026-08-08T02:13:20.880590,2026-08-13T02:13:20.880590,2026-08-15T02:13:20.880590,IN_TRANSIT
SHP002054,O004893,BlueDart,2026-08-25T09:09:20.880590,2026-08-29T09:09:20.880590,2026-08-31T09:09:20.880590,DELIVERED
SHP002055,O002031,FedEx,2026-08-13T06:58:20.880590,2026-08-19T06:58:20.880590,2026-08-20T06:58:20.880590,DELIVERED
SHP002056,O004040,DHL,2026-08-08T09:23:20.880590,2026-08-14T09:23:20.880590,2026-08-14T09:23:20.880590,DELAYED
SHP002057,O000217,Delhivery,2026-08-07T11:08:20.880590,2026-08-11T11:08:20.880590,2026-08-10T11:08:20.880590,IN_TRANSIT
SHP002058,O000398,Delhivery,2026-09-05T21:54:20.880590,2026-09-09T21:54:20.880590,2026-09-09T21:54:20.880590,DELIVERED
SHP002059,O001772,UPS,2026-08-15T08:52:20.880590,2026-08-17T08:52:20.880590,2026-08-16T08:52:20.880590,IN_TRANSIT
SHP002060,O004379,BlueDart,2026-08-22T10:12:20.880590,2026-08-25T10:12:20.880590,2026-08-25T10:12:20.880590,DELAYED
SHP002061,O004311,Delhivery,2026-08-31T17:06:20.880590,2026-09-02T17:06:20.880590,2026-09-04T17:06:20.880590,DELAYED
SHP002062,O001994,BlueDart,2026-08-14T20:18:20.880590,2026-08-17T20:18:20.880590,2026-08-19T20:18:20.880590,DELAYED
SHP002063,O004734,BlueDart,2026-08-07T07:06:20.880590,2026-08-09T07:06:20.880590,2026-08-09T07:06:20.880590,DELAYED
SHP002064,O004438,FedEx,2026-08-21T20:25:20.880590,2026-08-27T20:25:20.880590,2026-08-27T20:25:20.880590,DELAYED
SHP002065,O002248,UPS,2026-08-22T10:14:20.880590,2026-08-25T10:14:20.880590,2026-08-24T10:14:20.880590,DELIVERED
SHP002066,O000937,Delhivery,2026-09-04T06:50:20.880590,2026-09-08T06:50:20.880590,2026-09-07T06:50:20.880590,DELIVERED
SHP002067,O004255,FedEx,2026-08-21T04:54:20.880590,2026-08-28T04:54:20.880590,2026-08-28T04:54:20.880590,IN_TRANSIT
SHP002068,O004446,Delhivery,2026-08-29T14:45:20.880590,2026-08-31T14:45:20.880590,2026-09-02T14:45:20.880590,DELAYED
SHP002069,O001602,BlueDart,2026-08-29T07:34:20.880590,2026-09-03T07:34:20.880590,2026-09-03T07:34:20.880590,DELIVERED
SHP002070,O004358,DHL,2026-08-18T00:07:20.880590,2026-08-19T00:07:20.880590,2026-08-19T00:07:20.880590,DELAYED
SHP002071,O003369,UPS,2026-08-17T18:31:20.880590,2026-08-21T18:31:20.880590,2026-08-21T18:31:20.880590,DELAYED
SHP002072,O003386,BlueDart,2026-08-21T05:19:20.880590,2026-08-28T05:19:20.880590,2026-08-28T05:19:20.880590,DELAYED
SHP002073,O003929,UPS,2026-08-26T15:53:20.880590,2026-08-27T15:53:20.880590,2026-08-28T15:53:20.880590,DELIVERED
SHP002074,O000724,FedEx,2026-08-29T09:49:20.880590,2026-08-30T09:49:20.880590,2026-08-31T09:49:20.880590,DELIVERED
SHP002075,O003747,UPS,2026-08-11T20:48:20.880590,2026-08-14T20:48:20.880590,2026-08-14T20:48:20.880590,DELAYED
SHP002076,O003939,BlueDart,2026-08-27T04:29:20.880590,2026-08-28T04:29:20.880590,2026-08-27T04:29:20.880590,IN_TRANSIT
SHP002077,O004206,UPS,2026-08-23T08:49:20.880590,2026-08-24T08:49:20.880590,2026-08-26T08:49:20.880590,DELIVERED
SHP002078,O002207,UPS,2026-08-12T02:33:20.880590,2026-08-19T02:33:20.880590,2026-08-18T02:33:20.880590,IN_TRANSIT
SHP002079,O001461,Delhivery,2026-08-27T01:22:20.880590,2026-08-28T01:22:20.880590,2026-08-28T01:22:20.880590,DELAYED
SHP002080,O003107,DHL,2026-08-16T19:21:20.880590,2026-08-17T19:21:20.880590,2026-08-18T19:21:20.880590,DELAYED
SHP002081,O000969,DHL,2026-08-24T09:47:20.880590,2026-08-27T09:47:20.880590,2026-08-28T09:47:20.880590,DELIVERED
SHP002082,O003073,DHL,2026-08-16T01:57:20.880590,2026-08-17T01:57:20.880590,2026-08-19T01:57:20.880590,DELAYED
SHP002083,O003275,DHL,2026-08-14T15:09:20.880590,2026-08-21T15:09:20.880590,2026-08-21T15:09:20.880590,IN_TRANSIT
SHP002084,O002209,BlueDart,2026-08-22T12:33:20.880590,2026-08-25T12:33:20.880590,2026-08-25T12:33:20.880590,DELIVERED
SHP002085,O004103,FedEx,2026-08-25T04:23:20.880590,2026-08-29T04:23:20.880590,2026-08-31T04:23:20.880590,IN_TRANSIT
SHP002086,O004095,BlueDart,2026-08-17T14:14:20.880590,2026-08-18T14:14:20.880590,2026-08-18T14:14:20.880590,DELIVERED
SHP002087,O002377,UPS,2026-08-16T02:07:20.880590,2026-08-22T02:07:20.880590,2026-08-22T02:07:20.880590,IN_TRANSIT
SHP002088,O004642,UPS,2026-08-22T10:33:20.880590,2026-08-28T10:33:20.880590,2026-08-29T10:33:20.880590,IN_TRANSIT
SHP002089,O000073,FedEx,2026-08-08T08:43:20.880590,2026-08-09T08:43:20.880590,2026-08-08T08:43:20.880590,DELIVERED
SHP002090,O003389,FedEx,2026-09-03T09:50:20.880590,2026-09-05T09:50:20.880590,2026-09-06T09:50:20.880590,DELIVERED
SHP002091,O004282,BlueDart,2026-08-17T02:18:20.880590,2026-08-24T02:18:20.880590,2026-08-26T02:18:20.880590,IN_TRANSIT
SHP002092,O001030,DHL,2026-08-19T05:06:20.880590,2026-08-25T05:06:20.880590,2026-08-26T05:06:20.880590,DELAYED
SHP002093,O003200,Delhivery,2026-08-16T12:14:20.880590,2026-08-18T12:14:20.880590,2026-08-20T12:14:20.880590,IN_TRANSIT
SHP002094,O000454,Delhivery,2026-09-06T00:15:20.880590,2026-09-09T00:15:20.880590,2026-09-10T00:15:20.880590,DELIVERED
SHP002095,O001587,UPS,2026-09-02T16:54:20.880590,2026-09-03T16:54:20.880590,2026-09-05T16:54:20.880590,DELAYED
SHP002096,O003330,UPS,2026-08-10T22:17:20.880590,2026-08-11T22:17:20.880590,2026-08-13T22:17:20.880590,DELIVERED
SHP002097,O001549,BlueDart,2026-08-10T05:28:20.880590,2026-08-17T05:28:20.880590,2026-08-17T05:28:20.880590,DELIVERED
SHP002098,O002254,Delhivery,2026-08-18T00:09:20.880590,2026-08-24T00:09:20.880590,2026-08-24T00:09:20.880590,DELAYED
SHP002099,O001547,BlueDart,2026-08-19T10:31:20.880590,2026-08-26T10:31:20.880590,2026-08-27T10:31:20.880590,DELIVERED
SHP002100,O003441,FedEx,2026-08-07T18:27:20.880590,2026-08-14T18:27:20.880590,2026-08-15T18:27:20.880590,DELAYED
SHP002101,O004722,UPS,2026-08-22T02:39:20.880590,2026-08-28T02:39:20.880590,2026-08-27T02:39:20.880590,IN_TRANSIT
SHP002102,O004866,UPS,2026-08-15T07:22:20.880590,2026-08-18T07:22:20.880590,2026-08-18T07:22:20.880590,DELAYED
SHP002103,O003505,Delhivery,2026-08-24T16:20:20.880590,2026-08-27T16:20:20.880590,2026-08-27T16:20:20.880590,DELIVERED
SHP002104,O003900,UPS,2026-08-10T21:45:20.880590,2026-08-17T21:45:20.880590,2026-08-18T21:45:20.880590,DELIVERED
SHP002105,O002809,FedEx,2026-08-28T15:51:20.880590,2026-09-02T15:51:20.880590,2026-09-01T15:51:20.880590,DELIVERED
SHP002106,O003399,DHL,2026-08-12T04:01:20.880590,2026-08-18T04:01:20.880590,2026-08-19T04:01:20.880590,DELIVERED
SHP002107,O002508,BlueDart,2026-08-19T09:18:20.880590,2026-08-24T09:18:20.880590,2026-08-24T09:18:20.880590,DELAYED
SHP002108,O004793,FedEx,2026-08-21T13:46:20.880590,2026-08-23T13:46:20.880590,2026-08-23T13:46:20.880590,DELAYED
SHP002109,O003353,FedEx,2026-08-12T09:48:20.880590,2026-08-17T09:48:20.880590,2026-08-17T09:48:20.880590,DELIVERED
SHP002110,O002282,Delhivery,2026-08-26T06:58:20.880590,2026-08-31T06:58:20.880590,2026-09-01T06:58:20.880590,DELAYED
SHP002111,O000379,DHL,2026-08-11T04:55:20.880590,2026-08-12T04:55:20.880590,2026-08-13T04:55:20.880590,DELIVERED
SHP002112,O004557,DHL,2026-08-28T05:27:20.880590,2026-08-30T05:27:20.880590,2026-09-01T05:27:20.880590,IN_TRANSIT
SHP002113,O002768,BlueDart,2026-09-05T00:22:20.880590,2026-09-09T00:22:20.880590,2026-09-08T00:22:20.880590,DELAYED
SHP002114,O000336,UPS,2026-08-17T22:54:20.880590,2026-08-24T22:54:20.880590,2026-08-26T22:54:20.880590,IN_TRANSIT
SHP002115,O002309,DHL,2026-09-01T12:28:20.880590,2026-09-07T12:28:20.880590,2026-09-07T12:28:20.880590,DELIVERED
SHP002116,O002009,UPS,2026-09-04T12:38:20.880590,2026-09-10T12:38:20.880590,2026-09-10T12:38:20.880590,DELIVERED
SHP002117,O001655,FedEx,2026-08-31T17:13:20.880590,2026-09-04T17:13:20.880590,2026-09-04T17:13:20.880590,DELAYED
SHP002118,O003866,UPS,2026-08-31T09:38:20.880590,2026-09-07T09:38:20.880590,2026-09-08T09:38:20.880590,DELAYED
SHP002119,O004701,Delhivery,2026-08-29T10:44:20.880590,2026-08-30T10:44:20.880590,2026-08-30T10:44:20.880590,DELIVERED
SHP002120,O003397,UPS,2026-08-13T08:43:20.880590,2026-08-17T08:43:20.880590,2026-08-17T08:43:20.880590,DELAYED
SHP002121,O003870,DHL,2026-08-27T19:52:20.880590,2026-09-03T19:52:20.880590,2026-09-02T19:52:20.880590,IN_TRANSIT
SHP002122,O004591,FedEx,2026-08-30T14:49:20.880590,2026-09-05T14:49:20.880590,2026-09-04T14:49:20.880590,DELAYED
SHP002123,O000308,Delhivery,2026-08-28T09:24:20.880590,2026-09-04T09:24:20.880590,2026-09-06T09:24:20.880590,IN_TRANSIT
SHP002124,O000017,BlueDart,2026-08-10T09:08:20.880590,2026-08-16T09:08:20.880590,2026-08-18T09:08:20.880590,DELIVERED
SHP002125,O003413,DHL,2026-08-12T08:06:20.880590,2026-08-13T08:06:20.880590,2026-08-13T08:06:20.880590,IN_TRANSIT
SHP002126,O002086,BlueDart,2026-08-18T18:59:20.880590,2026-08-24T18:59:20.880590,2026-08-23T18:59:20.880590,DELIVERED
SHP002127,O004136,FedEx,2026-09-02T13:41:20.880590,2026-09-03T13:41:20.880590,2026-09-05T13:41:20.880590,IN_TRANSIT
SHP002128,O002486,FedEx,2026-08-23T14:10:20.880590,2026-08-29T14:10:20.880590,2026-08-29T14:10:20.880590,IN_TRANSIT
SHP002129,O004229,Delhivery,2026-08-16T17:56:20.880590,2026-08-23T17:56:20.880590,2026-08-23T17:56:20.880590,DELAYED
SHP002130,O001976,BlueDart,2026-08-15T11:11:20.880590,2026-08-21T11:11:20.880590,2026-08-22T11:11:20.880590,IN_TRANSIT
SHP002131,O004060,BlueDart,2026-09-01T12:36:20.880590,2026-09-02T12:36:20.880590,2026-09-01T12:36:20.880590,IN_TRANSIT
SHP002132,O004592,DHL,2026-09-01T13:25:20.880590,2026-09-07T13:25:20.880590,2026-09-07T13:25:20.880590,IN_TRANSIT
SHP002133,O001414,UPS,2026-08-18T02:01:20.880590,2026-08-19T02:01:20.880590,2026-08-19T02:01:20.880590,DELIVERED
SHP002134,O004546,DHL,2026-09-05T15:10:20.880590,2026-09-10T15:10:20.880590,2026-09-10T15:10:20.880590,DELIVERED
SHP002135,O003958,Delhivery,2026-08-25T13:04:20.880590,2026-08-30T13:04:20.880590,2026-08-29T13:04:20.880590,DELAYED
SHP002136,O003325,BlueDart,2026-08-25T16:15:20.880590,2026-08-31T16:15:20.880590,2026-08-30T16:15:20.880590,DELIVERED
SHP002137,O003526,UPS,2026-08-31T16:29:20.880590,2026-09-06T16:29:20.880590,2026-09-06T16:29:20.880590,DELAYED
SHP002138,O004679,UPS,2026-08-16T20:15:20.880590,2026-08-20T20:15:20.880590,2026-08-19T20:15:20.880590,IN_TRANSIT
SHP002139,O003298,Delhivery,2026-08-21T01:13:20.880590,2026-08-23T01:13:20.880590,2026-08-22T01:13:20.880590,DELAYED
SHP002140,O000114,FedEx,2026-08-07T02:41:20.880590,2026-08-13T02:41:20.880590,2026-08-14T02:41:20.880590,DELIVERED
SHP002141,O000174,BlueDart,2026-09-03T01:55:20.880590,2026-09-04T01:55:20.880590,2026-09-04T01:55:20.880590,IN_TRANSIT
SHP002142,O000498,Delhivery,2026-08-30T17:35:20.880590,2026-09-05T17:35:20.880590,2026-09-07T17:35:20.880590,DELAYED
SHP002143,O003561,Delhivery,2026-08-26T00:47:20.880590,2026-08-28T00:47:20.880590,2026-08-28T00:47:20.880590,DELIVERED
SHP002144,O000288,Delhivery,2026-08-29T18:08:20.880590,2026-09-03T18:08:20.880590,2026-09-03T18:08:20.880590,IN_TRANSIT
SHP002145,O002223,Delhivery,2026-08-30T00:34:20.880590,2026-09-01T00:34:20.880590,2026-09-02T00:34:20.880590,IN_TRANSIT
SHP002146,O004431,BlueDart,2026-08-20T21:58:20.880590,2026-08-27T21:58:20.880590,2026-08-28T21:58:20.880590,DELAYED
SHP002147,O003358,UPS,2026-08-15T01:39:20.880590,2026-08-16T01:39:20.880590,2026-08-17T01:39:20.880590,IN_TRANSIT
SHP002148,O002788,BlueDart,2026-08-19T07:15:20.880590,2026-08-22T07:15:20.880590,2026-08-23T07:15:20.880590,DELIVERED
SHP002149,O003858,BlueDart,2026-08-26T11:53:20.880590,2026-08-29T11:53:20.880590,2026-08-29T11:53:20.880590,DELIVERED
SHP002150,O004177,FedEx,2026-09-03T06:40:20.880590,2026-09-08T06:40:20.880590,2026-09-07T06:40:20.880590,IN_TRANSIT
SHP002151,O002224,BlueDart,2026-09-02T17:27:20.880590,2026-09-06T17:27:20.880590,2026-09-08T17:27:20.880590,IN_TRANSIT
SHP002152,O000331,FedEx,2026-08-07T05:13:20.880590,2026-08-10T05:13:20.880590,2026-08-10T05:13:20.880590,DELIVERED
SHP002153,O000500,FedEx,2026-08-13T20:20:20.880590,2026-08-17T20:20:20.880590,2026-08-17T20:20:20.880590,IN_TRANSIT
SHP002154,O001850,DHL,2026-09-03T21:17:20.880590,2026-09-05T21:17:20.880590,2026-09-05T21:17:20.880590,DELAYED
SHP002155,O002095,UPS,2026-08-24T18:14:20.880590,2026-08-26T18:14:20.880590,2026-08-26T18:14:20.880590,IN_TRANSIT
SHP002156,O001979,DHL,2026-08-17T04:38:20.880590,2026-08-22T04:38:20.880590,2026-08-21T04:38:20.880590,IN_TRANSIT
SHP002157,O000322,BlueDart,2026-08-18T19:07:20.880590,2026-08-20T19:07:20.880590,2026-08-20T19:07:20.880590,DELIVERED
SHP002158,O004219,UPS,2026-08-26T18:01:20.880590,2026-08-28T18:01:20.880590,2026-08-28T18:01:20.880590,IN_TRANSIT
SHP002159,O003275,BlueDart,2026-08-28T05:18:20.880590,2026-08-31T05:18:20.880590,2026-08-30T05:18:20.880590,DELIVERED
SHP002160,O004571,FedEx,2026-08-22T15:37:20.880590,2026-08-26T15:37:20.880590,2026-08-28T15:37:20.880590,DELAYED
SHP002161,O000507,UPS,2026-08-08T04:25:20.880590,2026-08-15T04:25:20.880590,2026-08-15T04:25:20.880590,IN_TRANSIT
SHP002162,O004920,FedEx,2026-08-25T15:16:20.880590,2026-08-27T15:16:20.880590,2026-08-27T15:16:20.880590,IN_TRANSIT
SHP002163,O001889,FedEx,2026-08-26T19:58:20.880590,2026-08-29T19:58:20.880590,2026-08-29T19:58:20.880590,DELIVERED
SHP002164,O002908,BlueDart,2026-08-31T07:21:20.880590,2026-09-02T07:21:20.880590,2026-09-04T07:21:20.880590,DELIVERED
SHP002165,O001146,FedEx,2026-08-28T05:42:20.880590,2026-09-01T05:42:20.880590,2026-09-01T05:42:20.880590,DELIVERED
SHP002166,O004750,FedEx,2026-08-22T09:31:20.880590,2026-08-23T09:31:20.880590,2026-08-22T09:31:20.880590,DELIVERED
SHP002167,O003863,DHL,2026-08-17T12:00:20.880590,2026-08-18T12:00:20.880590,2026-08-20T12:00:20.880590,DELAYED
SHP002168,O002558,FedEx,2026-09-02T15:22:20.880590,2026-09-08T15:22:20.880590,2026-09-08T15:22:20.880590,IN_TRANSIT
SHP002169,O001675,BlueDart,2026-08-08T14:35:20.880590,2026-08-09T14:35:20.880590,2026-08-09T14:35:20.880590,DELIVERED
SHP002170,O001911,FedEx,2026-08-15T18:08:20.880590,2026-08-21T18:08:20.880590,2026-08-20T18:08:20.880590,DELAYED
SHP002171,O004403,Delhivery,2026-09-04T13:59:20.880590,2026-09-06T13:59:20.880590,2026-09-08T13:59:20.880590,IN_TRANSIT
SHP002172,O003266,DHL,2026-08-23T18:25:20.880590,2026-08-25T18:25:20.880590,2026-08-25T18:25:20.880590,DELAYED
SHP002173,O004485,DHL,2026-08-29T05:12:20.880590,2026-09-01T05:12:20.880590,2026-09-02T05:12:20.880590,DELIVERED
SHP002174,O000828,Delhivery,2026-08-27T01:53:20.880590,2026-09-01T01:53:20.880590,2026-09-01T01:53:20.880590,DELAYED
SHP002175,O003912,BlueDart,2026-08-12T05:34:20.880590,2026-08-17T05:34:20.880590,2026-08-18T05:34:20.880590,DELAYED
SHP002176,O003164,UPS,2026-08-07T19:30:20.880590,2026-08-10T19:30:20.880590,2026-08-10T19:30:20.880590,IN_TRANSIT
SHP002177,O001181,DHL,2026-08-20T19:46:20.880590,2026-08-23T19:46:20.880590,2026-08-24T19:46:20.880590,DELAYED
SHP002178,O001823,BlueDart,2026-08-31T14:33:20.880590,2026-09-05T14:33:20.880590,2026-09-05T14:33:20.880590,IN_TRANSIT
SHP002179,O000247,UPS,2026-08-20T05:28:20.880590,2026-08-22T05:28:20.880590,2026-08-22T05:28:20.880590,DELAYED
SHP002180,O001624,Delhivery,2026-08-27T13:16:20.880590,2026-08-31T13:16:20.880590,2026-09-02T13:16:20.880590,DELAYED
SHP002181,O001673,UPS,2026-08-23T13:32:20.880590,2026-08-29T13:32:20.880590,2026-08-29T13:32:20.880590,DELAYED
SHP002182,O001749,Delhivery,2026-09-01T08:49:20.880590,2026-09-02T08:49:20.880590,2026-09-02T08:49:20.880590,DELAYED
SHP002183,O004975,BlueDart,2026-08-27T20:22:20.880590,2026-09-02T20:22:20.880590,2026-09-04T20:22:20.880590,DELIVERED
SHP002184,O000658,UPS,2026-08-16T16:07:20.880590,2026-08-17T16:07:20.880590,2026-08-17T16:07:20.880590,DELIVERED
SHP002185,O004865,Delhivery,2026-08-11T08:44:20.880590,2026-08-14T08:44:20.880590,2026-08-16T08:44:20.880590,DELAYED
SHP002186,O002830,UPS,2026-08-26T04:49:20.880590,2026-09-02T04:49:20.880590,2026-09-01T04:49:20.880590,DELAYED
SHP002187,O001047,UPS,2026-08-08T10:01:20.880590,2026-08-09T10:01:20.880590,2026-08-10T10:01:20.880590,IN_TRANSIT
SHP002188,O004293,BlueDart,2026-08-26T19:53:20.880590,2026-09-01T19:53:20.880590,2026-08-31T19:53:20.880590,IN_TRANSIT
SHP002189,O003750,FedEx,2026-09-05T11:16:20.880590,2026-09-08T11:16:20.880590,2026-09-09T11:16:20.880590,IN_TRANSIT
SHP002190,O000767,UPS,2026-08-28T11:54:20.880590,2026-09-04T11:54:20.880590,2026-09-06T11:54:20.880590,DELAYED
SHP002191,O003511,FedEx,2026-08-31T06:23:20.880590,2026-09-02T06:23:20.880590,2026-09-04T06:23:20.880590,DELAYED
SHP002192,O000730,DHL,2026-08-23T08:51:20.880590,2026-08-25T08:51:20.880590,2026-08-27T08:51:20.880590,IN_TRANSIT
SHP002193,O002543,FedEx,2026-08-15T11:42:20.880590,2026-08-22T11:42:20.880590,2026-08-23T11:42:20.880590,IN_TRANSIT
SHP002194,O001251,DHL,2026-08-14T17:53:20.880590,2026-08-17T17:53:20.880590,2026-08-17T17:53:20.880590,DELAYED
SHP002195,O001983,BlueDart,2026-08-25T06:48:20.880590,2026-08-28T06:48:20.880590,2026-08-28T06:48:20.880590,DELAYED
SHP002196,O001867,Delhivery,2026-08-25T22:18:20.880590,2026-08-30T22:18:20.880590,2026-08-30T22:18:20.880590,DELAYED
SHP002197,O004887,UPS,2026-08-22T09:18:20.880590,2026-08-23T09:18:20.880590,2026-08-23T09:18:20.880590,DELAYED
SHP002198,O002850,UPS,2026-09-01T16:14:20.880590,2026-09-08T16:14:20.880590,2026-09-08T16:14:20.880590,IN_TRANSIT
SHP002199,O003568,UPS,2026-08-23T13:08:20.880590,2026-08-25T13:08:20.880590,2026-08-24T13:08:20.880590,IN_TRANSIT
SHP002200,O004207,BlueDart,2026-08-09T16:59:20.880590,2026-08-11T16:59:20.880590,2026-08-10T16:59:20.880590,DELIVERED
SHP002201,O000746,DHL,2026-08-13T20:50:20.880590,2026-08-19T20:50:20.880590,2026-08-19T20:50:20.880590,DELAYED
SHP002202,O001672,BlueDart,2026-08-28T08:18:20.880590,2026-09-03T08:18:20.880590,2026-09-04T08:18:20.880590,DELIVERED
SHP002203,O002875,BlueDart,2026-08-14T16:38:20.880590,2026-08-20T16:38:20.880590,2026-08-21T16:38:20.880590,DELIVERED
SHP002204,O001393,FedEx,2026-08-15T12:27:20.880590,2026-08-18T12:27:20.880590,2026-08-20T12:27:20.880590,IN_TRANSIT
SHP002205,O004623,FedEx,2026-08-19T06:02:20.880590,2026-08-24T06:02:20.880590,2026-08-23T06:02:20.880590,IN_TRANSIT
SHP002206,O000042,DHL,2026-08-24T20:58:20.880590,2026-08-29T20:58:20.880590,2026-08-28T20:58:20.880590,DELIVERED
SHP002207,O000086,UPS,2026-09-03T12:16:20.880590,2026-09-08T12:16:20.880590,2026-09-10T12:16:20.880590,IN_TRANSIT
SHP002208,O000188,BlueDart,2026-08-25T02:18:20.880590,2026-08-27T02:18:20.880590,2026-08-27T02:18:20.880590,IN_TRANSIT
SHP002209,O002493,BlueDart,2026-08-21T03:31:20.880590,2026-08-28T03:31:20.880590,2026-08-30T03:31:20.880590,DELAYED
SHP002210,O001620,BlueDart,2026-09-04T15:18:20.880590,2026-09-09T15:18:20.880590,2026-09-09T15:18:20.880590,DELAYED
SHP002211,O002289,DHL,2026-08-23T13:58:20.880590,2026-08-27T13:58:20.880590,2026-08-28T13:58:20.880590,DELIVERED
SHP002212,O000191,Delhivery,2026-09-04T02:38:20.880590,2026-09-06T02:38:20.880590,2026-09-07T02:38:20.880590,DELIVERED
SHP002213,O002398,UPS,2026-08-25T22:31:20.880590,2026-08-31T22:31:20.880590,2026-09-02T22:31:20.880590,DELIVERED
SHP002214,O002340,UPS,2026-08-07T17:13:20.880590,2026-08-14T17:13:20.880590,2026-08-15T17:13:20.880590,DELIVERED
SHP002215,O003429,BlueDart,2026-08-19T10:24:20.880590,2026-08-24T10:24:20.880590,2026-08-24T10:24:20.880590,IN_TRANSIT
SHP002216,O001749,FedEx,2026-08-29T12:43:20.880590,2026-09-03T12:43:20.880590,2026-09-04T12:43:20.880590,DELAYED
SHP002217,O002668,FedEx,2026-08-09T15:37:20.880590,2026-08-14T15:37:20.880590,2026-08-16T15:37:20.880590,DELIVERED
SHP002218,O002718,BlueDart,2026-09-06T01:25:20.880590,2026-09-10T01:25:20.880590,2026-09-10T01:25:20.880590,DELIVERED
SHP002219,O001568,BlueDart,2026-09-01T05:34:20.880590,2026-09-06T05:34:20.880590,2026-09-06T05:34:20.880590,DELAYED
SHP002220,O003626,DHL,2026-08-27T12:14:20.880590,2026-09-01T12:14:20.880590,2026-09-03T12:14:20.880590,DELAYED
SHP002221,O001937,BlueDart,2026-08-29T22:14:20.880590,2026-09-01T22:14:20.880590,2026-09-01T22:14:20.880590,IN_TRANSIT
SHP002222,O000356,Delhivery,2026-08-23T04:54:20.880590,2026-08-30T04:54:20.880590,2026-08-31T04:54:20.880590,DELAYED
SHP002223,O001756,Delhivery,2026-08-21T13:45:20.880590,2026-08-22T13:45:20.880590,2026-08-23T13:45:20.880590,DELIVERED
SHP002224,O000474,FedEx,2026-08-21T18:37:20.880590,2026-08-23T18:37:20.880590,2026-08-22T18:37:20.880590,DELAYED
SHP002225,O004848,BlueDart,2026-09-02T00:43:20.880590,2026-09-05T00:43:20.880590,2026-09-06T00:43:20.880590,DELAYED
SHP002226,O001355,UPS,2026-09-05T04:13:20.880590,2026-09-07T04:13:20.880590,2026-09-07T04:13:20.880590,DELIVERED
SHP002227,O002058,Delhivery,2026-08-23T08:48:20.880590,2026-08-27T08:48:20.880590,2026-08-29T08:48:20.880590,IN_TRANSIT
SHP002228,O000919,FedEx,2026-08-15T02:32:20.880590,2026-08-22T02:32:20.880590,2026-08-21T02:32:20.880590,DELAYED
SHP002229,O003186,DHL,2026-08-23T05:54:20.880590,2026-08-30T05:54:20.880590,2026-08-30T05:54:20.880590,DELAYED
SHP002230,O000521,DHL,2026-08-27T14:58:20.880590,2026-09-01T14:58:20.880590,2026-09-03T14:58:20.880590,DELIVERED
SHP002231,O002705,UPS,2026-08-16T14:19:20.880590,2026-08-20T14:19:20.880590,2026-08-22T14:19:20.880590,IN_TRANSIT
SHP002232,O003500,DHL,2026-08-24T10:24:20.880590,2026-08-27T10:24:20.880590,2026-08-29T10:24:20.880590,DELIVERED
SHP002233,O003908,BlueDart,2026-08-16T16:54:20.880590,2026-08-19T16:54:20.880590,2026-08-20T16:54:20.880590,IN_TRANSIT
SHP002234,O003526,Delhivery,2026-08-27T23:22:20.880590,2026-08-28T23:22:20.880590,2026-08-27T23:22:20.880590,IN_TRANSIT
SHP002235,O001526,FedEx,2026-08-10T17:57:20.880590,2026-08-11T17:57:20.880590,2026-08-11T17:57:20.880590,DELIVERED
SHP002236,O004707,BlueDart,2026-08-17T21:05:20.880590,2026-08-23T21:05:20.880590,2026-08-23T21:05:20.880590,IN_TRANSIT
SHP002237,O003349,Delhivery,2026-09-01T03:31:20.880590,2026-09-07T03:31:20.880590,2026-09-06T03:31:20.880590,DELAYED
SHP002238,O000364,DHL,2026-09-01T16:23:20.880590,2026-09-08T16:23:20.880590,2026-09-08T16:23:20.880590,DELIVERED
SHP002239,O004270,Delhivery,2026-08-21T08:13:20.880590,2026-08-23T08:13:20.880590,2026-08-23T08:13:20.880590,DELIVERED
SHP002240,O001074,Delhivery,2026-08-24T00:37:20.880590,2026-08-28T00:37:20.880590,2026-08-29T00:37:20.880590,DELIVERED
SHP002241,O001831,Delhivery,2026-08-11T15:05:20.880590,2026-08-14T15:05:20.880590,2026-08-14T15:05:20.880590,DELAYED
SHP002242,O000213,FedEx,2026-08-07T01:46:20.880590,2026-08-12T01:46:20.880590,2026-08-12T01:46:20.880590,IN_TRANSIT
SHP002243,O004249,DHL,2026-08-15T20:14:20.880590,2026-08-16T20:14:20.880590,2026-08-15T20:14:20.880590,DELIVERED
SHP002244,O002411,UPS,2026-08-15T10:47:20.880590,2026-08-22T10:47:20.880590,2026-08-23T10:47:20.880590,DELIVERED
SHP002245,O000759,UPS,2026-08-31T17:24:20.880590,2026-09-05T17:24:20.880590,2026-09-04T17:24:20.880590,IN_TRANSIT
SHP002246,O000743,Delhivery,2026-09-05T19:50:20.880590,2026-09-08T19:50:20.880590,2026-09-10T19:50:20.880590,DELAYED
SHP002247,O000950,FedEx,2026-09-02T09:10:20.880590,2026-09-06T09:10:20.880590,2026-09-06T09:10:20.880590,DELIVERED
SHP002248,O002753,DHL,2026-08-23T06:31:20.880590,2026-08-28T06:31:20.880590,2026-08-27T06:31:20.880590,DELAYED
SHP002249,O001824,Delhivery,2026-09-03T01:15:20.880590,2026-09-07T01:15:20.880590,2026-09-09T01:15:20.880590,IN_TRANSIT
SHP002250,O004110,BlueDart,2026-08-10T18:25:20.880590,2026-08-17T18:25:20.880590,2026-08-18T18:25:20.880590,DELIVERED
SHP002251,O000064,Delhivery,2026-08-29T01:00:20.880590,2026-08-30T01:00:20.880590,2026-08-30T01:00:20.880590,DELAYED
SHP002252,O004895,FedEx,2026-08-13T18:38:20.880590,2026-08-19T18:38:20.880590,2026-08-19T18:38:20.880590,DELAYED
SHP002253,O000142,BlueDart,2026-08-23T16:47:20.880590,2026-08-29T16:47:20.880590,2026-08-28T16:47:20.880590,DELAYED
SHP002254,O000686,FedEx,2026-08-26T06:58:20.880590,2026-08-31T06:58:20.880590,2026-08-31T06:58:20.880590,DELIVERED
SHP002255,O000609,FedEx,2026-08-13T10:52:20.880590,2026-08-16T10:52:20.880590,2026-08-18T10:52:20.880590,IN_TRANSIT
SHP002256,O001105,DHL,2026-08-14T11:40:20.880590,2026-08-19T11:40:20.880590,2026-08-19T11:40:20.880590,DELIVERED
SHP002257,O001747,BlueDart,2026-08-09T10:23:20.880590,2026-08-16T10:23:20.880590,2026-08-15T10:23:20.880590,IN_TRANSIT
SHP002258,O002976,Delhivery,2026-08-29T15:12:20.880590,2026-09-03T15:12:20.880590,2026-09-03T15:12:20.880590,IN_TRANSIT
SHP002259,O003678,UPS,2026-08-14T02:10:20.880590,2026-08-19T02:10:20.880590,2026-08-18T02:10:20.880590,IN_TRANSIT
SHP002260,O000871,DHL,2026-08-25T05:41:20.880590,2026-08-31T05:41:20.880590,2026-08-31T05:41:20.880590,IN_TRANSIT
SHP002261,O000269,FedEx,2026-08-13T00:50:20.880590,2026-08-14T00:50:20.880590,2026-08-15T00:50:20.880590,DELAYED
SHP002262,O000602,BlueDart,2026-08-23T22:12:20.880590,2026-08-26T22:12:20.880590,2026-08-27T22:12:20.880590,DELAYED
SHP002263,O001377,DHL,2026-08-11T07:19:20.880590,2026-08-12T07:19:20.880590,2026-08-14T07:19:20.880590,IN_TRANSIT
SHP002264,O000520,Delhivery,2026-08-09T05:55:20.880590,2026-08-10T05:55:20.880590,2026-08-09T05:55:20.880590,DELAYED
SHP002265,O001885,Delhivery,2026-08-13T01:20:20.880590,2026-08-20T01:20:20.880590,2026-08-22T01:20:20.880590,DELIVERED
SHP002266,O000486,FedEx,2026-08-15T23:08:20.880590,2026-08-18T23:08:20.880590,2026-08-18T23:08:20.880590,DELAYED
SHP002267,O004058,Delhivery,2026-08-30T04:15:20.880590,2026-09-05T04:15:20.880590,2026-09-05T04:15:20.880590,DELIVERED
SHP002268,O001235,FedEx,2026-08-26T14:12:20.880590,2026-08-27T14:12:20.880590,2026-08-27T14:12:20.880590,DELAYED
SHP002269,O004916,BlueDart,2026-08-22T13:42:20.880590,2026-08-27T13:42:20.880590,2026-08-29T13:42:20.880590,DELAYED
SHP002270,O000864,DHL,2026-09-03T14:34:20.880590,2026-09-08T14:34:20.880590,2026-09-09T14:34:20.880590,DELAYED
SHP002271,O004676,BlueDart,2026-08-11T23:05:20.880590,2026-08-18T23:05:20.880590,2026-08-20T23:05:20.880590,DELIVERED
SHP002272,O002944,DHL,2026-08-20T04:12:20.880590,2026-08-23T04:12:20.880590,2026-08-23T04:12:20.880590,DELIVERED
SHP002273,O001155,DHL,2026-08-10T00:31:20.880590,2026-08-17T00:31:20.880590,2026-08-17T00:31:20.880590,IN_TRANSIT
SHP002274,O004251,DHL,2026-08-07T07:50:20.880590,2026-08-11T07:50:20.880590,2026-08-11T07:50:20.880590,DELIVERED
SHP002275,O000110,UPS,2026-09-01T09:35:20.880590,2026-09-04T09:35:20.880590,2026-09-05T09:35:20.880590,DELIVERED
SHP002276,O000618,Delhivery,2026-08-31T16:27:20.880590,2026-09-04T16:27:20.880590,2026-09-03T16:27:20.880590,IN_TRANSIT
SHP002277,O004521,FedEx,2026-08-08T19:04:20.880590,2026-08-11T19:04:20.880590,2026-08-12T19:04:20.880590,DELAYED
SHP002278,O002160,UPS,2026-08-21T21:08:20.880590,2026-08-26T21:08:20.880590,2026-08-26T21:08:20.880590,DELIVERED
SHP002279,O000095,Delhivery,2026-08-25T10:37:20.880590,2026-08-31T10:37:20.880590,2026-08-31T10:37:20.880590,DELAYED
SHP002280,O003392,FedEx,2026-08-08T15:21:20.880590,2026-08-14T15:21:20.880590,2026-08-15T15:21:20.880590,IN_TRANSIT
SHP002281,O003264,BlueDart,2026-08-22T13:18:20.880590,2026-08-27T13:18:20.880590,2026-08-29T13:18:20.880590,DELIVERED
SHP002282,O004476,UPS,2026-09-04T04:41:20.880590,2026-09-09T04:41:20.880590,2026-09-08T04:41:20.880590,IN_TRANSIT
SHP002283,O001161,Delhivery,2026-08-18T19:06:20.880590,2026-08-21T19:06:20.880590,2026-08-20T19:06:20.880590,IN_TRANSIT
SHP002284,O000132,UPS,2026-08-13T13:41:20.880590,2026-08-18T13:41:20.880590,2026-08-18T13:41:20.880590,IN_TRANSIT
SHP002285,O003630,BlueDart,2026-09-05T15:58:20.880590,2026-09-07T15:58:20.880590,2026-09-07T15:58:20.880590,DELIVERED
SHP002286,O004372,UPS,2026-09-04T14:22:20.880590,2026-09-08T14:22:20.880590,2026-09-09T14:22:20.880590,IN_TRANSIT
SHP002287,O000702,Delhivery,2026-09-03T14:02:20.880590,2026-09-10T14:02:20.880590,2026-09-10T14:02:20.880590,DELIVERED
SHP002288,O000785,BlueDart,2026-08-09T02:27:20.880590,2026-08-16T02:27:20.880590,2026-08-16T02:27:20.880590,IN_TRANSIT
SHP002289,O004297,BlueDart,2026-08-13T09:13:20.880590,2026-08-14T09:13:20.880590,2026-08-15T09:13:20.880590,IN_TRANSIT
SHP002290,O004250,UPS,2026-08-24T03:22:20.880590,2026-08-29T03:22:20.880590,2026-08-28T03:22:20.880590,DELIVERED
SHP002291,O001061,Delhivery,2026-08-24T16:34:20.880590,2026-08-31T16:34:20.880590,2026-09-01T16:34:20.880590,IN_TRANSIT
SHP002292,O000991,BlueDart,2026-08-10T22:02:20.880590,2026-08-14T22:02:20.880590,2026-08-14T22:02:20.880590,DELAYED
SHP002293,O003269,BlueDart,2026-08-31T15:23:20.880590,2026-09-01T15:23:20.880590,2026-09-01T15:23:20.880590,IN_TRANSIT
SHP002294,O004277,FedEx,2026-09-03T05:14:20.880590,2026-09-06T05:14:20.880590,2026-09-07T05:14:20.880590,DELAYED
SHP002295,O003384,BlueDart,2026-09-03T02:45:20.880590,2026-09-09T02:45:20.880590,2026-09-08T02:45:20.880590,DELIVERED
SHP002296,O003028,BlueDart,2026-08-25T01:46:20.880590,2026-08-27T01:46:20.880590,2026-08-28T01:46:20.880590,DELAYED
SHP002297,O002420,DHL,2026-08-29T09:47:20.880590,2026-08-31T09:47:20.880590,2026-08-30T09:47:20.880590,IN_TRANSIT
SHP002298,O001083,FedEx,2026-08-29T16:32:20.880590,2026-08-30T16:32:20.880590,2026-08-30T16:32:20.880590,IN_TRANSIT
SHP002299,O002241,FedEx,2026-08-13T19:01:20.880590,2026-08-15T19:01:20.880590,2026-08-15T19:01:20.880590,DELIVERED
SHP002300,O003198,DHL,2026-08-22T14:30:20.880590,2026-08-23T14:30:20.880590,2026-08-25T14:30:20.880590,IN_TRANSIT
SHP002301,O002531,Delhivery,2026-08-30T20:06:20.880590,2026-09-03T20:06:20.880590,2026-09-02T20:06:20.880590,IN_TRANSIT
SHP002302,O000885,UPS,2026-08-15T05:45:20.880590,2026-08-22T05:45:20.880590,2026-08-21T05:45:20.880590,IN_TRANSIT
SHP002303,O000068,UPS,2026-08-13T21:28:20.880590,2026-08-19T21:28:20.880590,2026-08-19T21:28:20.880590,IN_TRANSIT
SHP002304,O000719,FedEx,2026-08-16T03:00:20.880590,2026-08-22T03:00:20.880590,2026-08-21T03:00:20.880590,DELAYED
SHP002305,O003044,BlueDart,2026-08-19T10:43:20.880590,2026-08-20T10:43:20.880590,2026-08-20T10:43:20.880590,DELAYED
SHP002306,O001884,UPS,2026-09-04T10:38:20.880590,2026-09-10T10:38:20.880590,2026-09-10T10:38:20.880590,DELIVERED
SHP002307,O001040,DHL,2026-08-13T20:37:20.880590,2026-08-14T20:37:20.880590,2026-08-16T20:37:20.880590,DELIVERED
SHP002308,O004741,UPS,2026-08-13T17:51:20.880590,2026-08-16T17:51:20.880590,2026-08-16T17:51:20.880590,DELAYED
SHP002309,O002271,DHL,2026-08-12T00:28:20.880590,2026-08-15T00:28:20.880590,2026-08-14T00:28:20.880590,DELAYED
SHP002310,O004195,FedEx,2026-08-29T03:41:20.880590,2026-09-01T03:41:20.880590,2026-09-01T03:41:20.880590,DELAYED
SHP002311,O003815,BlueDart,2026-09-04T23:11:20.880590,2026-09-09T23:11:20.880590,2026-09-11T23:11:20.880590,DELIVERED
SHP002312,O000370,FedEx,2026-08-20T21:10:20.880590,2026-08-21T21:10:20.880590,2026-08-20T21:10:20.880590,IN_TRANSIT
SHP002313,O001207,FedEx,2026-08-31T05:18:20.880590,2026-09-01T05:18:20.880590,2026-09-01T05:18:20.880590,IN_TRANSIT
SHP002314,O004636,Delhivery,2026-09-04T09:34:20.880590,2026-09-05T09:34:20.880590,2026-09-07T09:34:20.880590,DELIVERED
SHP002315,O000127,DHL,2026-09-05T18:49:20.880590,2026-09-12T18:49:20.880590,2026-09-14T18:49:20.880590,IN_TRANSIT
SHP002316,O002546,FedEx,2026-08-13T21:54:20.880590,2026-08-17T21:54:20.880590,2026-08-17T21:54:20.880590,IN_TRANSIT
SHP002317,O003566,FedEx,2026-08-30T16:39:20.880590,2026-09-05T16:39:20.880590,2026-09-05T16:39:20.880590,IN_TRANSIT
SHP002318,O003879,BlueDart,2026-08-29T23:50:20.880590,2026-09-01T23:50:20.880590,2026-09-01T23:50:20.880590,DELIVERED
SHP002319,O001747,UPS,2026-08-26T00:54:20.880590,2026-08-31T00:54:20.880590,2026-09-02T00:54:20.880590,DELAYED
SHP002320,O001601,BlueDart,2026-08-13T14:22:20.880590,2026-08-20T14:22:20.880590,2026-08-20T14:22:20.880590,IN_TRANSIT
SHP002321,O002421,FedEx,2026-08-21T04:54:20.880590,2026-08-23T04:54:20.880590,2026-08-23T04:54:20.880590,DELIVERED
SHP002322,O000957,DHL,2026-08-21T22:31:20.880590,2026-08-25T22:31:20.880590,2026-08-27T22:31:20.880590,DELAYED
SHP002323,O001529,Delhivery,2026-09-01T09:55:20.880590,2026-09-02T09:55:20.880590,2026-09-02T09:55:20.880590,DELIVERED
SHP002324,O002063,UPS,2026-08-18T09:58:20.880590,2026-08-21T09:58:20.880590,2026-08-21T09:58:20.880590,DELAYED
SHP002325,O001530,Delhivery,2026-08-31T01:19:20.880590,2026-09-04T01:19:20.880590,2026-09-04T01:19:20.880590,DELIVERED
SHP002326,O003616,BlueDart,2026-08-18T23:35:20.880590,2026-08-22T23:35:20.880590,2026-08-23T23:35:20.880590,IN_TRANSIT
SHP002327,O000363,Delhivery,2026-08-24T07:14:20.880590,2026-08-26T07:14:20.880590,2026-08-28T07:14:20.880590,DELAYED
SHP002328,O002452,UPS,2026-08-29T14:14:20.880590,2026-09-04T14:14:20.880590,2026-09-06T14:14:20.880590,IN_TRANSIT
SHP002329,O001060,DHL,2026-08-10T15:44:20.880590,2026-08-16T15:44:20.880590,2026-08-17T15:44:20.880590,IN_TRANSIT
SHP002330,O000592,FedEx,2026-08-16T12:10:20.880590,2026-08-22T12:10:20.880590,2026-08-23T12:10:20.880590,DELAYED
SHP002331,O004950,FedEx,2026-08-23T10:31:20.880590,2026-08-24T10:31:20.880590,2026-08-24T10:31:20.880590,DELAYED
SHP002332,O003246,FedEx,2026-08-13T06:15:20.880590,2026-08-14T06:15:20.880590,2026-08-13T06:15:20.880590,IN_TRANSIT
SHP002333,O000674,UPS,2026-08-20T12:13:20.880590,2026-08-27T12:13:20.880590,2026-08-27T12:13:20.880590,DELIVERED
SHP002334,O000998,DHL,2026-08-07T05:33:20.880590,2026-08-14T05:33:20.880590,2026-08-15T05:33:20.880590,DELIVERED
SHP002335,O002345,UPS,2026-08-19T16:22:20.880590,2026-08-21T16:22:20.880590,2026-08-23T16:22:20.880590,DELAYED
SHP002336,O002506,UPS,2026-08-24T10:36:20.880590,2026-08-30T10:36:20.880590,2026-08-31T10:36:20.880590,IN_TRANSIT
SHP002337,O001678,FedEx,2026-08-19T09:39:20.880590,2026-08-20T09:39:20.880590,2026-08-22T09:39:20.880590,DELAYED
SHP002338,O000793,DHL,2026-08-28T20:25:20.880590,2026-09-03T20:25:20.880590,2026-09-03T20:25:20.880590,DELIVERED
SHP002339,O001991,UPS,2026-08-17T09:27:20.880590,2026-08-24T09:27:20.880590,2026-08-26T09:27:20.880590,IN_TRANSIT
SHP002340,O003541,Delhivery,2026-08-14T13:14:20.880590,2026-08-18T13:14:20.880590,2026-08-17T13:14:20.880590,DELIVERED
SHP002341,O000375,FedEx,2026-08-08T04:53:20.880590,2026-08-15T04:53:20.880590,2026-08-15T04:53:20.880590,DELIVERED
SHP002342,O002471,Delhivery,2026-08-20T11:04:20.880590,2026-08-25T11:04:20.880590,2026-08-26T11:04:20.880590,IN_TRANSIT
SHP002343,O002916,Delhivery,2026-08-31T18:13:20.880590,2026-09-06T18:13:20.880590,2026-09-07T18:13:20.880590,DELAYED
SHP002344,O004348,Delhivery,2026-08-10T04:35:20.880590,2026-08-15T04:35:20.880590,2026-08-14T04:35:20.880590,IN_TRANSIT
SHP002345,O003306,DHL,2026-08-30T08:22:20.880590,2026-09-05T08:22:20.880590,2026-09-05T08:22:20.880590,DELIVERED
SHP002346,O004692,Delhivery,2026-08-23T17:34:20.880590,2026-08-25T17:34:20.880590,2026-08-26T17:34:20.880590,DELAYED
SHP002347,O001781,BlueDart,2026-08-18T16:05:20.880590,2026-08-22T16:05:20.880590,2026-08-22T16:05:20.880590,DELAYED
SHP002348,O004023,UPS,2026-08-12T20:45:20.880590,2026-08-17T20:45:20.880590,2026-08-16T20:45:20.880590,DELIVERED
SHP002349,O000963,FedEx,2026-08-16T19:35:20.880590,2026-08-18T19:35:20.880590,2026-08-18T19:35:20.880590,DELIVERED
SHP002350,O002634,UPS,2026-09-03T11:03:20.880590,2026-09-08T11:03:20.880590,2026-09-07T11:03:20.880590,IN_TRANSIT
SHP002351,O002375,BlueDart,2026-08-07T16:28:20.880590,2026-08-09T16:28:20.880590,2026-08-08T16:28:20.880590,IN_TRANSIT
SHP002352,O001789,BlueDart,2026-08-30T23:15:20.880590,2026-09-04T23:15:20.880590,2026-09-05T23:15:20.880590,IN_TRANSIT
SHP002353,O003864,BlueDart,2026-08-27T23:40:20.880590,2026-08-30T23:40:20.880590,2026-08-29T23:40:20.880590,IN_TRANSIT
SHP002354,O001812,BlueDart,2026-08-07T21:04:20.880590,2026-08-11T21:04:20.880590,2026-08-12T21:04:20.880590,IN_TRANSIT
SHP002355,O000103,DHL,2026-08-25T08:44:20.880590,2026-08-31T08:44:20.880590,2026-09-01T08:44:20.880590,IN_TRANSIT
SHP002356,O001328,Delhivery,2026-08-13T09:30:20.880590,2026-08-20T09:30:20.880590,2026-08-20T09:30:20.880590,DELIVERED
SHP002357,O004414,FedEx,2026-08-15T07:06:20.880590,2026-08-16T07:06:20.880590,2026-08-18T07:06:20.880590,DELIVERED
SHP002358,O003403,Delhivery,2026-08-29T23:18:20.880590,2026-08-31T23:18:20.880590,2026-09-01T23:18:20.880590,DELAYED
SHP002359,O003608,FedEx,2026-08-18T23:08:20.880590,2026-08-22T23:08:20.880590,2026-08-22T23:08:20.880590,DELAYED
SHP002360,O004905,FedEx,2026-08-16T20:47:20.880590,2026-08-18T20:47:20.880590,2026-08-17T20:47:20.880590,IN_TRANSIT
SHP002361,O004803,BlueDart,2026-08-23T10:47:20.880590,2026-08-28T10:47:20.880590,2026-08-28T10:47:20.880590,DELAYED
SHP002362,O003296,BlueDart,2026-08-08T17:29:20.880590,2026-08-14T17:29:20.880590,2026-08-15T17:29:20.880590,DELIVERED
SHP002363,O004449,UPS,2026-08-19T11:47:20.880590,2026-08-21T11:47:20.880590,2026-08-20T11:47:20.880590,DELIVERED
SHP002364,O002068,UPS,2026-08-16T06:28:20.880590,2026-08-18T06:28:20.880590,2026-08-18T06:28:20.880590,DELAYED
SHP002365,O004738,Delhivery,2026-08-19T16:06:20.880590,2026-08-20T16:06:20.880590,2026-08-19T16:06:20.880590,DELAYED
SHP002366,O002534,BlueDart,2026-09-05T23:56:20.880590,2026-09-08T23:56:20.880590,2026-09-07T23:56:20.880590,DELIVERED
SHP002367,O001486,DHL,2026-08-18T22:55:20.880590,2026-08-19T22:55:20.880590,2026-08-20T22:55:20.880590,DELAYED
SHP002368,O003832,Delhivery,2026-08-17T18:08:20.880590,2026-08-23T18:08:20.880590,2026-08-22T18:08:20.880590,IN_TRANSIT
SHP002369,O002515,Delhivery,2026-08-07T22:08:20.880590,2026-08-13T22:08:20.880590,2026-08-13T22:08:20.880590,IN_TRANSIT
SHP002370,O004334,DHL,2026-08-18T13:07:20.880590,2026-08-19T13:07:20.880590,2026-08-20T13:07:20.880590,DELAYED
SHP002371,O004747,UPS,2026-08-22T10:39:20.880590,2026-08-25T10:39:20.880590,2026-08-27T10:39:20.880590,DELAYED
SHP002372,O004692,UPS,2026-08-24T00:02:20.880590,2026-08-26T00:02:20.880590,2026-08-25T00:02:20.880590,DELAYED
SHP002373,O004094,Delhivery,2026-08-18T06:55:20.880590,2026-08-25T06:55:20.880590,2026-08-25T06:55:20.880590,DELIVERED
SHP002374,O003360,FedEx,2026-08-16T13:14:20.880590,2026-08-22T13:14:20.880590,2026-08-23T13:14:20.880590,IN_TRANSIT
SHP002375,O004068,FedEx,2026-09-02T06:46:20.880590,2026-09-06T06:46:20.880590,2026-09-07T06:46:20.880590,IN_TRANSIT
SHP002376,O004258,BlueDart,2026-08-26T12:32:20.880590,2026-08-30T12:32:20.880590,2026-08-31T12:32:20.880590,IN_TRANSIT
SHP002377,O001718,UPS,2026-09-01T21:46:20.880590,2026-09-08T21:46:20.880590,2026-09-10T21:46:20.880590,IN_TRANSIT
SHP002378,O001710,UPS,2026-08-10T07:57:20.880590,2026-08-11T07:57:20.880590,2026-08-12T07:57:20.880590,IN_TRANSIT
SHP002379,O000598,Delhivery,2026-09-03T03:59:20.880590,2026-09-06T03:59:20.880590,2026-09-06T03:59:20.880590,DELAYED
SHP002380,O004487,Delhivery,2026-08-08T03:04:20.880590,2026-08-15T03:04:20.880590,2026-08-15T03:04:20.880590,DELIVERED
SHP002381,O004026,FedEx,2026-08-26T17:39:20.880590,2026-08-28T17:39:20.880590,2026-08-28T17:39:20.880590,DELAYED
SHP002382,O000107,BlueDart,2026-09-03T16:20:20.880590,2026-09-10T16:20:20.880590,2026-09-11T16:20:20.880590,DELIVERED
SHP002383,O000226,DHL,2026-08-23T14:15:20.880590,2026-08-24T14:15:20.880590,2026-08-23T14:15:20.880590,DELIVERED
SHP002384,O004996,DHL,2026-08-17T06:01:20.880590,2026-08-20T06:01:20.880590,2026-08-20T06:01:20.880590,DELAYED
SHP002385,O002522,UPS,2026-08-07T01:39:20.880590,2026-08-09T01:39:20.880590,2026-08-09T01:39:20.880590,IN_TRANSIT
SHP002386,O004092,Delhivery,2026-08-18T11:42:20.880590,2026-08-20T11:42:20.880590,2026-08-19T11:42:20.880590,IN_TRANSIT
SHP002387,O004946,DHL,2026-09-02T16:25:20.880590,2026-09-03T16:25:20.880590,2026-09-02T16:25:20.880590,DELAYED
SHP002388,O003226,DHL,2026-08-30T22:23:20.880590,2026-09-06T22:23:20.880590,2026-09-07T22:23:20.880590,IN_TRANSIT
SHP002389,O004962,DHL,2026-08-28T00:09:20.880590,2026-08-31T00:09:20.880590,2026-09-02T00:09:20.880590,DELAYED
SHP002390,O002807,BlueDart,2026-08-11T03:14:20.880590,2026-08-13T03:14:20.880590,2026-08-15T03:14:20.880590,DELAYED
SHP002391,O003125,BlueDart,2026-08-08T06:38:20.880590,2026-08-13T06:38:20.880590,2026-08-15T06:38:20.880590,IN_TRANSIT
SHP002392,O001894,BlueDart,2026-08-28T01:48:20.880590,2026-09-01T01:48:20.880590,2026-09-01T01:48:20.880590,DELIVERED
SHP002393,O003231,DHL,2026-09-02T15:20:20.880590,2026-09-03T15:20:20.880590,2026-09-03T15:20:20.880590,DELIVERED
SHP002394,O001485,BlueDart,2026-08-27T21:45:20.880590,2026-08-30T21:45:20.880590,2026-08-30T21:45:20.880590,DELAYED
SHP002395,O000469,UPS,2026-08-14T22:52:20.880590,2026-08-19T22:52:20.880590,2026-08-20T22:52:20.880590,DELAYED
SHP002396,O003595,FedEx,2026-09-01T19:32:20.880590,2026-09-04T19:32:20.880590,2026-09-04T19:32:20.880590,DELAYED
SHP002397,O000849,UPS,2026-08-28T09:39:20.880590,2026-08-31T09:39:20.880590,2026-09-01T09:39:20.880590,DELAYED
SHP002398,O001286,BlueDart,2026-08-15T22:55:20.880590,2026-08-19T22:55:20.880590,2026-08-18T22:55:20.880590,DELIVERED
SHP002399,O002750,UPS,2026-08-12T07:43:20.880590,2026-08-18T07:43:20.880590,2026-08-20T07:43:20.880590,DELIVERED
SHP002400,O004089,FedEx,2026-08-28T07:00:20.880590,2026-09-03T07:00:20.880590,2026-09-03T07:00:20.880590,DELAYED
SHP002401,O000038,Delhivery,2026-08-25T21:17:20.880590,2026-08-29T21:17:20.880590,2026-08-31T21:17:20.880590,IN_TRANSIT
SHP002402,O004165,Delhivery,2026-08-25T13:12:20.880590,2026-08-31T13:12:20.880590,2026-09-02T13:12:20.880590,DELAYED
SHP002403,O003442,DHL,2026-09-01T02:29:20.880590,2026-09-02T02:29:20.880590,2026-09-04T02:29:20.880590,IN_TRANSIT
SHP002404,O003886,FedEx,2026-09-03T14:11:20.880590,2026-09-06T14:11:20.880590,2026-09-08T14:11:20.880590,IN_TRANSIT
SHP002405,O004843,UPS,2026-08-28T20:26:20.880590,2026-09-04T20:26:20.880590,2026-09-04T20:26:20.880590,DELAYED
SHP002406,O003365,UPS,2026-08-15T21:54:20.880590,2026-08-18T21:54:20.880590,2026-08-19T21:54:20.880590,DELIVERED
SHP002407,O003135,FedEx,2026-08-14T17:09:20.880590,2026-08-16T17:09:20.880590,2026-08-17T17:09:20.880590,IN_TRANSIT
SHP002408,O003476,UPS,2026-08-29T11:40:20.880590,2026-09-03T11:40:20.880590,2026-09-04T11:40:20.880590,IN_TRANSIT
SHP002409,O004246,BlueDart,2026-08-22T07:05:20.880590,2026-08-28T07:05:20.880590,2026-08-29T07:05:20.880590,IN_TRANSIT
SHP002410,O002125,Delhivery,2026-09-04T05:33:20.880590,2026-09-10T05:33:20.880590,2026-09-10T05:33:20.880590,IN_TRANSIT
SHP002411,O002858,UPS,2026-08-10T14:56:20.880590,2026-08-17T14:56:20.880590,2026-08-17T14:56:20.880590,IN_TRANSIT
SHP002412,O002071,UPS,2026-08-27T05:40:20.880590,2026-09-02T05:40:20.880590,2026-09-01T05:40:20.880590,DELAYED
SHP002413,O001063,UPS,2026-09-05T02:51:20.880590,2026-09-06T02:51:20.880590,2026-09-06T02:51:20.880590,DELIVERED
SHP002414,O004057,FedEx,2026-08-27T04:56:20.880590,2026-09-01T04:56:20.880590,2026-08-31T04:56:20.880590,DELAYED
SHP002415,O004295,Delhivery,2026-08-19T11:29:20.880590,2026-08-23T11:29:20.880590,2026-08-23T11:29:20.880590,DELIVERED
SHP002416,O002120,UPS,2026-09-05T06:18:20.880590,2026-09-06T06:18:20.880590,2026-09-06T06:18:20.880590,IN_TRANSIT
SHP002417,O002291,Delhivery,2026-08-22T23:03:20.880590,2026-08-29T23:03:20.880590,2026-08-28T23:03:20.880590,IN_TRANSIT
SHP002418,O000060,UPS,2026-08-30T22:49:20.880590,2026-09-01T22:49:20.880590,2026-09-03T22:49:20.880590,DELIVERED
SHP002419,O004372,UPS,2026-08-16T02:28:20.880590,2026-08-20T02:28:20.880590,2026-08-22T02:28:20.880590,DELIVERED
SHP002420,O004974,DHL,2026-08-15T13:09:20.880590,2026-08-17T13:09:20.880590,2026-08-18T13:09:20.880590,DELAYED
SHP002421,O002482,Delhivery,2026-08-24T08:13:20.880590,2026-08-25T08:13:20.880590,2026-08-25T08:13:20.880590,DELIVERED
SHP002422,O001814,BlueDart,2026-08-28T15:56:20.880590,2026-08-30T15:56:20.880590,2026-08-29T15:56:20.880590,IN_TRANSIT
SHP002423,O002882,DHL,2026-08-11T00:50:20.880590,2026-08-17T00:50:20.880590,2026-08-18T00:50:20.880590,DELIVERED
SHP002424,O002110,DHL,2026-08-15T02:23:20.880590,2026-08-18T02:23:20.880590,2026-08-17T02:23:20.880590,DELIVERED
SHP002425,O003340,UPS,2026-08-13T11:35:20.880590,2026-08-18T11:35:20.880590,2026-08-18T11:35:20.880590,DELAYED
SHP002426,O004764,BlueDart,2026-08-27T15:04:20.880590,2026-08-29T15:04:20.880590,2026-08-29T15:04:20.880590,IN_TRANSIT
SHP002427,O003828,UPS,2026-08-25T00:23:20.880590,2026-08-31T00:23:20.880590,2026-09-01T00:23:20.880590,IN_TRANSIT
SHP002428,O003538,DHL,2026-08-24T23:52:20.880590,2026-08-26T23:52:20.880590,2026-08-26T23:52:20.880590,DELIVERED
SHP002429,O001611,Delhivery,2026-08-29T03:55:20.880590,2026-09-03T03:55:20.880590,2026-09-04T03:55:20.880590,IN_TRANSIT
SHP002430,O002750,Delhivery,2026-08-12T03:09:20.880590,2026-08-14T03:09:20.880590,2026-08-13T03:09:20.880590,DELAYED
SHP002431,O002324,DHL,2026-09-02T06:05:20.880590,2026-09-03T06:05:20.880590,2026-09-02T06:05:20.880590,DELIVERED
SHP002432,O004008,BlueDart,2026-08-15T04:58:20.880590,2026-08-16T04:58:20.880590,2026-08-17T04:58:20.880590,DELAYED
SHP002433,O004886,UPS,2026-08-12T01:45:20.880590,2026-08-13T01:45:20.880590,2026-08-14T01:45:20.880590,IN_TRANSIT
SHP002434,O002150,Delhivery,2026-08-30T14:56:20.880590,2026-09-03T14:56:20.880590,2026-09-04T14:56:20.880590,DELAYED
SHP002435,O003845,FedEx,2026-09-04T21:44:20.880590,2026-09-09T21:44:20.880590,2026-09-09T21:44:20.880590,DELIVERED
SHP002436,O003499,DHL,2026-08-08T01:08:20.880590,2026-08-11T01:08:20.880590,2026-08-11T01:08:20.880590,DELIVERED
SHP002437,O003664,UPS,2026-08-21T16:30:20.880590,2026-08-24T16:30:20.880590,2026-08-25T16:30:20.880590,DELAYED
SHP002438,O001724,UPS,2026-09-02T21:53:20.880590,2026-09-03T21:53:20.880590,2026-09-03T21:53:20.880590,DELAYED
SHP002439,O001503,BlueDart,2026-09-05T05:55:20.880590,2026-09-06T05:55:20.880590,2026-09-06T05:55:20.880590,IN_TRANSIT
SHP002440,O003306,Delhivery,2026-08-08T09:05:20.880590,2026-08-12T09:05:20.880590,2026-08-12T09:05:20.880590,IN_TRANSIT
SHP002441,O000496,BlueDart,2026-08-28T11:16:20.880590,2026-08-29T11:16:20.880590,2026-08-31T11:16:20.880590,DELAYED
SHP002442,O001311,Delhivery,2026-08-12T12:12:20.880590,2026-08-14T12:12:20.880590,2026-08-14T12:12:20.880590,DELAYED
SHP002443,O000778,FedEx,2026-08-25T05:22:20.880590,2026-08-30T05:22:20.880590,2026-08-29T05:22:20.880590,DELIVERED
SHP002444,O004031,BlueDart,2026-08-15T14:19:20.880590,2026-08-18T14:19:20.880590,2026-08-18T14:19:20.880590,DELAYED
SHP002445,O004819,Delhivery,2026-09-05T09:30:20.880590,2026-09-08T09:30:20.880590,2026-09-07T09:30:20.880590,DELAYED
SHP002446,O002036,BlueDart,2026-08-16T11:37:20.880590,2026-08-20T11:37:20.880590,2026-08-22T11:37:20.880590,IN_TRANSIT
SHP002447,O002740,Delhivery,2026-08-07T11:13:20.880590,2026-08-14T11:13:20.880590,2026-08-13T11:13:20.880590,IN_TRANSIT
SHP002448,O000542,DHL,2026-09-02T09:35:20.880590,2026-09-08T09:35:20.880590,2026-09-09T09:35:20.880590,DELAYED
SHP002449,O000976,DHL,2026-08-23T14:18:20.880590,2026-08-30T14:18:20.880590,2026-08-31T14:18:20.880590,IN_TRANSIT
SHP002450,O004063,DHL,2026-08-08T22:00:20.880590,2026-08-12T22:00:20.880590,2026-08-14T22:00:20.880590,DELIVERED
SHP002451,O002469,BlueDart,2026-08-31T12:53:20.880590,2026-09-05T12:53:20.880590,2026-09-05T12:53:20.880590,DELAYED
SHP002452,O000088,FedEx,2026-08-15T23:48:20.880590,2026-08-18T23:48:20.880590,2026-08-20T23:48:20.880590,IN_TRANSIT
SHP002453,O001746,BlueDart,2026-08-28T02:31:20.880590,2026-09-04T02:31:20.880590,2026-09-04T02:31:20.880590,DELAYED
SHP002454,O000060,UPS,2026-08-20T00:26:20.880590,2026-08-23T00:26:20.880590,2026-08-25T00:26:20.880590,DELIVERED
SHP002455,O001514,Delhivery,2026-08-28T20:50:20.880590,2026-08-29T20:50:20.880590,2026-08-31T20:50:20.880590,DELIVERED
SHP002456,O000965,BlueDart,2026-08-15T16:00:20.880590,2026-08-20T16:00:20.880590,2026-08-22T16:00:20.880590,DELIVERED
SHP002457,O002100,FedEx,2026-08-24T19:21:20.880590,2026-08-30T19:21:20.880590,2026-08-29T19:21:20.880590,IN_TRANSIT
SHP002458,O004254,UPS,2026-08-29T11:18:20.880590,2026-09-04T11:18:20.880590,2026-09-06T11:18:20.880590,DELAYED
SHP002459,O002139,UPS,2026-08-19T05:01:20.880590,2026-08-20T05:01:20.880590,2026-08-22T05:01:20.880590,DELAYED
SHP002460,O004691,UPS,2026-09-06T01:12:20.880590,2026-09-12T01:12:20.880590,2026-09-14T01:12:20.880590,DELIVERED
SHP002461,O001638,FedEx,2026-08-08T03:34:20.880590,2026-08-14T03:34:20.880590,2026-08-13T03:34:20.880590,IN_TRANSIT
SHP002462,O003046,BlueDart,2026-09-04T13:32:20.880590,2026-09-05T13:32:20.880590,2026-09-05T13:32:20.880590,DELIVERED
SHP002463,O000444,DHL,2026-08-26T07:48:20.880590,2026-09-01T07:48:20.880590,2026-09-01T07:48:20.880590,DELIVERED
SHP002464,O000310,FedEx,2026-08-16T11:12:20.880590,2026-08-21T11:12:20.880590,2026-08-23T11:12:20.880590,DELAYED
SHP002465,O003295,BlueDart,2026-09-04T09:17:20.880590,2026-09-06T09:17:20.880590,2026-09-06T09:17:20.880590,DELIVERED
SHP002466,O001353,FedEx,2026-09-03T09:12:20.880590,2026-09-06T09:12:20.880590,2026-09-07T09:12:20.880590,IN_TRANSIT
SHP002467,O000027,FedEx,2026-08-19T02:34:20.880590,2026-08-20T02:34:20.880590,2026-08-21T02:34:20.880590,DELAYED
SHP002468,O004860,DHL,2026-09-05T07:22:20.880590,2026-09-12T07:22:20.880590,2026-09-12T07:22:20.880590,IN_TRANSIT
SHP002469,O001475,BlueDart,2026-08-09T19:05:20.880590,2026-08-11T19:05:20.880590,2026-08-11T19:05:20.880590,DELIVERED
SHP002470,O001196,Delhivery,2026-08-12T09:43:20.880590,2026-08-15T09:43:20.880590,2026-08-15T09:43:20.880590,DELIVERED
SHP002471,O002674,DHL,2026-09-01T11:22:20.880590,2026-09-02T11:22:20.880590,2026-09-02T11:22:20.880590,DELIVERED
SHP002472,O000643,Delhivery,2026-08-16T04:23:20.880590,2026-08-18T04:23:20.880590,2026-08-17T04:23:20.880590,DELAYED
SHP002473,O004237,FedEx,2026-08-24T13:24:20.880590,2026-08-31T13:24:20.880590,2026-08-30T13:24:20.880590,IN_TRANSIT
SHP002474,O001020,DHL,2026-08-31T02:30:20.880590,2026-09-05T02:30:20.880590,2026-09-05T02:30:20.880590,DELIVERED
SHP002475,O002436,Delhivery,2026-08-22T19:59:20.880590,2026-08-25T19:59:20.880590,2026-08-26T19:59:20.880590,DELIVERED
SHP002476,O002941,BlueDart,2026-08-30T13:15:20.880590,2026-09-06T13:15:20.880590,2026-09-07T13:15:20.880590,DELAYED
SHP002477,O001676,Delhivery,2026-08-27T09:44:20.880590,2026-09-03T09:44:20.880590,2026-09-05T09:44:20.880590,DELAYED
SHP002478,O002220,UPS,2026-08-13T21:39:20.880590,2026-08-19T21:39:20.880590,2026-08-19T21:39:20.880590,DELIVERED
SHP002479,O000860,UPS,2026-08-31T00:14:20.880590,2026-09-07T00:14:20.880590,2026-09-06T00:14:20.880590,DELAYED
SHP002480,O003982,FedEx,2026-08-14T04:41:20.880590,2026-08-21T04:41:20.880590,2026-08-21T04:41:20.880590,DELAYED
SHP002481,O003577,UPS,2026-08-13T08:14:20.880590,2026-08-20T08:14:20.880590,2026-08-20T08:14:20.880590,DELAYED
SHP002482,O000807,Delhivery,2026-08-23T05:12:20.880590,2026-08-26T05:12:20.880590,2026-08-26T05:12:20.880590,IN_TRANSIT
SHP002483,O003826,BlueDart,2026-08-23T16:14:20.880590,2026-08-30T16:14:20.880590,2026-09-01T16:14:20.880590,DELAYED
SHP002484,O002757,UPS,2026-08-10T15:59:20.880590,2026-08-15T15:59:20.880590,2026-08-14T15:59:20.880590,DELIVERED
SHP002485,O004205,DHL,2026-08-09T12:00:20.880590,2026-08-14T12:00:20.880590,2026-08-15T12:00:20.880590,DELAYED
SHP002486,O002690,UPS,2026-09-04T07:15:20.880590,2026-09-07T07:15:20.880590,2026-09-09T07:15:20.880590,IN_TRANSIT
SHP002487,O000847,UPS,2026-08-24T16:52:20.880590,2026-08-25T16:52:20.880590,2026-08-25T16:52:20.880590,DELAYED
SHP002488,O002308,Delhivery,2026-09-01T06:58:20.880590,2026-09-07T06:58:20.880590,2026-09-06T06:58:20.880590,DELAYED
SHP002489,O000250,Delhivery,2026-08-21T20:46:20.880590,2026-08-26T20:46:20.880590,2026-08-26T20:46:20.880590,DELAYED
SHP002490,O002361,BlueDart,2026-08-18T16:16:20.880590,2026-08-24T16:16:20.880590,2026-08-24T16:16:20.880590,DELIVERED
SHP002491,O002724,DHL,2026-08-17T20:38:20.880590,2026-08-21T20:38:20.880590,2026-08-22T20:38:20.880590,DELAYED
SHP002492,O002840,UPS,2026-08-23T11:50:20.880590,2026-08-28T11:50:20.880590,2026-08-28T11:50:20.880590,IN_TRANSIT
SHP002493,O004165,Delhivery,2026-08-22T04:44:20.880590,2026-08-23T04:44:20.880590,2026-08-22T04:44:20.880590,DELAYED
SHP002494,O001250,BlueDart,2026-08-13T03:53:20.880590,2026-08-17T03:53:20.880590,2026-08-17T03:53:20.880590,IN_TRANSIT
SHP002495,O003703,BlueDart,2026-08-27T09:41:20.880590,2026-08-31T09:41:20.880590,2026-08-31T09:41:20.880590,IN_TRANSIT
SHP002496,O001474,UPS,2026-09-02T04:50:20.880590,2026-09-05T04:50:20.880590,2026-09-04T04:50:20.880590,DELIVERED
SHP002497,O004214,BlueDart,2026-08-16T22:14:20.880590,2026-08-18T22:14:20.880590,2026-08-18T22:14:20.880590,DELAYED
SHP002498,O002035,BlueDart,2026-09-02T18:21:20.880590,2026-09-07T18:21:20.880590,2026-09-08T18:21:20.880590,DELAYED
SHP002499,O000140,BlueDart,2026-08-08T19:30:20.880590,2026-08-09T19:30:20.880590,2026-08-09T19:30:20.880590,IN_TRANSIT
SHP002500,O004914,UPS,2026-08-23T15:12:20.880590,2026-08-28T15:12:20.880590,2026-08-28T15:12:20.880590,DELAYED
SHP002501,O003784,UPS,2026-08-25T23:51:20.880590,2026-08-31T23:51:20.880590,2026-08-30T23:51:20.880590,IN_TRANSIT
SHP002502,O001087,FedEx,2026-08-26T11:07:20.880590,2026-09-01T11:07:20.880590,2026-09-03T11:07:20.880590,IN_TRANSIT
SHP002503,O004003,DHL,2026-08-26T06:06:20.880590,2026-08-28T06:06:20.880590,2026-08-28T06:06:20.880590,IN_TRANSIT
SHP002504,O001811,UPS,2026-09-02T17:37:20.880590,2026-09-03T17:37:20.880590,2026-09-03T17:37:20.880590,IN_TRANSIT
SHP002505,O003660,UPS,2026-08-26T16:06:20.880590,2026-08-31T16:06:20.880590,2026-08-30T16:06:20.880590,IN_TRANSIT
SHP002506,O001016,FedEx,2026-08-20T18:19:20.880590,2026-08-27T18:19:20.880590,2026-08-27T18:19:20.880590,IN_TRANSIT
SHP002507,O003955,BlueDart,2026-08-13T18:33:20.880590,2026-08-16T18:33:20.880590,2026-08-16T18:33:20.880590,DELIVERED
SHP002508,O003014,DHL,2026-08-19T22:33:20.880590,2026-08-25T22:33:20.880590,2026-08-25T22:33:20.880590,IN_TRANSIT
SHP002509,O004067,DHL,2026-08-11T18:09:20.880590,2026-08-12T18:09:20.880590,2026-08-12T18:09:20.880590,IN_TRANSIT
SHP002510,O002756,Delhivery,2026-08-23T15:35:20.880590,2026-08-25T15:35:20.880590,2026-08-25T15:35:20.880590,IN_TRANSIT
SHP002511,O002755,UPS,2026-08-23T05:52:20.880590,2026-08-27T05:52:20.880590,2026-08-27T05:52:20.880590,DELIVERED
SHP002512,O004574,FedEx,2026-08-26T08:29:20.880590,2026-08-28T08:29:20.880590,2026-08-28T08:29:20.880590,DELAYED
SHP002513,O003397,BlueDart,2026-08-29T01:41:20.880590,2026-09-03T01:41:20.880590,2026-09-02T01:41:20.880590,DELAYED
SHP002514,O002918,DHL,2026-09-03T22:42:20.880590,2026-09-06T22:42:20.880590,2026-09-08T22:42:20.880590,DELIVERED
SHP002515,O004119,BlueDart,2026-08-08T10:09:20.880590,2026-08-15T10:09:20.880590,2026-08-14T10:09:20.880590,IN_TRANSIT
SHP002516,O000651,BlueDart,2026-08-16T04:52:20.880590,2026-08-17T04:52:20.880590,2026-08-17T04:52:20.880590,IN_TRANSIT
SHP002517,O004581,UPS,2026-08-28T12:28:20.880590,2026-09-04T12:28:20.880590,2026-09-04T12:28:20.880590,DELIVERED
SHP002518,O004744,BlueDart,2026-09-04T12:53:20.880590,2026-09-09T12:53:20.880590,2026-09-09T12:53:20.880590,DELIVERED
SHP002519,O004555,BlueDart,2026-08-24T20:27:20.880590,2026-08-25T20:27:20.880590,2026-08-27T20:27:20.880590,DELAYED
SHP002520,O000562,BlueDart,2026-08-18T02:22:20.880590,2026-08-19T02:22:20.880590,2026-08-21T02:22:20.880590,DELAYED
SHP002521,O004147,Delhivery,2026-08-30T14:49:20.880590,2026-09-02T14:49:20.880590,2026-09-01T14:49:20.880590,DELIVERED
SHP002522,O003020,UPS,2026-08-08T13:54:20.880590,2026-08-15T13:54:20.880590,2026-08-17T13:54:20.880590,DELIVERED
SHP002523,O000642,DHL,2026-09-03T05:44:20.880590,2026-09-04T05:44:20.880590,2026-09-04T05:44:20.880590,DELIVERED
SHP002524,O000359,FedEx,2026-08-14T22:36:20.880590,2026-08-18T22:36:20.880590,2026-08-18T22:36:20.880590,DELIVERED
SHP002525,O001556,FedEx,2026-08-08T13:26:20.880590,2026-08-14T13:26:20.880590,2026-08-14T13:26:20.880590,DELAYED
SHP002526,O001991,BlueDart,2026-08-26T18:50:20.880590,2026-08-31T18:50:20.880590,2026-08-30T18:50:20.880590,DELIVERED
SHP002527,O001935,Delhivery,2026-08-07T04:04:20.880590,2026-08-12T04:04:20.880590,2026-08-13T04:04:20.880590,DELAYED
SHP002528,O000515,Delhivery,2026-08-14T18:37:20.880590,2026-08-19T18:37:20.880590,2026-08-21T18:37:20.880590,DELIVERED
SHP002529,O002435,UPS,2026-08-31T02:21:20.880590,2026-09-04T02:21:20.880590,2026-09-06T02:21:20.880590,DELIVERED
SHP002530,O003710,BlueDart,2026-08-25T19:39:20.880590,2026-08-29T19:39:20.880590,2026-08-29T19:39:20.880590,DELAYED
SHP002531,O001107,DHL,2026-08-19T11:34:20.880590,2026-08-24T11:34:20.880590,2026-08-24T11:34:20.880590,IN_TRANSIT
SHP002532,O000760,FedEx,2026-08-30T09:12:20.880590,2026-09-02T09:12:20.880590,2026-09-02T09:12:20.880590,DELAYED
SHP002533,O003564,UPS,2026-08-25T11:31:20.880590,2026-08-29T11:31:20.880590,2026-08-29T11:31:20.880590,DELIVERED
SHP002534,O002515,UPS,2026-08-25T20:33:20.880590,2026-09-01T20:33:20.880590,2026-08-31T20:33:20.880590,IN_TRANSIT
SHP002535,O004578,FedEx,2026-08-28T03:14:20.880590,2026-09-04T03:14:20.880590,2026-09-04T03:14:20.880590,IN_TRANSIT
SHP002536,O003557,BlueDart,2026-09-03T07:58:20.880590,2026-09-05T07:58:20.880590,2026-09-06T07:58:20.880590,DELAYED
SHP002537,O002681,Delhivery,2026-09-05T16:42:20.880590,2026-09-06T16:42:20.880590,2026-09-08T16:42:20.880590,IN_TRANSIT
SHP002538,O002477,UPS,2026-08-27T05:58:20.880590,2026-09-01T05:58:20.880590,2026-09-03T05:58:20.880590,DELIVERED
SHP002539,O003180,Delhivery,2026-08-21T05:13:20.880590,2026-08-25T05:13:20.880590,2026-08-24T05:13:20.880590,IN_TRANSIT
SHP002540,O003146,Delhivery,2026-08-18T18:23:20.880590,2026-08-20T18:23:20.880590,2026-08-22T18:23:20.880590,DELAYED
SHP002541,O002043,DHL,2026-08-22T07:16:20.880590,2026-08-29T07:16:20.880590,2026-08-29T07:16:20.880590,IN_TRANSIT
SHP002542,O003305,UPS,2026-08-26T22:54:20.880590,2026-09-01T22:54:20.880590,2026-09-01T22:54:20.880590,DELIVERED
SHP002543,O002287,DHL,2026-09-04T01:12:20.880590,2026-09-06T01:12:20.880590,2026-09-07T01:12:20.880590,DELAYED
SHP002544,O004551,Delhivery,2026-08-07T13:33:20.880590,2026-08-14T13:33:20.880590,2026-08-15T13:33:20.880590,IN_TRANSIT
SHP002545,O003184,BlueDart,2026-09-02T20:55:20.880590,2026-09-06T20:55:20.880590,2026-09-08T20:55:20.880590,DELIVERED
SHP002546,O004406,FedEx,2026-08-12T14:23:20.880590,2026-08-19T14:23:20.880590,2026-08-19T14:23:20.880590,DELAYED
SHP002547,O001991,FedEx,2026-08-13T16:46:20.880590,2026-08-16T16:46:20.880590,2026-08-17T16:46:20.880590,DELAYED
SHP002548,O001126,FedEx,2026-08-29T09:19:20.880590,2026-08-30T09:19:20.880590,2026-08-30T09:19:20.880590,IN_TRANSIT
SHP002549,O001888,BlueDart,2026-08-16T12:22:20.880590,2026-08-22T12:22:20.880590,2026-08-24T12:22:20.880590,IN_TRANSIT
SHP002550,O003169,DHL,2026-08-09T11:33:20.880590,2026-08-11T11:33:20.880590,2026-08-13T11:33:20.880590,IN_TRANSIT
SHP002551,O002465,Delhivery,2026-08-29T10:44:20.880590,2026-09-01T10:44:20.880590,2026-09-02T10:44:20.880590,DELAYED
SHP002552,O000422,UPS,2026-08-18T04:35:20.880590,2026-08-25T04:35:20.880590,2026-08-25T04:35:20.880590,IN_TRANSIT
SHP002553,O003155,UPS,2026-09-02T15:25:20.880590,2026-09-08T15:25:20.880590,2026-09-09T15:25:20.880590,DELAYED
SHP002554,O003047,BlueDart,2026-08-25T05:39:20.880590,2026-08-30T05:39:20.880590,2026-08-31T05:39:20.880590,DELAYED
SHP002555,O000444,UPS,2026-08-07T03:44:20.880590,2026-08-10T03:44:20.880590,2026-08-09T03:44:20.880590,DELAYED
SHP002556,O003241,BlueDart,2026-08-13T01:20:20.880590,2026-08-19T01:20:20.880590,2026-08-20T01:20:20.880590,IN_TRANSIT
SHP002557,O002093,Delhivery,2026-09-05T03:32:20.880590,2026-09-08T03:32:20.880590,2026-09-08T03:32:20.880590,IN_TRANSIT
SHP002558,O001357,BlueDart,2026-08-17T06:17:20.880590,2026-08-18T06:17:20.880590,2026-08-18T06:17:20.880590,IN_TRANSIT
SHP002559,O002092,BlueDart,2026-08-11T22:41:20.880590,2026-08-14T22:41:20.880590,2026-08-14T22:41:20.880590,IN_TRANSIT
SHP002560,O001455,DHL,2026-08-18T13:58:20.880590,2026-08-19T13:58:20.880590,2026-08-19T13:58:20.880590,DELIVERED
SHP002561,O004179,BlueDart,2026-08-11T01:17:20.880590,2026-08-15T01:17:20.880590,2026-08-15T01:17:20.880590,IN_TRANSIT
SHP002562,O003021,FedEx,2026-08-11T14:22:20.880590,2026-08-12T14:22:20.880590,2026-08-12T14:22:20.880590,IN_TRANSIT
SHP002563,O004706,DHL,2026-08-10T19:52:20.880590,2026-08-15T19:52:20.880590,2026-08-17T19:52:20.880590,IN_TRANSIT
SHP002564,O000178,UPS,2026-09-05T23:28:20.880590,2026-09-09T23:28:20.880590,2026-09-09T23:28:20.880590,DELAYED
SHP002565,O001929,FedEx,2026-08-11T16:02:20.880590,2026-08-14T16:02:20.880590,2026-08-16T16:02:20.880590,IN_TRANSIT
SHP002566,O004452,DHL,2026-08-09T07:39:20.880590,2026-08-15T07:39:20.880590,2026-08-15T07:39:20.880590,DELIVERED
SHP002567,O001523,Delhivery,2026-08-15T12:10:20.880590,2026-08-20T12:10:20.880590,2026-08-21T12:10:20.880590,IN_TRANSIT
SHP002568,O001678,FedEx,2026-08-25T18:04:20.880590,2026-09-01T18:04:20.880590,2026-09-02T18:04:20.880590,DELAYED
SHP002569,O000391,UPS,2026-09-02T22:59:20.880590,2026-09-04T22:59:20.880590,2026-09-04T22:59:20.880590,DELIVERED
SHP002570,O000785,DHL,2026-08-31T23:56:20.880590,2026-09-04T23:56:20.880590,2026-09-03T23:56:20.880590,DELAYED
SHP002571,O000635,BlueDart,2026-08-30T01:27:20.880590,2026-08-31T01:27:20.880590,2026-08-30T01:27:20.880590,IN_TRANSIT
SHP002572,O001040,Delhivery,2026-08-13T22:27:20.880590,2026-08-14T22:27:20.880590,2026-08-16T22:27:20.880590,IN_TRANSIT
SHP002573,O003762,UPS,2026-08-22T23:14:20.880590,2026-08-27T23:14:20.880590,2026-08-28T23:14:20.880590,IN_TRANSIT
SHP002574,O004904,DHL,2026-09-04T04:35:20.880590,2026-09-07T04:35:20.880590,2026-09-07T04:35:20.880590,IN_TRANSIT
SHP002575,O001477,UPS,2026-08-07T22:06:20.880590,2026-08-12T22:06:20.880590,2026-08-14T22:06:20.880590,IN_TRANSIT
SHP002576,O000927,UPS,2026-08-11T09:55:20.880590,2026-08-13T09:55:20.880590,2026-08-13T09:55:20.880590,DELAYED
SHP002577,O000367,UPS,2026-08-15T21:01:20.880590,2026-08-22T21:01:20.880590,2026-08-21T21:01:20.880590,DELAYED
SHP002578,O003926,UPS,2026-08-29T02:03:20.880590,2026-08-30T02:03:20.880590,2026-08-30T02:03:20.880590,DELIVERED
SHP002579,O000630,DHL,2026-08-26T13:01:20.880590,2026-08-31T13:01:20.880590,2026-08-31T13:01:20.880590,DELIVERED
SHP002580,O003289,Delhivery,2026-08-12T00:11:20.880590,2026-08-17T00:11:20.880590,2026-08-18T00:11:20.880590,IN_TRANSIT
SHP002581,O001648,BlueDart,2026-08-22T11:51:20.880590,2026-08-23T11:51:20.880590,2026-08-23T11:51:20.880590,IN_TRANSIT
SHP002582,O001270,DHL,2026-08-17T22:41:20.880590,2026-08-20T22:41:20.880590,2026-08-20T22:41:20.880590,DELIVERED
SHP002583,O001035,BlueDart,2026-09-03T19:15:20.880590,2026-09-06T19:15:20.880590,2026-09-06T19:15:20.880590,DELIVERED
SHP002584,O003390,BlueDart,2026-08-15T05:36:20.880590,2026-08-19T05:36:20.880590,2026-08-19T05:36:20.880590,IN_TRANSIT
SHP002585,O001438,FedEx,2026-08-09T00:38:20.880590,2026-08-11T00:38:20.880590,2026-08-12T00:38:20.880590,DELIVERED
SHP002586,O002915,UPS,2026-08-25T21:25:20.880590,2026-08-30T21:25:20.880590,2026-08-29T21:25:20.880590,IN_TRANSIT
SHP002587,O002053,BlueDart,2026-08-13T16:23:20.880590,2026-08-16T16:23:20.880590,2026-08-16T16:23:20.880590,IN_TRANSIT
SHP002588,O003449,BlueDart,2026-08-13T21:01:20.880590,2026-08-15T21:01:20.880590,2026-08-14T21:01:20.880590,DELAYED
SHP002589,O003320,BlueDart,2026-08-18T01:41:20.880590,2026-08-24T01:41:20.880590,2026-08-23T01:41:20.880590,DELIVERED
SHP002590,O002573,DHL,2026-08-27T18:03:20.880590,2026-08-28T18:03:20.880590,2026-08-27T18:03:20.880590,IN_TRANSIT
SHP002591,O004505,BlueDart,2026-08-26T22:19:20.880590,2026-08-27T22:19:20.880590,2026-08-28T22:19:20.880590,DELAYED
SHP002592,O002615,BlueDart,2026-08-07T04:24:20.880590,2026-08-08T04:24:20.880590,2026-08-07T04:24:20.880590,DELIVERED
SHP002593,O004281,DHL,2026-08-10T20:19:20.880590,2026-08-17T20:19:20.880590,2026-08-18T20:19:20.880590,IN_TRANSIT
SHP002594,O001660,FedEx,2026-09-03T07:29:20.880590,2026-09-05T07:29:20.880590,2026-09-05T07:29:20.880590,DELIVERED
SHP002595,O001882,FedEx,2026-09-02T04:45:20.880590,2026-09-03T04:45:20.880590,2026-09-03T04:45:20.880590,IN_TRANSIT
SHP002596,O002310,Delhivery,2026-08-31T04:01:20.880590,2026-09-06T04:01:20.880590,2026-09-06T04:01:20.880590,DELIVERED
SHP002597,O002711,BlueDart,2026-08-26T02:38:20.880590,2026-09-02T02:38:20.880590,2026-09-01T02:38:20.880590,IN_TRANSIT
SHP002598,O002432,FedEx,2026-09-02T12:46:20.880590,2026-09-04T12:46:20.880590,2026-09-03T12:46:20.880590,DELAYED
SHP002599,O001862,DHL,2026-08-31T02:08:20.880590,2026-09-02T02:08:20.880590,2026-09-02T02:08:20.880590,DELIVERED
SHP002600,O002172,BlueDart,2026-08-25T01:53:20.880590,2026-08-31T01:53:20.880590,2026-09-02T01:53:20.880590,IN_TRANSIT
SHP002601,O002711,DHL,2026-09-04T15:26:20.880590,2026-09-09T15:26:20.880590,2026-09-08T15:26:20.880590,DELIVERED
SHP002602,O002496,DHL,2026-08-08T15:07:20.880590,2026-08-15T15:07:20.880590,2026-08-14T15:07:20.880590,IN_TRANSIT
SHP002603,O004460,Delhivery,2026-08-20T22:19:20.880590,2026-08-21T22:19:20.880590,2026-08-21T22:19:20.880590,DELIVERED
SHP002604,O004971,FedEx,2026-08-09T07:55:20.880590,2026-08-11T07:55:20.880590,2026-08-11T07:55:20.880590,IN_TRANSIT
SHP002605,O002031,FedEx,2026-08-23T16:07:20.880590,2026-08-27T16:07:20.880590,2026-08-27T16:07:20.880590,DELIVERED
SHP002606,O002587,BlueDart,2026-08-07T08:31:20.880590,2026-08-13T08:31:20.880590,2026-08-13T08:31:20.880590,DELAYED
SHP002607,O001586,BlueDart,2026-08-20T19:59:20.880590,2026-08-26T19:59:20.880590,2026-08-25T19:59:20.880590,DELIVERED
SHP002608,O004426,UPS,2026-09-02T08:21:20.880590,2026-09-03T08:21:20.880590,2026-09-04T08:21:20.880590,IN_TRANSIT
SHP002609,O003694,BlueDart,2026-08-17T16:13:20.880590,2026-08-18T16:13:20.880590,2026-08-18T16:13:20.880590,DELIVERED
SHP002610,O000088,UPS,2026-08-28T02:30:20.880590,2026-09-01T02:30:20.880590,2026-08-31T02:30:20.880590,DELIVERED
SHP002611,O002794,Delhivery,2026-08-15T10:19:20.880590,2026-08-17T10:19:20.880590,2026-08-19T10:19:20.880590,DELAYED
SHP002612,O001739,Delhivery,2026-08-17T06:03:20.880590,2026-08-23T06:03:20.880590,2026-08-24T06:03:20.880590,DELIVERED
SHP002613,O004417,UPS,2026-08-27T11:55:20.880590,2026-08-31T11:55:20.880590,2026-09-02T11:55:20.880590,DELIVERED
SHP002614,O003102,Delhivery,2026-08-27T17:19:20.880590,2026-08-31T17:19:20.880590,2026-08-31T17:19:20.880590,DELIVERED
SHP002615,O004951,DHL,2026-08-23T04:44:20.880590,2026-08-27T04:44:20.880590,2026-08-27T04:44:20.880590,DELAYED
SHP002616,O001958,DHL,2026-09-01T16:08:20.880590,2026-09-08T16:08:20.880590,2026-09-07T16:08:20.880590,DELIVERED
SHP002617,O002975,Delhivery,2026-08-22T20:36:20.880590,2026-08-23T20:36:20.880590,2026-08-24T20:36:20.880590,DELAYED
SHP002618,O001550,FedEx,2026-09-01T00:11:20.880590,2026-09-07T00:11:20.880590,2026-09-06T00:11:20.880590,IN_TRANSIT
SHP002619,O001736,BlueDart,2026-09-02T20:36:20.880590,2026-09-05T20:36:20.880590,2026-09-06T20:36:20.880590,DELIVERED
SHP002620,O004933,UPS,2026-08-30T16:26:20.880590,2026-09-05T16:26:20.880590,2026-09-05T16:26:20.880590,DELIVERED
SHP002621,O002871,UPS,2026-08-24T14:42:20.880590,2026-08-31T14:42:20.880590,2026-08-31T14:42:20.880590,DELIVERED
SHP002622,O004678,FedEx,2026-08-22T06:17:20.880590,2026-08-29T06:17:20.880590,2026-08-29T06:17:20.880590,IN_TRANSIT
SHP002623,O004076,BlueDart,2026-08-08T00:51:20.880590,2026-08-15T00:51:20.880590,2026-08-15T00:51:20.880590,DELIVERED
SHP002624,O002138,BlueDart,2026-09-02T07:09:20.880590,2026-09-04T07:09:20.880590,2026-09-03T07:09:20.880590,IN_TRANSIT
SHP002625,O002625,BlueDart,2026-08-31T13:02:20.880590,2026-09-02T13:02:20.880590,2026-09-02T13:02:20.880590,IN_TRANSIT
SHP002626,O004760,FedEx,2026-08-12T02:17:20.880590,2026-08-16T02:17:20.880590,2026-08-15T02:17:20.880590,DELIVERED
SHP002627,O003138,DHL,2026-09-04T19:16:20.880590,2026-09-05T19:16:20.880590,2026-09-07T19:16:20.880590,IN_TRANSIT
SHP002628,O000164,DHL,2026-08-30T09:14:20.880590,2026-08-31T09:14:20.880590,2026-09-02T09:14:20.880590,DELIVERED
SHP002629,O000027,Delhivery,2026-08-26T21:39:20.880590,2026-09-01T21:39:20.880590,2026-08-31T21:39:20.880590,DELAYED
SHP002630,O004684,DHL,2026-08-19T17:26:20.880590,2026-08-26T17:26:20.880590,2026-08-28T17:26:20.880590,DELIVERED
SHP002631,O003829,DHL,2026-09-05T19:24:20.880590,2026-09-06T19:24:20.880590,2026-09-06T19:24:20.880590,DELIVERED
SHP002632,O003328,FedEx,2026-08-29T19:06:20.880590,2026-09-03T19:06:20.880590,2026-09-02T19:06:20.880590,IN_TRANSIT
SHP002633,O003784,BlueDart,2026-08-30T21:38:20.880590,2026-09-06T21:38:20.880590,2026-09-07T21:38:20.880590,IN_TRANSIT
SHP002634,O000694,UPS,2026-08-09T07:45:20.880590,2026-08-15T07:45:20.880590,2026-08-17T07:45:20.880590,IN_TRANSIT
SHP002635,O003160,Delhivery,2026-08-13T03:55:20.880590,2026-08-15T03:55:20.880590,2026-08-14T03:55:20.880590,DELIVERED
SHP002636,O002752,BlueDart,2026-09-01T16:32:20.880590,2026-09-07T16:32:20.880590,2026-09-09T16:32:20.880590,IN_TRANSIT
SHP002637,O003556,DHL,2026-08-20T23:33:20.880590,2026-08-24T23:33:20.880590,2026-08-25T23:33:20.880590,DELIVERED
SHP002638,O002605,Delhivery,2026-09-04T23:48:20.880590,2026-09-07T23:48:20.880590,2026-09-08T23:48:20.880590,DELAYED
SHP002639,O000919,Delhivery,2026-09-01T16:17:20.880590,2026-09-08T16:17:20.880590,2026-09-08T16:17:20.880590,DELIVERED
SHP002640,O002901,DHL,2026-08-08T17:44:20.880590,2026-08-10T17:44:20.880590,2026-08-10T17:44:20.880590,IN_TRANSIT
SHP002641,O004661,BlueDart,2026-08-17T23:44:20.880590,2026-08-24T23:44:20.880590,2026-08-24T23:44:20.880590,DELAYED
SHP002642,O004996,FedEx,2026-08-31T05:01:20.880590,2026-09-03T05:01:20.880590,2026-09-02T05:01:20.880590,DELIVERED
SHP002643,O002924,DHL,2026-08-29T15:10:20.880590,2026-09-02T15:10:20.880590,2026-09-03T15:10:20.880590,DELAYED
SHP002644,O004301,BlueDart,2026-08-19T03:36:20.880590,2026-08-25T03:36:20.880590,2026-08-26T03:36:20.880590,DELIVERED
SHP002645,O004435,DHL,2026-08-23T14:01:20.880590,2026-08-28T14:01:20.880590,2026-08-28T14:01:20.880590,DELAYED
SHP002646,O004015,BlueDart,2026-08-12T04:50:20.880590,2026-08-15T04:50:20.880590,2026-08-17T04:50:20.880590,IN_TRANSIT
SHP002647,O004089,BlueDart,2026-08-19T21:36:20.880590,2026-08-24T21:36:20.880590,2026-08-24T21:36:20.880590,IN_TRANSIT
SHP002648,O002729,Delhivery,2026-09-04T00:18:20.880590,2026-09-07T00:18:20.880590,2026-09-07T00:18:20.880590,DELAYED
SHP002649,O003055,BlueDart,2026-08-17T18:18:20.880590,2026-08-22T18:18:20.880590,2026-08-24T18:18:20.880590,DELAYED
SHP002650,O001018,FedEx,2026-08-28T10:25:20.880590,2026-08-31T10:25:20.880590,2026-08-31T10:25:20.880590,DELIVERED
SHP002651,O001640,DHL,2026-08-10T17:04:20.880590,2026-08-16T17:04:20.880590,2026-08-17T17:04:20.880590,IN_TRANSIT
SHP002652,O004735,DHL,2026-08-26T10:29:20.880590,2026-08-28T10:29:20.880590,2026-08-29T10:29:20.880590,IN_TRANSIT
SHP002653,O004730,DHL,2026-08-12T03:40:20.880590,2026-08-17T03:40:20.880590,2026-08-18T03:40:20.880590,DELAYED
SHP002654,O001550,FedEx,2026-09-02T05:41:20.880590,2026-09-05T05:41:20.880590,2026-09-05T05:41:20.880590,DELAYED
SHP002655,O001744,DHL,2026-08-08T18:27:20.880590,2026-08-10T18:27:20.880590,2026-08-12T18:27:20.880590,IN_TRANSIT
SHP002656,O001776,DHL,2026-09-01T09:36:20.880590,2026-09-04T09:36:20.880590,2026-09-05T09:36:20.880590,DELAYED
SHP002657,O004224,BlueDart,2026-08-13T02:15:20.880590,2026-08-16T02:15:20.880590,2026-08-16T02:15:20.880590,DELIVERED
SHP002658,O002716,FedEx,2026-08-22T01:14:20.880590,2026-08-26T01:14:20.880590,2026-08-26T01:14:20.880590,DELIVERED
SHP002659,O004901,UPS,2026-08-13T05:41:20.880590,2026-08-20T05:41:20.880590,2026-08-22T05:41:20.880590,IN_TRANSIT
SHP002660,O003933,Delhivery,2026-08-18T14:23:20.880590,2026-08-19T14:23:20.880590,2026-08-18T14:23:20.880590,DELIVERED
SHP002661,O001292,BlueDart,2026-09-01T11:28:20.880590,2026-09-06T11:28:20.880590,2026-09-08T11:28:20.880590,DELIVERED
SHP002662,O003018,DHL,2026-08-20T06:35:20.880590,2026-08-24T06:35:20.880590,2026-08-24T06:35:20.880590,DELAYED
SHP002663,O001045,FedEx,2026-08-14T13:51:20.880590,2026-08-19T13:51:20.880590,2026-08-19T13:51:20.880590,DELIVERED
SHP002664,O003770,Delhivery,2026-08-27T02:33:20.880590,2026-08-31T02:33:20.880590,2026-08-31T02:33:20.880590,DELIVERED
SHP002665,O004651,UPS,2026-08-18T04:15:20.880590,2026-08-24T04:15:20.880590,2026-08-25T04:15:20.880590,IN_TRANSIT
SHP002666,O000455,UPS,2026-09-05T09:01:20.880590,2026-09-08T09:01:20.880590,2026-09-09T09:01:20.880590,DELAYED
SHP002667,O003953,Delhivery,2026-08-29T14:01:20.880590,2026-08-30T14:01:20.880590,2026-08-31T14:01:20.880590,IN_TRANSIT
SHP002668,O000608,FedEx,2026-08-16T08:03:20.880590,2026-08-22T08:03:20.880590,2026-08-22T08:03:20.880590,DELIVERED
SHP002669,O002616,FedEx,2026-08-20T19:04:20.880590,2026-08-23T19:04:20.880590,2026-08-23T19:04:20.880590,DELAYED
SHP002670,O000563,UPS,2026-08-10T12:57:20.880590,2026-08-14T12:57:20.880590,2026-08-14T12:57:20.880590,DELIVERED
SHP002671,O001153,BlueDart,2026-09-02T19:14:20.880590,2026-09-04T19:14:20.880590,2026-09-03T19:14:20.880590,DELAYED
SHP002672,O004224,DHL,2026-08-19T10:09:20.880590,2026-08-25T10:09:20.880590,2026-08-25T10:09:20.880590,IN_TRANSIT
SHP002673,O003057,BlueDart,2026-09-02T23:31:20.880590,2026-09-08T23:31:20.880590,2026-09-08T23:31:20.880590,IN_TRANSIT
SHP002674,O002102,FedEx,2026-08-15T13:04:20.880590,2026-08-17T13:04:20.880590,2026-08-19T13:04:20.880590,DELIVERED
SHP002675,O004390,BlueDart,2026-08-25T13:54:20.880590,2026-09-01T13:54:20.880590,2026-09-02T13:54:20.880590,DELIVERED
SHP002676,O004400,UPS,2026-08-30T18:19:20.880590,2026-09-02T18:19:20.880590,2026-09-01T18:19:20.880590,IN_TRANSIT
SHP002677,O002231,FedEx,2026-09-02T02:52:20.880590,2026-09-09T02:52:20.880590,2026-09-11T02:52:20.880590,DELAYED
SHP002678,O002180,DHL,2026-08-19T11:09:20.880590,2026-08-20T11:09:20.880590,2026-08-19T11:09:20.880590,DELIVERED
SHP002679,O001196,BlueDart,2026-08-20T16:55:20.880590,2026-08-27T16:55:20.880590,2026-08-29T16:55:20.880590,IN_TRANSIT
SHP002680,O001581,UPS,2026-08-18T21:53:20.880590,2026-08-21T21:53:20.880590,2026-08-23T21:53:20.880590,DELIVERED
SHP002681,O000012,DHL,2026-08-12T06:44:20.880590,2026-08-19T06:44:20.880590,2026-08-21T06:44:20.880590,DELIVERED
SHP002682,O004471,Delhivery,2026-08-30T00:56:20.880590,2026-09-03T00:56:20.880590,2026-09-05T00:56:20.880590,DELAYED
SHP002683,O000931,FedEx,2026-09-05T06:06:20.880590,2026-09-07T06:06:20.880590,2026-09-09T06:06:20.880590,DELIVERED
SHP002684,O003673,UPS,2026-08-23T21:14:20.880590,2026-08-25T21:14:20.880590,2026-08-27T21:14:20.880590,IN_TRANSIT
SHP002685,O000636,DHL,2026-08-29T22:36:20.880590,2026-08-30T22:36:20.880590,2026-08-30T22:36:20.880590,DELAYED
SHP002686,O000308,FedEx,2026-08-29T18:59:20.880590,2026-09-01T18:59:20.880590,2026-09-02T18:59:20.880590,IN_TRANSIT
SHP002687,O000436,DHL,2026-08-25T01:32:20.880590,2026-09-01T01:32:20.880590,2026-09-02T01:32:20.880590,IN_TRANSIT
SHP002688,O003149,FedEx,2026-08-14T09:40:20.880590,2026-08-17T09:40:20.880590,2026-08-17T09:40:20.880590,IN_TRANSIT
SHP002689,O003410,FedEx,2026-08-19T23:26:20.880590,2026-08-20T23:26:20.880590,2026-08-20T23:26:20.880590,DELIVERED
SHP002690,O002800,UPS,2026-08-17T13:12:20.880590,2026-08-24T13:12:20.880590,2026-08-25T13:12:20.880590,DELAYED
SHP002691,O001181,FedEx,2026-08-14T18:41:20.880590,2026-08-19T18:41:20.880590,2026-08-19T18:41:20.880590,DELIVERED
SHP002692,O000683,BlueDart,2026-08-29T08:50:20.880590,2026-08-31T08:50:20.880590,2026-08-31T08:50:20.880590,DELIVERED
SHP002693,O003154,BlueDart,2026-08-19T15:05:20.880590,2026-08-20T15:05:20.880590,2026-08-22T15:05:20.880590,IN_TRANSIT
SHP002694,O003869,DHL,2026-08-18T20:31:20.880590,2026-08-24T20:31:20.880590,2026-08-23T20:31:20.880590,IN_TRANSIT
SHP002695,O002047,Delhivery,2026-08-09T08:49:20.880590,2026-08-14T08:49:20.880590,2026-08-13T08:49:20.880590,DELIVERED
SHP002696,O004736,UPS,2026-08-27T03:38:20.880590,2026-08-28T03:38:20.880590,2026-08-29T03:38:20.880590,DELIVERED
SHP002697,O001094,DHL,2026-08-22T09:50:20.880590,2026-08-25T09:50:20.880590,2026-08-24T09:50:20.880590,DELAYED
SHP002698,O000004,FedEx,2026-08-15T03:05:20.880590,2026-08-17T03:05:20.880590,2026-08-17T03:05:20.880590,DELAYED
SHP002699,O003995,UPS,2026-08-11T21:57:20.880590,2026-08-15T21:57:20.880590,2026-08-14T21:57:20.880590,IN_TRANSIT
SHP002700,O000341,Delhivery,2026-08-30T11:29:20.880590,2026-09-02T11:29:20.880590,2026-09-03T11:29:20.880590,IN_TRANSIT
SHP002701,O004332,UPS,2026-08-10T23:14:20.880590,2026-08-13T23:14:20.880590,2026-08-12T23:14:20.880590,DELIVERED
SHP002702,O001615,BlueDart,2026-08-16T23:53:20.880590,2026-08-20T23:53:20.880590,2026-08-20T23:53:20.880590,DELAYED
SHP002703,O001151,Delhivery,2026-08-07T14:53:20.880590,2026-08-10T14:53:20.880590,2026-08-12T14:53:20.880590,DELIVERED
SHP002704,O003532,UPS,2026-08-22T00:29:20.880590,2026-08-27T00:29:20.880590,2026-08-26T00:29:20.880590,IN_TRANSIT
SHP002705,O000811,UPS,2026-09-05T11:53:20.880590,2026-09-11T11:53:20.880590,2026-09-12T11:53:20.880590,DELAYED
SHP002706,O004636,DHL,2026-08-14T19:34:20.880590,2026-08-20T19:34:20.880590,2026-08-20T19:34:20.880590,DELIVERED
SHP002707,O004855,FedEx,2026-08-20T21:29:20.880590,2026-08-22T21:29:20.880590,2026-08-21T21:29:20.880590,DELAYED
SHP002708,O000841,UPS,2026-08-12T08:16:20.880590,2026-08-14T08:16:20.880590,2026-08-16T08:16:20.880590,DELAYED
SHP002709,O002215,Delhivery,2026-09-03T17:04:20.880590,2026-09-04T17:04:20.880590,2026-09-04T17:04:20.880590,DELIVERED
SHP002710,O000057,DHL,2026-08-19T23:53:20.880590,2026-08-21T23:53:20.880590,2026-08-23T23:53:20.880590,IN_TRANSIT
SHP002711,O004729,Delhivery,2026-08-25T02:47:20.880590,2026-08-27T02:47:20.880590,2026-08-29T02:47:20.880590,DELIVERED
SHP002712,O001380,BlueDart,2026-08-20T00:10:20.880590,2026-08-23T00:10:20.880590,2026-08-23T00:10:20.880590,DELIVERED
SHP002713,O001330,DHL,2026-08-12T13:15:20.880590,2026-08-13T13:15:20.880590,2026-08-14T13:15:20.880590,IN_TRANSIT
SHP002714,O001247,DHL,2026-08-09T00:20:20.880590,2026-08-14T00:20:20.880590,2026-08-16T00:20:20.880590,DELAYED
SHP002715,O002517,BlueDart,2026-08-20T20:04:20.880590,2026-08-25T20:04:20.880590,2026-08-27T20:04:20.880590,DELAYED
SHP002716,O003204,BlueDart,2026-08-30T18:01:20.880590,2026-09-02T18:01:20.880590,2026-09-04T18:01:20.880590,IN_TRANSIT
SHP002717,O000608,Delhivery,2026-08-31T19:20:20.880590,2026-09-02T19:20:20.880590,2026-09-03T19:20:20.880590,DELIVERED
SHP002718,O001021,FedEx,2026-09-03T08:37:20.880590,2026-09-09T08:37:20.880590,2026-09-10T08:37:20.880590,IN_TRANSIT
SHP002719,O004970,DHL,2026-08-21T22:31:20.880590,2026-08-25T22:31:20.880590,2026-08-25T22:31:20.880590,IN_TRANSIT
SHP002720,O004725,DHL,2026-09-05T03:39:20.880590,2026-09-08T03:39:20.880590,2026-09-08T03:39:20.880590,DELIVERED
SHP002721,O004586,DHL,2026-08-12T05:35:20.880590,2026-08-13T05:35:20.880590,2026-08-12T05:35:20.880590,DELIVERED
SHP002722,O004239,UPS,2026-08-09T20:44:20.880590,2026-08-11T20:44:20.880590,2026-08-11T20:44:20.880590,DELIVERED
SHP002723,O003299,Delhivery,2026-08-23T09:52:20.880590,2026-08-30T09:52:20.880590,2026-08-30T09:52:20.880590,DELIVERED
SHP002724,O001500,Delhivery,2026-08-20T05:58:20.880590,2026-08-23T05:58:20.880590,2026-08-22T05:58:20.880590,DELAYED
SHP002725,O001209,UPS,2026-08-12T18:22:20.880590,2026-08-16T18:22:20.880590,2026-08-16T18:22:20.880590,IN_TRANSIT
SHP002726,O000670,FedEx,2026-08-28T18:00:20.880590,2026-09-04T18:00:20.880590,2026-09-04T18:00:20.880590,DELIVERED
SHP002727,O002566,FedEx,2026-08-13T09:43:20.880590,2026-08-20T09:43:20.880590,2026-08-20T09:43:20.880590,DELIVERED
SHP002728,O004399,BlueDart,2026-08-18T01:27:20.880590,2026-08-22T01:27:20.880590,2026-08-21T01:27:20.880590,IN_TRANSIT
SHP002729,O003153,DHL,2026-08-28T15:14:20.880590,2026-08-31T15:14:20.880590,2026-08-31T15:14:20.880590,DELAYED
SHP002730,O004834,Delhivery,2026-08-16T01:34:20.880590,2026-08-20T01:34:20.880590,2026-08-21T01:34:20.880590,DELAYED
SHP002731,O003849,UPS,2026-08-25T01:00:20.880590,2026-08-26T01:00:20.880590,2026-08-28T01:00:20.880590,DELAYED
SHP002732,O003988,FedEx,2026-08-29T18:41:20.880590,2026-08-30T18:41:20.880590,2026-08-29T18:41:20.880590,IN_TRANSIT
SHP002733,O002770,FedEx,2026-09-05T15:42:20.880590,2026-09-12T15:42:20.880590,2026-09-12T15:42:20.880590,DELAYED
SHP002734,O000168,FedEx,2026-08-09T09:57:20.880590,2026-08-16T09:57:20.880590,2026-08-16T09:57:20.880590,DELAYED
SHP002735,O003035,DHL,2026-08-08T16:30:20.880590,2026-08-09T16:30:20.880590,2026-08-11T16:30:20.880590,DELAYED
SHP002736,O001185,UPS,2026-08-29T11:57:20.880590,2026-09-05T11:57:20.880590,2026-09-06T11:57:20.880590,DELIVERED
SHP002737,O002266,FedEx,2026-08-22T17:52:20.880590,2026-08-26T17:52:20.880590,2026-08-26T17:52:20.880590,IN_TRANSIT
SHP002738,O003579,Delhivery,2026-08-10T00:07:20.880590,2026-08-15T00:07:20.880590,2026-08-15T00:07:20.880590,DELAYED
SHP002739,O003977,BlueDart,2026-08-15T03:42:20.880590,2026-08-22T03:42:20.880590,2026-08-22T03:42:20.880590,DELAYED
SHP002740,O002614,FedEx,2026-09-01T03:09:20.880590,2026-09-03T03:09:20.880590,2026-09-05T03:09:20.880590,DELAYED
SHP002741,O004517,FedEx,2026-08-11T18:21:20.880590,2026-08-18T18:21:20.880590,2026-08-20T18:21:20.880590,DELAYED
SHP002742,O003124,FedEx,2026-08-15T17:44:20.880590,2026-08-21T17:44:20.880590,2026-08-21T17:44:20.880590,IN_TRANSIT
SHP002743,O003494,Delhivery,2026-09-01T01:22:20.880590,2026-09-02T01:22:20.880590,2026-09-03T01:22:20.880590,DELAYED
SHP002744,O002247,FedEx,2026-08-08T20:48:20.880590,2026-08-14T20:48:20.880590,2026-08-14T20:48:20.880590,IN_TRANSIT
SHP002745,O001893,DHL,2026-08-27T20:09:20.880590,2026-09-01T20:09:20.880590,2026-09-03T20:09:20.880590,DELAYED
SHP002746,O004742,FedEx,2026-08-23T18:30:20.880590,2026-08-24T18:30:20.880590,2026-08-23T18:30:20.880590,DELAYED
SHP002747,O004740,Delhivery,2026-08-26T11:08:20.880590,2026-08-28T11:08:20.880590,2026-08-27T11:08:20.880590,DELAYED
SHP002748,O002612,FedEx,2026-08-15T18:13:20.880590,2026-08-18T18:13:20.880590,2026-08-19T18:13:20.880590,DELAYED
SHP002749,O002836,DHL,2026-08-09T15:42:20.880590,2026-08-16T15:42:20.880590,2026-08-17T15:42:20.880590,DELAYED
SHP002750,O004061,BlueDart,2026-08-07T05:01:20.880590,2026-08-10T05:01:20.880590,2026-08-09T05:01:20.880590,DELAYED
SHP002751,O004519,UPS,2026-09-01T11:32:20.880590,2026-09-06T11:32:20.880590,2026-09-06T11:32:20.880590,DELAYED
SHP002752,O004993,Delhivery,2026-09-02T08:36:20.880590,2026-09-09T08:36:20.880590,2026-09-10T08:36:20.880590,DELIVERED
SHP002753,O003737,BlueDart,2026-08-22T19:53:20.880590,2026-08-27T19:53:20.880590,2026-08-28T19:53:20.880590,DELAYED
SHP002754,O001027,DHL,2026-08-25T22:16:20.880590,2026-08-27T22:16:20.880590,2026-08-29T22:16:20.880590,DELIVERED
SHP002755,O004742,UPS,2026-08-21T20:47:20.880590,2026-08-22T20:47:20.880590,2026-08-24T20:47:20.880590,IN_TRANSIT
SHP002756,O002290,UPS,2026-09-01T04:50:20.880590,2026-09-04T04:50:20.880590,2026-09-04T04:50:20.880590,DELIVERED
SHP002757,O004774,UPS,2026-08-23T22:24:20.880590,2026-08-26T22:24:20.880590,2026-08-25T22:24:20.880590,DELIVERED
SHP002758,O000284,UPS,2026-08-15T15:46:20.880590,2026-08-20T15:46:20.880590,2026-08-19T15:46:20.880590,IN_TRANSIT
SHP002759,O000789,Delhivery,2026-08-20T10:42:20.880590,2026-08-24T10:42:20.880590,2026-08-24T10:42:20.880590,DELAYED
SHP002760,O000899,DHL,2026-08-23T04:30:20.880590,2026-08-24T04:30:20.880590,2026-08-26T04:30:20.880590,IN_TRANSIT
SHP002761,O002529,UPS,2026-08-29T17:14:20.880590,2026-08-30T17:14:20.880590,2026-08-30T17:14:20.880590,IN_TRANSIT
SHP002762,O003293,UPS,2026-08-17T11:57:20.880590,2026-08-23T11:57:20.880590,2026-08-25T11:57:20.880590,DELIVERED
SHP002763,O000250,UPS,2026-08-22T07:31:20.880590,2026-08-23T07:31:20.880590,2026-08-24T07:31:20.880590,DELIVERED
SHP002764,O001167,FedEx,2026-08-29T15:51:20.880590,2026-08-31T15:51:20.880590,2026-08-31T15:51:20.880590,DELIVERED
SHP002765,O003989,Delhivery,2026-08-26T03:57:20.880590,2026-09-02T03:57:20.880590,2026-09-03T03:57:20.880590,DELIVERED
SHP002766,O001414,FedEx,2026-08-16T02:28:20.880590,2026-08-22T02:28:20.880590,2026-08-24T02:28:20.880590,DELIVERED
SHP002767,O004227,DHL,2026-08-13T10:15:20.880590,2026-08-17T10:15:20.880590,2026-08-16T10:15:20.880590,DELAYED
SHP002768,O004672,FedEx,2026-09-04T08:54:20.880590,2026-09-07T08:54:20.880590,2026-09-07T08:54:20.880590,DELAYED
SHP002769,O002623,FedEx,2026-08-27T05:25:20.880590,2026-09-03T05:25:20.880590,2026-09-02T05:25:20.880590,DELIVERED
SHP002770,O003615,UPS,2026-08-14T09:31:20.880590,2026-08-19T09:31:20.880590,2026-08-20T09:31:20.880590,DELIVERED
SHP002771,O001782,DHL,2026-08-29T17:24:20.880590,2026-08-30T17:24:20.880590,2026-08-30T17:24:20.880590,DELAYED
SHP002772,O001955,DHL,2026-08-16T10:15:20.880590,2026-08-17T10:15:20.880590,2026-08-19T10:15:20.880590,DELAYED
SHP002773,O001327,FedEx,2026-08-25T09:19:20.880590,2026-08-26T09:19:20.880590,2026-08-27T09:19:20.880590,DELAYED
SHP002774,O004764,UPS,2026-08-22T06:35:20.880590,2026-08-28T06:35:20.880590,2026-08-27T06:35:20.880590,DELIVERED
SHP002775,O004363,DHL,2026-08-17T17:57:20.880590,2026-08-22T17:57:20.880590,2026-08-21T17:57:20.880590,DELIVERED
SHP002776,O002440,Delhivery,2026-08-26T01:25:20.880590,2026-08-29T01:25:20.880590,2026-08-28T01:25:20.880590,DELAYED
SHP002777,O000365,FedEx,2026-08-08T18:18:20.880590,2026-08-09T18:18:20.880590,2026-08-11T18:18:20.880590,DELIVERED
SHP002778,O000621,UPS,2026-08-20T22:04:20.880590,2026-08-21T22:04:20.880590,2026-08-23T22:04:20.880590,DELIVERED
SHP002779,O000374,FedEx,2026-08-27T10:28:20.880590,2026-09-01T10:28:20.880590,2026-09-01T10:28:20.880590,IN_TRANSIT
SHP002780,O003479,Delhivery,2026-08-09T21:52:20.880590,2026-08-13T21:52:20.880590,2026-08-15T21:52:20.880590,IN_TRANSIT
SHP002781,O001570,FedEx,2026-09-05T06:08:20.880590,2026-09-12T06:08:20.880590,2026-09-11T06:08:20.880590,IN_TRANSIT
SHP002782,O004970,Delhivery,2026-09-01T21:41:20.880590,2026-09-05T21:41:20.880590,2026-09-04T21:41:20.880590,DELIVERED
SHP002783,O000169,UPS,2026-08-12T21:37:20.880590,2026-08-14T21:37:20.880590,2026-08-14T21:37:20.880590,DELAYED
SHP002784,O002096,FedEx,2026-08-29T14:43:20.880590,2026-09-04T14:43:20.880590,2026-09-04T14:43:20.880590,IN_TRANSIT
SHP002785,O001063,DHL,2026-08-20T23:02:20.880590,2026-08-21T23:02:20.880590,2026-08-22T23:02:20.880590,IN_TRANSIT
SHP002786,O000369,DHL,2026-08-10T01:52:20.880590,2026-08-13T01:52:20.880590,2026-08-14T01:52:20.880590,DELIVERED
SHP002787,O000099,UPS,2026-08-10T01:06:20.880590,2026-08-11T01:06:20.880590,2026-08-11T01:06:20.880590,DELIVERED
SHP002788,O002755,UPS,2026-08-17T17:27:20.880590,2026-08-20T17:27:20.880590,2026-08-21T17:27:20.880590,DELAYED
SHP002789,O001091,DHL,2026-08-20T20:52:20.880590,2026-08-26T20:52:20.880590,2026-08-27T20:52:20.880590,DELIVERED
SHP002790,O001901,Delhivery,2026-08-12T21:07:20.880590,2026-08-15T21:07:20.880590,2026-08-16T21:07:20.880590,DELAYED
SHP002791,O001069,DHL,2026-08-28T04:30:20.880590,2026-09-01T04:30:20.880590,2026-09-02T04:30:20.880590,DELIVERED
SHP002792,O004915,Delhivery,2026-08-30T20:22:20.880590,2026-09-04T20:22:20.880590,2026-09-06T20:22:20.880590,IN_TRANSIT
SHP002793,O003719,BlueDart,2026-09-01T06:13:20.880590,2026-09-05T06:13:20.880590,2026-09-06T06:13:20.880590,DELAYED
SHP002794,O003040,DHL,2026-08-26T23:46:20.880590,2026-08-28T23:46:20.880590,2026-08-30T23:46:20.880590,IN_TRANSIT
SHP002795,O000627,FedEx,2026-08-28T05:00:20.880590,2026-09-04T05:00:20.880590,2026-09-04T05:00:20.880590,DELAYED
SHP002796,O000689,Delhivery,2026-08-31T12:00:20.880590,2026-09-05T12:00:20.880590,2026-09-05T12:00:20.880590,DELAYED
SHP002797,O001317,DHL,2026-08-27T20:00:20.880590,2026-08-30T20:00:20.880590,2026-09-01T20:00:20.880590,IN_TRANSIT
SHP002798,O000319,UPS,2026-08-17T06:59:20.880590,2026-08-20T06:59:20.880590,2026-08-19T06:59:20.880590,DELAYED
SHP002799,O002614,UPS,2026-08-18T13:39:20.880590,2026-08-24T13:39:20.880590,2026-08-26T13:39:20.880590,IN_TRANSIT
SHP002800,O000693,BlueDart,2026-08-30T06:15:20.880590,2026-09-06T06:15:20.880590,2026-09-06T06:15:20.880590,IN_TRANSIT
SHP002801,O004412,Delhivery,2026-08-12T05:21:20.880590,2026-08-18T05:21:20.880590,2026-08-17T05:21:20.880590,IN_TRANSIT
SHP002802,O003300,UPS,2026-09-02T09:33:20.880590,2026-09-08T09:33:20.880590,2026-09-07T09:33:20.880590,DELIVERED
SHP002803,O000877,UPS,2026-09-04T13:35:20.880590,2026-09-08T13:35:20.880590,2026-09-08T13:35:20.880590,DELAYED
SHP002804,O001579,Delhivery,2026-08-22T03:27:20.880590,2026-08-23T03:27:20.880590,2026-08-25T03:27:20.880590,DELAYED
SHP002805,O001954,BlueDart,2026-08-21T20:43:20.880590,2026-08-27T20:43:20.880590,2026-08-27T20:43:20.880590,DELIVERED
SHP002806,O002285,UPS,2026-08-23T12:29:20.880590,2026-08-28T12:29:20.880590,2026-08-28T12:29:20.880590,DELIVERED
SHP002807,O001497,BlueDart,2026-09-02T14:47:20.880590,2026-09-03T14:47:20.880590,2026-09-05T14:47:20.880590,IN_TRANSIT
SHP002808,O000255,BlueDart,2026-08-18T12:17:20.880590,2026-08-20T12:17:20.880590,2026-08-22T12:17:20.880590,IN_TRANSIT
SHP002809,O003737,DHL,2026-08-26T04:41:20.880590,2026-08-28T04:41:20.880590,2026-08-27T04:41:20.880590,DELAYED
SHP002810,O000612,UPS,2026-08-28T08:52:20.880590,2026-08-30T08:52:20.880590,2026-08-31T08:52:20.880590,DELAYED
SHP002811,O002287,FedEx,2026-09-05T22:44:20.880590,2026-09-06T22:44:20.880590,2026-09-06T22:44:20.880590,IN_TRANSIT
SHP002812,O002853,UPS,2026-09-05T14:10:20.880590,2026-09-12T14:10:20.880590,2026-09-12T14:10:20.880590,DELAYED
SHP002813,O002188,UPS,2026-08-21T14:30:20.880590,2026-08-28T14:30:20.880590,2026-08-27T14:30:20.880590,IN_TRANSIT
SHP002814,O004862,BlueDart,2026-08-30T13:11:20.880590,2026-09-03T13:11:20.880590,2026-09-04T13:11:20.880590,DELAYED
SHP002815,O004306,Delhivery,2026-08-29T23:11:20.880590,2026-09-05T23:11:20.880590,2026-09-07T23:11:20.880590,DELIVERED
SHP002816,O001110,DHL,2026-09-05T09:12:20.880590,2026-09-12T09:12:20.880590,2026-09-11T09:12:20.880590,DELAYED
SHP002817,O003732,FedEx,2026-08-08T19:41:20.880590,2026-08-14T19:41:20.880590,2026-08-13T19:41:20.880590,IN_TRANSIT
SHP002818,O002543,BlueDart,2026-08-08T01:04:20.880590,2026-08-15T01:04:20.880590,2026-08-14T01:04:20.880590,DELIVERED
SHP002819,O002418,BlueDart,2026-08-14T23:14:20.880590,2026-08-15T23:14:20.880590,2026-08-16T23:14:20.880590,IN_TRANSIT
SHP002820,O004403,DHL,2026-08-29T10:34:20.880590,2026-09-01T10:34:20.880590,2026-08-31T10:34:20.880590,DELIVERED
SHP002821,O004522,BlueDart,2026-08-21T04:42:20.880590,2026-08-25T04:42:20.880590,2026-08-26T04:42:20.880590,DELIVERED
SHP002822,O003428,UPS,2026-08-30T19:22:20.880590,2026-09-02T19:22:20.880590,2026-09-02T19:22:20.880590,IN_TRANSIT
SHP002823,O002395,UPS,2026-08-12T19:07:20.880590,2026-08-19T19:07:20.880590,2026-08-20T19:07:20.880590,DELIVERED
SHP002824,O004612,Delhivery,2026-08-18T20:03:20.880590,2026-08-22T20:03:20.880590,2026-08-23T20:03:20.880590,DELIVERED
SHP002825,O000129,DHL,2026-08-12T07:00:20.880590,2026-08-17T07:00:20.880590,2026-08-18T07:00:20.880590,IN_TRANSIT
SHP002826,O001892,FedEx,2026-08-07T16:28:20.880590,2026-08-09T16:28:20.880590,2026-08-09T16:28:20.880590,IN_TRANSIT
SHP002827,O002337,UPS,2026-08-09T04:45:20.880590,2026-08-11T04:45:20.880590,2026-08-10T04:45:20.880590,IN_TRANSIT
SHP002828,O001103,UPS,2026-08-18T04:13:20.880590,2026-08-25T04:13:20.880590,2026-08-26T04:13:20.880590,DELAYED
SHP002829,O004343,Delhivery,2026-08-26T07:36:20.880590,2026-08-31T07:36:20.880590,2026-09-01T07:36:20.880590,DELAYED
SHP002830,O004922,DHL,2026-08-18T17:26:20.880590,2026-08-25T17:26:20.880590,2026-08-25T17:26:20.880590,DELAYED
SHP002831,O002137,FedEx,2026-08-09T15:43:20.880590,2026-08-14T15:43:20.880590,2026-08-13T15:43:20.880590,IN_TRANSIT
SHP002832,O004873,Delhivery,2026-08-27T04:32:20.880590,2026-09-01T04:32:20.880590,2026-09-03T04:32:20.880590,DELIVERED
SHP002833,O003310,Delhivery,2026-08-18T22:37:20.880590,2026-08-20T22:37:20.880590,2026-08-20T22:37:20.880590,IN_TRANSIT
SHP002834,O002315,Delhivery,2026-08-08T01:48:20.880590,2026-08-09T01:48:20.880590,2026-08-08T01:48:20.880590,DELAYED
SHP002835,O000485,DHL,2026-08-15T18:44:20.880590,2026-08-20T18:44:20.880590,2026-08-21T18:44:20.880590,IN_TRANSIT
SHP002836,O001114,FedEx,2026-08-18T05:05:20.880590,2026-08-19T05:05:20.880590,2026-08-19T05:05:20.880590,IN_TRANSIT
SHP002837,O003045,DHL,2026-08-24T07:20:20.880590,2026-08-29T07:20:20.880590,2026-08-28T07:20:20.880590,DELIVERED
SHP002838,O003009,Delhivery,2026-08-28T03:55:20.880590,2026-08-29T03:55:20.880590,2026-08-30T03:55:20.880590,DELIVERED
SHP002839,O002014,UPS,2026-08-08T00:58:20.880590,2026-08-10T00:58:20.880590,2026-08-11T00:58:20.880590,IN_TRANSIT
SHP002840,O001267,UPS,2026-08-16T01:28:20.880590,2026-08-20T01:28:20.880590,2026-08-21T01:28:20.880590,IN_TRANSIT
SHP002841,O002709,FedEx,2026-08-08T08:21:20.880590,2026-08-12T08:21:20.880590,2026-08-12T08:21:20.880590,IN_TRANSIT
SHP002842,O001269,FedEx,2026-08-11T05:15:20.880590,2026-08-12T05:15:20.880590,2026-08-11T05:15:20.880590,IN_TRANSIT
SHP002843,O000895,DHL,2026-08-18T19:02:20.880590,2026-08-19T19:02:20.880590,2026-08-21T19:02:20.880590,DELIVERED
SHP002844,O001127,DHL,2026-09-05T04:33:20.880590,2026-09-09T04:33:20.880590,2026-09-08T04:33:20.880590,IN_TRANSIT
SHP002845,O002031,BlueDart,2026-08-11T17:19:20.880590,2026-08-17T17:19:20.880590,2026-08-19T17:19:20.880590,DELIVERED
SHP002846,O000271,UPS,2026-08-09T11:02:20.880590,2026-08-16T11:02:20.880590,2026-08-16T11:02:20.880590,DELIVERED
SHP002847,O002534,UPS,2026-08-10T11:45:20.880590,2026-08-12T11:45:20.880590,2026-08-13T11:45:20.880590,IN_TRANSIT
SHP002848,O002002,UPS,2026-09-05T19:44:20.880590,2026-09-12T19:44:20.880590,2026-09-12T19:44:20.880590,DELAYED
SHP002849,O001115,UPS,2026-08-19T03:25:20.880590,2026-08-26T03:25:20.880590,2026-08-27T03:25:20.880590,DELIVERED
SHP002850,O003354,DHL,2026-08-12T16:31:20.880590,2026-08-18T16:31:20.880590,2026-08-18T16:31:20.880590,DELAYED
SHP002851,O004677,Delhivery,2026-09-04T07:54:20.880590,2026-09-07T07:54:20.880590,2026-09-07T07:54:20.880590,DELAYED
SHP002852,O003385,DHL,2026-08-13T12:09:20.880590,2026-08-18T12:09:20.880590,2026-08-18T12:09:20.880590,IN_TRANSIT
SHP002853,O001718,BlueDart,2026-08-21T09:01:20.880590,2026-08-28T09:01:20.880590,2026-08-28T09:01:20.880590,DELAYED
SHP002854,O003289,Delhivery,2026-08-14T01:52:20.880590,2026-08-16T01:52:20.880590,2026-08-18T01:52:20.880590,IN_TRANSIT
SHP002855,O004374,DHL,2026-08-09T18:58:20.880590,2026-08-12T18:58:20.880590,2026-08-14T18:58:20.880590,DELAYED
SHP002856,O002548,DHL,2026-09-05T22:56:20.880590,2026-09-07T22:56:20.880590,2026-09-07T22:56:20.880590,DELIVERED
SHP002857,O002846,Delhivery,2026-08-15T22:14:20.880590,2026-08-18T22:14:20.880590,2026-08-20T22:14:20.880590,DELIVERED
SHP002858,O004188,DHL,2026-08-22T21:19:20.880590,2026-08-28T21:19:20.880590,2026-08-28T21:19:20.880590,DELAYED
SHP002859,O002731,FedEx,2026-09-04T15:59:20.880590,2026-09-09T15:59:20.880590,2026-09-11T15:59:20.880590,DELIVERED
SHP002860,O000230,BlueDart,2026-08-22T08:29:20.880590,2026-08-25T08:29:20.880590,2026-08-24T08:29:20.880590,IN_TRANSIT
SHP002861,O000722,Delhivery,2026-08-30T04:48:20.880590,2026-09-05T04:48:20.880590,2026-09-06T04:48:20.880590,DELIVERED
SHP002862,O002124,UPS,2026-08-23T11:24:20.880590,2026-08-25T11:24:20.880590,2026-08-25T11:24:20.880590,DELIVERED
SHP002863,O003878,BlueDart,2026-08-19T19:47:20.880590,2026-08-23T19:47:20.880590,2026-08-24T19:47:20.880590,IN_TRANSIT
SHP002864,O002241,Delhivery,2026-08-20T01:00:20.880590,2026-08-24T01:00:20.880590,2026-08-24T01:00:20.880590,DELAYED
SHP002865,O000278,UPS,2026-08-18T05:19:20.880590,2026-08-22T05:19:20.880590,2026-08-22T05:19:20.880590,DELIVERED
SHP002866,O003562,DHL,2026-08-09T06:43:20.880590,2026-08-13T06:43:20.880590,2026-08-15T06:43:20.880590,DELAYED
SHP002867,O001112,BlueDart,2026-08-30T07:36:20.880590,2026-09-02T07:36:20.880590,2026-09-04T07:36:20.880590,IN_TRANSIT
SHP002868,O003748,UPS,2026-08-12T18:56:20.880590,2026-08-19T18:56:20.880590,2026-08-19T18:56:20.880590,DELIVERED
SHP002869,O003790,Delhivery,2026-08-29T16:05:20.880590,2026-08-31T16:05:20.880590,2026-09-02T16:05:20.880590,IN_TRANSIT
SHP002870,O002378,BlueDart,2026-09-05T17:07:20.880590,2026-09-06T17:07:20.880590,2026-09-08T17:07:20.880590,DELIVERED
SHP002871,O000994,DHL,2026-08-13T10:01:20.880590,2026-08-20T10:01:20.880590,2026-08-20T10:01:20.880590,DELIVERED
SHP002872,O001288,UPS,2026-08-28T08:21:20.880590,2026-08-31T08:21:20.880590,2026-08-31T08:21:20.880590,DELAYED
SHP002873,O004941,BlueDart,2026-08-16T01:48:20.880590,2026-08-17T01:48:20.880590,2026-08-16T01:48:20.880590,IN_TRANSIT
SHP002874,O004699,Delhivery,2026-08-09T19:26:20.880590,2026-08-16T19:26:20.880590,2026-08-16T19:26:20.880590,DELIVERED
SHP002875,O002072,BlueDart,2026-09-04T19:59:20.880590,2026-09-05T19:59:20.880590,2026-09-06T19:59:20.880590,DELAYED
SHP002876,O003254,FedEx,2026-08-13T13:57:20.880590,2026-08-16T13:57:20.880590,2026-08-15T13:57:20.880590,DELAYED
SHP002877,O002431,FedEx,2026-08-28T18:20:20.880590,2026-08-29T18:20:20.880590,2026-08-30T18:20:20.880590,DELIVERED
SHP002878,O001079,UPS,2026-08-16T23:06:20.880590,2026-08-17T23:06:20.880590,2026-08-17T23:06:20.880590,DELAYED
SHP002879,O002435,FedEx,2026-09-02T15:50:20.880590,2026-09-08T15:50:20.880590,2026-09-10T15:50:20.880590,DELAYED
SHP002880,O002119,UPS,2026-08-31T05:35:20.880590,2026-09-02T05:35:20.880590,2026-09-03T05:35:20.880590,DELAYED
SHP002881,O002929,FedEx,2026-09-02T03:30:20.880590,2026-09-08T03:30:20.880590,2026-09-08T03:30:20.880590,IN_TRANSIT
SHP002882,O004091,Delhivery,2026-08-11T04:36:20.880590,2026-08-14T04:36:20.880590,2026-08-16T04:36:20.880590,IN_TRANSIT
SHP002883,O002754,UPS,2026-08-19T00:12:20.880590,2026-08-24T00:12:20.880590,2026-08-24T00:12:20.880590,DELAYED
SHP002884,O002901,BlueDart,2026-09-04T10:05:20.880590,2026-09-10T10:05:20.880590,2026-09-12T10:05:20.880590,DELIVERED
SHP002885,O003676,FedEx,2026-08-14T22:42:20.880590,2026-08-20T22:42:20.880590,2026-08-19T22:42:20.880590,IN_TRANSIT
SHP002886,O001178,BlueDart,2026-08-20T03:52:20.880590,2026-08-26T03:52:20.880590,2026-08-25T03:52:20.880590,DELAYED
SHP002887,O001088,FedEx,2026-08-17T11:05:20.880590,2026-08-23T11:05:20.880590,2026-08-23T11:05:20.880590,DELIVERED
SHP002888,O001748,Delhivery,2026-08-14T09:42:20.880590,2026-08-16T09:42:20.880590,2026-08-17T09:42:20.880590,DELAYED
SHP002889,O003898,BlueDart,2026-08-12T22:41:20.880590,2026-08-13T22:41:20.880590,2026-08-14T22:41:20.880590,IN_TRANSIT
SHP002890,O000250,UPS,2026-08-19T09:00:20.880590,2026-08-20T09:00:20.880590,2026-08-20T09:00:20.880590,DELAYED
SHP002891,O002756,UPS,2026-08-24T18:47:20.880590,2026-08-25T18:47:20.880590,2026-08-24T18:47:20.880590,DELIVERED
SHP002892,O003095,FedEx,2026-09-01T04:49:20.880590,2026-09-06T04:49:20.880590,2026-09-05T04:49:20.880590,DELIVERED
SHP002893,O002869,DHL,2026-08-07T18:47:20.880590,2026-08-09T18:47:20.880590,2026-08-09T18:47:20.880590,DELAYED
SHP002894,O001327,DHL,2026-09-03T12:09:20.880590,2026-09-07T12:09:20.880590,2026-09-07T12:09:20.880590,DELAYED
SHP002895,O002774,Delhivery,2026-09-05T00:34:20.880590,2026-09-08T00:34:20.880590,2026-09-08T00:34:20.880590,DELAYED
SHP002896,O003624,BlueDart,2026-08-13T04:41:20.880590,2026-08-17T04:41:20.880590,2026-08-18T04:41:20.880590,IN_TRANSIT
SHP002897,O001690,Delhivery,2026-08-15T08:49:20.880590,2026-08-17T08:49:20.880590,2026-08-17T08:49:20.880590,DELAYED
SHP002898,O001778,FedEx,2026-08-19T02:51:20.880590,2026-08-26T02:51:20.880590,2026-08-27T02:51:20.880590,DELIVERED
SHP002899,O003609,Delhivery,2026-08-13T02:53:20.880590,2026-08-15T02:53:20.880590,2026-08-17T02:53:20.880590,IN_TRANSIT
SHP002900,O001533,DHL,2026-09-02T09:15:20.880590,2026-09-09T09:15:20.880590,2026-09-09T09:15:20.880590,DELIVERED
SHP002901,O000098,FedEx,2026-08-08T22:16:20.880590,2026-08-12T22:16:20.880590,2026-08-11T22:16:20.880590,IN_TRANSIT
SHP002902,O001353,DHL,2026-08-27T03:07:20.880590,2026-08-30T03:07:20.880590,2026-08-30T03:07:20.880590,DELAYED
SHP002903,O002060,Delhivery,2026-09-04T13:52:20.880590,2026-09-08T13:52:20.880590,2026-09-10T13:52:20.880590,DELAYED
SHP002904,O002813,FedEx,2026-08-24T11:22:20.880590,2026-08-31T11:22:20.880590,2026-09-01T11:22:20.880590,DELIVERED
SHP002905,O002921,BlueDart,2026-08-23T11:56:20.880590,2026-08-25T11:56:20.880590,2026-08-24T11:56:20.880590,DELIVERED
SHP002906,O001487,DHL,2026-08-23T06:22:20.880590,2026-08-28T06:22:20.880590,2026-08-30T06:22:20.880590,DELAYED
SHP002907,O000537,Delhivery,2026-08-15T21:54:20.880590,2026-08-19T21:54:20.880590,2026-08-19T21:54:20.880590,DELIVERED
SHP002908,O002961,DHL,2026-09-01T22:12:20.880590,2026-09-05T22:12:20.880590,2026-09-07T22:12:20.880590,DELIVERED
SHP002909,O003827,BlueDart,2026-08-17T15:50:20.880590,2026-08-24T15:50:20.880590,2026-08-24T15:50:20.880590,DELIVERED
SHP002910,O003903,FedEx,2026-08-12T23:36:20.880590,2026-08-15T23:36:20.880590,2026-08-14T23:36:20.880590,DELAYED
SHP002911,O004237,UPS,2026-08-21T05:29:20.880590,2026-08-22T05:29:20.880590,2026-08-22T05:29:20.880590,DELAYED
SHP002912,O003057,Delhivery,2026-08-27T17:09:20.880590,2026-09-02T17:09:20.880590,2026-09-01T17:09:20.880590,DELAYED
SHP002913,O003375,Delhivery,2026-08-13T20:34:20.880590,2026-08-19T20:34:20.880590,2026-08-18T20:34:20.880590,DELIVERED
SHP002914,O000482,BlueDart,2026-09-03T16:57:20.880590,2026-09-05T16:57:20.880590,2026-09-05T16:57:20.880590,DELIVERED
SHP002915,O003913,DHL,2026-09-01T13:55:20.880590,2026-09-08T13:55:20.880590,2026-09-08T13:55:20.880590,DELIVERED
SHP002916,O004787,UPS,2026-08-30T20:04:20.880590,2026-09-02T20:04:20.880590,2026-09-02T20:04:20.880590,DELIVERED
SHP002917,O002649,Delhivery,2026-09-03T04:38:20.880590,2026-09-07T04:38:20.880590,2026-09-06T04:38:20.880590,DELIVERED
SHP002918,O001718,DHL,2026-08-17T17:38:20.880590,2026-08-24T17:38:20.880590,2026-08-24T17:38:20.880590,DELAYED
SHP002919,O004228,BlueDart,2026-09-04T10:48:20.880590,2026-09-07T10:48:20.880590,2026-09-06T10:48:20.880590,IN_TRANSIT
SHP002920,O003650,Delhivery,2026-08-23T11:28:20.880590,2026-08-24T11:28:20.880590,2026-08-24T11:28:20.880590,DELIVERED
SHP002921,O000113,Delhivery,2026-08-16T00:10:20.880590,2026-08-21T00:10:20.880590,2026-08-23T00:10:20.880590,DELIVERED
SHP002922,O000025,Delhivery,2026-08-26T19:24:20.880590,2026-08-29T19:24:20.880590,2026-08-28T19:24:20.880590,IN_TRANSIT
SHP002923,O000097,FedEx,2026-08-22T08:39:20.880590,2026-08-29T08:39:20.880590,2026-08-29T08:39:20.880590,DELIVERED
SHP002924,O000197,DHL,2026-08-17T02:50:20.880590,2026-08-21T02:50:20.880590,2026-08-23T02:50:20.880590,DELAYED
SHP002925,O003467,BlueDart,2026-08-31T22:04:20.880590,2026-09-06T22:04:20.880590,2026-09-06T22:04:20.880590,DELAYED
SHP002926,O002659,UPS,2026-08-29T02:43:20.880590,2026-09-04T02:43:20.880590,2026-09-06T02:43:20.880590,IN_TRANSIT
SHP002927,O004815,UPS,2026-08-07T06:45:20.880590,2026-08-12T06:45:20.880590,2026-08-11T06:45:20.880590,IN_TRANSIT
SHP002928,O000354,UPS,2026-08-22T07:36:20.880590,2026-08-27T07:36:20.880590,2026-08-28T07:36:20.880590,DELIVERED
SHP002929,O003202,BlueDart,2026-08-18T08:24:20.880590,2026-08-23T08:24:20.880590,2026-08-23T08:24:20.880590,DELAYED
SHP002930,O001049,BlueDart,2026-08-24T23:03:20.880590,2026-08-26T23:03:20.880590,2026-08-28T23:03:20.880590,IN_TRANSIT
SHP002931,O000856,Delhivery,2026-08-22T11:49:20.880590,2026-08-23T11:49:20.880590,2026-08-23T11:49:20.880590,DELAYED
SHP002932,O000323,UPS,2026-08-13T04:08:20.880590,2026-08-20T04:08:20.880590,2026-08-20T04:08:20.880590,DELAYED
SHP002933,O002216,UPS,2026-09-01T05:55:20.880590,2026-09-02T05:55:20.880590,2026-09-02T05:55:20.880590,IN_TRANSIT
SHP002934,O000869,BlueDart,2026-08-13T17:08:20.880590,2026-08-17T17:08:20.880590,2026-08-17T17:08:20.880590,DELAYED
SHP002935,O002424,Delhivery,2026-08-15T20:38:20.880590,2026-08-22T20:38:20.880590,2026-08-22T20:38:20.880590,DELAYED
SHP002936,O000874,BlueDart,2026-08-20T02:23:20.880590,2026-08-27T02:23:20.880590,2026-08-28T02:23:20.880590,IN_TRANSIT
SHP002937,O000275,BlueDart,2026-08-18T17:29:20.880590,2026-08-23T17:29:20.880590,2026-08-25T17:29:20.880590,DELAYED
SHP002938,O004618,Delhivery,2026-08-26T03:35:20.880590,2026-09-01T03:35:20.880590,2026-09-01T03:35:20.880590,DELAYED
SHP002939,O003658,UPS,2026-08-21T09:06:20.880590,2026-08-26T09:06:20.880590,2026-08-25T09:06:20.880590,DELIVERED
SHP002940,O003239,BlueDart,2026-08-09T13:03:20.880590,2026-08-13T13:03:20.880590,2026-08-13T13:03:20.880590,IN_TRANSIT
SHP002941,O000751,Delhivery,2026-08-20T05:50:20.880590,2026-08-24T05:50:20.880590,2026-08-26T05:50:20.880590,DELIVERED
SHP002942,O004744,BlueDart,2026-09-05T18:47:20.880590,2026-09-10T18:47:20.880590,2026-09-12T18:47:20.880590,IN_TRANSIT
SHP002943,O003724,BlueDart,2026-08-16T22:01:20.880590,2026-08-17T22:01:20.880590,2026-08-16T22:01:20.880590,DELIVERED
SHP002944,O004711,FedEx,2026-08-19T17:52:20.880590,2026-08-26T17:52:20.880590,2026-08-25T17:52:20.880590,IN_TRANSIT
SHP002945,O002920,Delhivery,2026-08-19T03:55:20.880590,2026-08-24T03:55:20.880590,2026-08-24T03:55:20.880590,IN_TRANSIT
SHP002946,O003593,Delhivery,2026-08-18T07:02:20.880590,2026-08-19T07:02:20.880590,2026-08-19T07:02:20.880590,IN_TRANSIT
SHP002947,O002399,DHL,2026-08-07T04:24:20.880590,2026-08-11T04:24:20.880590,2026-08-13T04:24:20.880590,DELIVERED
SHP002948,O002823,DHL,2026-08-24T18:17:20.880590,2026-08-31T18:17:20.880590,2026-09-02T18:17:20.880590,IN_TRANSIT
SHP002949,O003227,Delhivery,2026-08-24T01:07:20.880590,2026-08-26T01:07:20.880590,2026-08-27T01:07:20.880590,DELAYED
SHP002950,O001144,DHL,2026-09-02T21:17:20.880590,2026-09-09T21:17:20.880590,2026-09-09T21:17:20.880590,DELAYED
SHP002951,O003848,FedEx,2026-08-14T07:07:20.880590,2026-08-17T07:07:20.880590,2026-08-18T07:07:20.880590,DELIVERED
SHP002952,O002984,BlueDart,2026-08-13T11:24:20.880590,2026-08-17T11:24:20.880590,2026-08-17T11:24:20.880590,DELIVERED
SHP002953,O002042,DHL,2026-08-14T01:57:20.880590,2026-08-15T01:57:20.880590,2026-08-17T01:57:20.880590,IN_TRANSIT
SHP002954,O004145,Delhivery,2026-08-27T21:29:20.880590,2026-08-30T21:29:20.880590,2026-09-01T21:29:20.880590,DELIVERED
SHP002955,O001918,FedEx,2026-08-23T18:43:20.880590,2026-08-29T18:43:20.880590,2026-08-29T18:43:20.880590,DELIVERED
SHP002956,O003182,BlueDart,2026-08-22T13:14:20.880590,2026-08-23T13:14:20.880590,2026-08-22T13:14:20.880590,DELAYED
SHP002957,O000007,UPS,2026-08-31T14:51:20.880590,2026-09-04T14:51:20.880590,2026-09-06T14:51:20.880590,DELIVERED
SHP002958,O004963,DHL,2026-08-25T14:15:20.880590,2026-08-31T14:15:20.880590,2026-08-31T14:15:20.880590,DELIVERED
SHP002959,O002201,DHL,2026-08-16T06:15:20.880590,2026-08-23T06:15:20.880590,2026-08-23T06:15:20.880590,DELAYED
SHP002960,O002772,FedEx,2026-08-25T12:30:20.880590,2026-08-27T12:30:20.880590,2026-08-29T12:30:20.880590,DELAYED
SHP002961,O003553,Delhivery,2026-08-21T18:24:20.880590,2026-08-24T18:24:20.880590,2026-08-26T18:24:20.880590,DELAYED
SHP002962,O003636,BlueDart,2026-09-03T11:01:20.880590,2026-09-10T11:01:20.880590,2026-09-09T11:01:20.880590,DELAYED
SHP002963,O000357,BlueDart,2026-08-29T17:43:20.880590,2026-08-30T17:43:20.880590,2026-08-29T17:43:20.880590,IN_TRANSIT
SHP002964,O003092,DHL,2026-08-19T10:54:20.880590,2026-08-26T10:54:20.880590,2026-08-26T10:54:20.880590,DELIVERED
SHP002965,O003647,DHL,2026-08-18T07:46:20.880590,2026-08-19T07:46:20.880590,2026-08-19T07:46:20.880590,DELAYED
SHP002966,O000650,BlueDart,2026-09-02T23:13:20.880590,2026-09-05T23:13:20.880590,2026-09-05T23:13:20.880590,DELIVERED
SHP002967,O004587,BlueDart,2026-08-24T16:41:20.880590,2026-08-25T16:41:20.880590,2026-08-26T16:41:20.880590,DELIVERED
SHP002968,O003756,BlueDart,2026-08-29T23:37:20.880590,2026-08-31T23:37:20.880590,2026-08-30T23:37:20.880590,IN_TRANSIT
SHP002969,O004013,UPS,2026-08-28T19:31:20.880590,2026-09-04T19:31:20.880590,2026-09-03T19:31:20.880590,DELAYED
SHP002970,O002089,UPS,2026-08-21T20:26:20.880590,2026-08-28T20:26:20.880590,2026-08-30T20:26:20.880590,IN_TRANSIT
SHP002971,O000999,Delhivery,2026-08-26T14:05:20.880590,2026-08-28T14:05:20.880590,2026-08-28T14:05:20.880590,DELAYED
SHP002972,O002520,DHL,2026-08-29T18:58:20.880590,2026-09-01T18:58:20.880590,2026-09-01T18:58:20.880590,IN_TRANSIT
SHP002973,O002962,FedEx,2026-08-30T01:59:20.880590,2026-09-05T01:59:20.880590,2026-09-04T01:59:20.880590,IN_TRANSIT
SHP002974,O004951,Delhivery,2026-08-12T00:17:20.880590,2026-08-17T00:17:20.880590,2026-08-18T00:17:20.880590,DELIVERED
SHP002975,O001698,UPS,2026-08-26T02:16:20.880590,2026-09-01T02:16:20.880590,2026-09-03T02:16:20.880590,DELIVERED
SHP002976,O001320,FedEx,2026-08-10T19:09:20.880590,2026-08-12T19:09:20.880590,2026-08-12T19:09:20.880590,DELAYED
SHP002977,O004294,FedEx,2026-09-02T16:38:20.880590,2026-09-03T16:38:20.880590,2026-09-03T16:38:20.880590,DELAYED
SHP002978,O000118,BlueDart,2026-08-08T03:25:20.880590,2026-08-14T03:25:20.880590,2026-08-13T03:25:20.880590,DELIVERED
SHP002979,O000056,UPS,2026-08-13T08:49:20.880590,2026-08-19T08:49:20.880590,2026-08-19T08:49:20.880590,DELAYED
SHP002980,O002877,BlueDart,2026-08-18T19:50:20.880590,2026-08-22T19:50:20.880590,2026-08-23T19:50:20.880590,DELIVERED
SHP002981,O002179,DHL,2026-08-23T14:19:20.880590,2026-08-29T14:19:20.880590,2026-08-30T14:19:20.880590,DELAYED
SHP002982,O003200,DHL,2026-08-24T08:20:20.880590,2026-08-27T08:20:20.880590,2026-08-27T08:20:20.880590,IN_TRANSIT
SHP002983,O004826,FedEx,2026-09-01T00:02:20.880590,2026-09-06T00:02:20.880590,2026-09-05T00:02:20.880590,DELIVERED
SHP002984,O002541,UPS,2026-08-25T08:21:20.880590,2026-08-29T08:21:20.880590,2026-08-30T08:21:20.880590,IN_TRANSIT
SHP002985,O003273,UPS,2026-08-27T13:04:20.880590,2026-09-03T13:04:20.880590,2026-09-04T13:04:20.880590,DELAYED
SHP002986,O003153,BlueDart,2026-08-26T18:23:20.880590,2026-09-02T18:23:20.880590,2026-09-02T18:23:20.880590,IN_TRANSIT
SHP002987,O000384,Delhivery,2026-08-24T23:49:20.880590,2026-08-27T23:49:20.880590,2026-08-27T23:49:20.880590,DELIVERED
SHP002988,O002802,FedEx,2026-08-29T19:41:20.880590,2026-09-03T19:41:20.880590,2026-09-04T19:41:20.880590,IN_TRANSIT
SHP002989,O002627,FedEx,2026-08-22T01:21:20.880590,2026-08-23T01:21:20.880590,2026-08-24T01:21:20.880590,IN_TRANSIT
SHP002990,O002356,Delhivery,2026-08-09T21:09:20.880590,2026-08-14T21:09:20.880590,2026-08-16T21:09:20.880590,DELAYED
SHP002991,O004336,FedEx,2026-08-29T14:12:20.880590,2026-09-03T14:12:20.880590,2026-09-05T14:12:20.880590,DELAYED
SHP002992,O001177,BlueDart,2026-08-29T06:03:20.880590,2026-09-01T06:03:20.880590,2026-09-01T06:03:20.880590,DELAYED
SHP002993,O001162,FedEx,2026-08-19T14:44:20.880590,2026-08-20T14:44:20.880590,2026-08-21T14:44:20.880590,DELIVERED
SHP002994,O002964,DHL,2026-09-01T06:32:20.880590,2026-09-05T06:32:20.880590,2026-09-07T06:32:20.880590,DELIVERED
SHP002995,O004393,BlueDart,2026-09-03T03:13:20.880590,2026-09-10T03:13:20.880590,2026-09-10T03:13:20.880590,DELAYED
SHP002996,O003538,UPS,2026-08-31T00:09:20.880590,2026-09-01T00:09:20.880590,2026-08-31T00:09:20.880590,IN_TRANSIT
SHP002997,O001145,UPS,2026-08-28T20:33:20.880590,2026-09-01T20:33:20.880590,2026-09-02T20:33:20.880590,DELIVERED
SHP002998,O000307,FedEx,2026-09-02T15:28:20.880590,2026-09-04T15:28:20.880590,2026-09-03T15:28:20.880590,IN_TRANSIT
SHP002999,O000456,FedEx,2026-08-18T07:23:20.880590,2026-08-19T07:23:20.880590,2026-08-21T07:23:20.880590,DELAYED
SHP003000,O004643,FedEx,2026-08-15T16:51:20.880590,2026-08-17T16:51:20.880590,2026-08-16T16:51:20.880590,DELIVERED
SHP003001,O000918,Delhivery,2026-08-11T23:55:20.880590,2026-08-14T23:55:20.880590,2026-08-13T23:55:20.880590,IN_TRANSIT
SHP003002,O002062,Delhivery,2026-08-23T03:41:20.880590,2026-08-28T03:41:20.880590,2026-08-28T03:41:20.880590,IN_TRANSIT
SHP003003,O004081,UPS,2026-08-30T20:44:20.880590,2026-09-02T20:44:20.880590,2026-09-02T20:44:20.880590,DELAYED
SHP003004,O002913,FedEx,2026-08-20T05:40:20.880590,2026-08-25T05:40:20.880590,2026-08-26T05:40:20.880590,DELIVERED
SHP003005,O000613,UPS,2026-08-22T16:43:20.880590,2026-08-24T16:43:20.880590,2026-08-25T16:43:20.880590,DELAYED
SHP003006,O002073,UPS,2026-08-27T21:05:20.880590,2026-08-31T21:05:20.880590,2026-09-02T21:05:20.880590,DELIVERED
SHP003007,O000597,BlueDart,2026-08-21T12:04:20.880590,2026-08-26T12:04:20.880590,2026-08-28T12:04:20.880590,DELIVERED
SHP003008,O004110,BlueDart,2026-09-05T15:34:20.880590,2026-09-11T15:34:20.880590,2026-09-10T15:34:20.880590,DELAYED
SHP003009,O002689,UPS,2026-08-18T01:14:20.880590,2026-08-22T01:14:20.880590,2026-08-23T01:14:20.880590,DELAYED
SHP003010,O002028,FedEx,2026-08-26T17:18:20.880590,2026-09-02T17:18:20.880590,2026-09-04T17:18:20.880590,DELAYED
SHP003011,O002912,Delhivery,2026-09-02T05:39:20.880590,2026-09-06T05:39:20.880590,2026-09-06T05:39:20.880590,DELIVERED
SHP003012,O004374,FedEx,2026-08-28T04:12:20.880590,2026-08-31T04:12:20.880590,2026-09-01T04:12:20.880590,DELIVERED
SHP003013,O004916,Delhivery,2026-08-12T15:24:20.880590,2026-08-18T15:24:20.880590,2026-08-20T15:24:20.880590,DELIVERED
SHP003014,O001057,UPS,2026-08-26T17:27:20.880590,2026-09-02T17:27:20.880590,2026-09-03T17:27:20.880590,DELAYED
SHP003015,O003855,BlueDart,2026-08-21T00:13:20.880590,2026-08-27T00:13:20.880590,2026-08-27T00:13:20.880590,DELAYED
SHP003016,O003223,Delhivery,2026-08-15T23:25:20.880590,2026-08-18T23:25:20.880590,2026-08-18T23:25:20.880590,IN_TRANSIT
SHP003017,O002965,DHL,2026-08-30T23:05:20.880590,2026-09-03T23:05:20.880590,2026-09-05T23:05:20.880590,IN_TRANSIT
SHP003018,O003557,BlueDart,2026-08-15T18:18:20.880590,2026-08-20T18:18:20.880590,2026-08-22T18:18:20.880590,DELIVERED
SHP003019,O000033,FedEx,2026-08-11T04:13:20.880590,2026-08-17T04:13:20.880590,2026-08-18T04:13:20.880590,DELIVERED
SHP003020,O000477,Delhivery,2026-09-03T16:06:20.880590,2026-09-06T16:06:20.880590,2026-09-06T16:06:20.880590,DELIVERED
SHP003021,O004424,BlueDart,2026-08-15T14:37:20.880590,2026-08-17T14:37:20.880590,2026-08-16T14:37:20.880590,DELIVERED
SHP003022,O002993,DHL,2026-08-12T17:04:20.880590,2026-08-17T17:04:20.880590,2026-08-16T17:04:20.880590,DELAYED
SHP003023,O002883,BlueDart,2026-08-19T12:42:20.880590,2026-08-21T12:42:20.880590,2026-08-21T12:42:20.880590,DELAYED
SHP003024,O003417,FedEx,2026-08-19T09:03:20.880590,2026-08-21T09:03:20.880590,2026-08-20T09:03:20.880590,DELIVERED
SHP003025,O002758,BlueDart,2026-08-24T20:09:20.880590,2026-08-28T20:09:20.880590,2026-08-28T20:09:20.880590,DELAYED
SHP003026,O004929,FedEx,2026-08-17T18:59:20.880590,2026-08-23T18:59:20.880590,2026-08-23T18:59:20.880590,DELIVERED
SHP003027,O001276,UPS,2026-08-30T19:29:20.880590,2026-09-01T19:29:20.880590,2026-09-01T19:29:20.880590,IN_TRANSIT
SHP003028,O002647,FedEx,2026-08-12T21:28:20.880590,2026-08-18T21:28:20.880590,2026-08-20T21:28:20.880590,DELIVERED
SHP003029,O000119,FedEx,2026-08-19T15:26:20.880590,2026-08-20T15:26:20.880590,2026-08-21T15:26:20.880590,IN_TRANSIT
SHP003030,O004877,Delhivery,2026-08-21T07:41:20.880590,2026-08-28T07:41:20.880590,2026-08-28T07:41:20.880590,DELIVERED
SHP003031,O001308,DHL,2026-08-19T12:19:20.880590,2026-08-21T12:19:20.880590,2026-08-21T12:19:20.880590,DELAYED
SHP003032,O001554,UPS,2026-08-20T14:23:20.880590,2026-08-21T14:23:20.880590,2026-08-22T14:23:20.880590,IN_TRANSIT
SHP003033,O000119,Delhivery,2026-08-23T20:32:20.880590,2026-08-25T20:32:20.880590,2026-08-25T20:32:20.880590,DELIVERED
SHP003034,O000444,Delhivery,2026-08-30T12:28:20.880590,2026-09-05T12:28:20.880590,2026-09-07T12:28:20.880590,DELAYED
SHP003035,O000201,FedEx,2026-08-28T06:00:20.880590,2026-08-31T06:00:20.880590,2026-08-31T06:00:20.880590,DELIVERED
SHP003036,O001657,DHL,2026-08-20T19:35:20.880590,2026-08-21T19:35:20.880590,2026-08-23T19:35:20.880590,DELIVERED
SHP003037,O003967,DHL,2026-08-28T08:39:20.880590,2026-09-03T08:39:20.880590,2026-09-05T08:39:20.880590,DELIVERED
SHP003038,O002692,FedEx,2026-08-17T18:45:20.880590,2026-08-19T18:45:20.880590,2026-08-20T18:45:20.880590,IN_TRANSIT
SHP003039,O001808,BlueDart,2026-09-04T17:06:20.880590,2026-09-08T17:06:20.880590,2026-09-08T17:06:20.880590,IN_TRANSIT
SHP003040,O003612,BlueDart,2026-08-18T18:24:20.880590,2026-08-19T18:24:20.880590,2026-08-20T18:24:20.880590,DELIVERED
SHP003041,O002925,BlueDart,2026-08-27T06:10:20.880590,2026-08-29T06:10:20.880590,2026-08-29T06:10:20.880590,IN_TRANSIT
SHP003042,O004567,DHL,2026-08-21T04:00:20.880590,2026-08-24T04:00:20.880590,2026-08-25T04:00:20.880590,DELIVERED
SHP003043,O003192,BlueDart,2026-08-15T05:43:20.880590,2026-08-19T05:43:20.880590,2026-08-18T05:43:20.880590,IN_TRANSIT
SHP003044,O004753,FedEx,2026-08-18T07:16:20.880590,2026-08-25T07:16:20.880590,2026-08-27T07:16:20.880590,DELAYED
SHP003045,O004975,UPS,2026-08-12T20:43:20.880590,2026-08-14T20:43:20.880590,2026-08-15T20:43:20.880590,DELAYED
SHP003046,O001138,DHL,2026-08-09T09:07:20.880590,2026-08-12T09:07:20.880590,2026-08-11T09:07:20.880590,DELAYED
SHP003047,O001702,UPS,2026-08-11T12:42:20.880590,2026-08-18T12:42:20.880590,2026-08-18T12:42:20.880590,DELAYED
SHP003048,O004665,DHL,2026-08-18T10:00:20.880590,2026-08-22T10:00:20.880590,2026-08-22T10:00:20.880590,IN_TRANSIT
SHP003049,O004421,Delhivery,2026-09-04T05:14:20.880590,2026-09-10T05:14:20.880590,2026-09-10T05:14:20.880590,DELAYED
SHP003050,O002360,BlueDart,2026-08-15T07:02:20.880590,2026-08-19T07:02:20.880590,2026-08-19T07:02:20.880590,DELIVERED
SHP003051,O000573,FedEx,2026-09-01T18:30:20.880590,2026-09-06T18:30:20.880590,2026-09-08T18:30:20.880590,DELIVERED
SHP003052,O003686,DHL,2026-08-17T02:51:20.880590,2026-08-23T02:51:20.880590,2026-08-25T02:51:20.880590,DELIVERED
SHP003053,O003618,UPS,2026-08-13T19:06:20.880590,2026-08-18T19:06:20.880590,2026-08-18T19:06:20.880590,DELAYED
SHP003054,O002581,BlueDart,2026-08-23T13:30:20.880590,2026-08-29T13:30:20.880590,2026-08-28T13:30:20.880590,IN_TRANSIT
SHP003055,O000691,DHL,2026-08-15T06:51:20.880590,2026-08-19T06:51:20.880590,2026-08-19T06:51:20.880590,DELIVERED
SHP003056,O003208,UPS,2026-08-08T14:06:20.880590,2026-08-13T14:06:20.880590,2026-08-12T14:06:20.880590,DELIVERED
SHP003057,O002262,UPS,2026-08-07T05:37:20.880590,2026-08-09T05:37:20.880590,2026-08-10T05:37:20.880590,IN_TRANSIT
SHP003058,O003214,UPS,2026-08-16T20:53:20.880590,2026-08-19T20:53:20.880590,2026-08-19T20:53:20.880590,DELIVERED
SHP003059,O004616,BlueDart,2026-08-14T08:34:20.880590,2026-08-19T08:34:20.880590,2026-08-18T08:34:20.880590,IN_TRANSIT
SHP003060,O001281,DHL,2026-08-13T18:22:20.880590,2026-08-19T18:22:20.880590,2026-08-18T18:22:20.880590,IN_TRANSIT
SHP003061,O001231,FedEx,2026-09-04T16:43:20.880590,2026-09-08T16:43:20.880590,2026-09-09T16:43:20.880590,DELAYED
SHP003062,O001958,UPS,2026-08-29T19:47:20.880590,2026-08-31T19:47:20.880590,2026-09-01T19:47:20.880590,DELAYED
SHP003063,O004156,BlueDart,2026-08-09T04:42:20.880590,2026-08-14T04:42:20.880590,2026-08-14T04:42:20.880590,DELAYED
SHP003064,O000872,DHL,2026-08-29T00:19:20.880590,2026-09-03T00:19:20.880590,2026-09-03T00:19:20.880590,DELIVERED
SHP003065,O003049,FedEx,2026-08-31T15:41:20.880590,2026-09-01T15:41:20.880590,2026-08-31T15:41:20.880590,DELIVERED
SHP003066,O000356,DHL,2026-09-02T19:40:20.880590,2026-09-08T19:40:20.880590,2026-09-09T19:40:20.880590,DELIVERED
SHP003067,O001152,UPS,2026-09-04T22:03:20.880590,2026-09-09T22:03:20.880590,2026-09-10T22:03:20.880590,DELAYED
SHP003068,O003654,UPS,2026-08-28T17:09:20.880590,2026-08-31T17:09:20.880590,2026-09-01T17:09:20.880590,IN_TRANSIT
SHP003069,O003385,DHL,2026-09-01T03:49:20.880590,2026-09-05T03:49:20.880590,2026-09-05T03:49:20.880590,DELAYED
SHP003070,O002532,BlueDart,2026-09-06T00:12:20.880590,2026-09-12T00:12:20.880590,2026-09-11T00:12:20.880590,DELIVERED
SHP003071,O002247,BlueDart,2026-08-20T05:24:20.880590,2026-08-26T05:24:20.880590,2026-08-26T05:24:20.880590,DELIVERED
SHP003072,O002352,BlueDart,2026-08-15T10:11:20.880590,2026-08-18T10:11:20.880590,2026-08-19T10:11:20.880590,DELAYED
SHP003073,O000533,UPS,2026-08-20T00:45:20.880590,2026-08-23T00:45:20.880590,2026-08-24T00:45:20.880590,DELAYED
SHP003074,O002728,DHL,2026-08-16T04:37:20.880590,2026-08-20T04:37:20.880590,2026-08-20T04:37:20.880590,IN_TRANSIT
SHP003075,O002569,DHL,2026-08-16T08:15:20.880590,2026-08-23T08:15:20.880590,2026-08-25T08:15:20.880590,IN_TRANSIT
SHP003076,O004094,BlueDart,2026-08-11T23:37:20.880590,2026-08-16T23:37:20.880590,2026-08-17T23:37:20.880590,IN_TRANSIT
SHP003077,O002957,Delhivery,2026-09-01T19:59:20.880590,2026-09-05T19:59:20.880590,2026-09-05T19:59:20.880590,IN_TRANSIT
SHP003078,O000343,FedEx,2026-08-07T15:11:20.880590,2026-08-13T15:11:20.880590,2026-08-13T15:11:20.880590,IN_TRANSIT
SHP003079,O001258,FedEx,2026-08-21T09:14:20.880590,2026-08-26T09:14:20.880590,2026-08-27T09:14:20.880590,DELAYED
SHP003080,O004226,UPS,2026-08-19T10:33:20.880590,2026-08-25T10:33:20.880590,2026-08-25T10:33:20.880590,DELIVERED
SHP003081,O004620,FedEx,2026-08-07T10:55:20.880590,2026-08-09T10:55:20.880590,2026-08-09T10:55:20.880590,IN_TRANSIT
SHP003082,O002176,UPS,2026-08-11T06:32:20.880590,2026-08-14T06:32:20.880590,2026-08-15T06:32:20.880590,DELAYED
SHP003083,O003017,FedEx,2026-09-04T21:48:20.880590,2026-09-08T21:48:20.880590,2026-09-08T21:48:20.880590,DELIVERED
SHP003084,O003249,BlueDart,2026-08-29T02:48:20.880590,2026-08-30T02:48:20.880590,2026-08-30T02:48:20.880590,DELIVERED
SHP003085,O001180,BlueDart,2026-08-20T00:25:20.880590,2026-08-23T00:25:20.880590,2026-08-23T00:25:20.880590,DELIVERED
SHP003086,O003866,DHL,2026-08-15T11:21:20.880590,2026-08-20T11:21:20.880590,2026-08-19T11:21:20.880590,DELIVERED
SHP003087,O001272,FedEx,2026-08-29T05:00:20.880590,2026-09-03T05:00:20.880590,2026-09-05T05:00:20.880590,DELIVERED
SHP003088,O000133,Delhivery,2026-08-12T14:31:20.880590,2026-08-19T14:31:20.880590,2026-08-19T14:31:20.880590,IN_TRANSIT
SHP003089,O001218,UPS,2026-09-05T02:41:20.880590,2026-09-11T02:41:20.880590,2026-09-11T02:41:20.880590,DELAYED
SHP003090,O001362,Delhivery,2026-08-14T00:20:20.880590,2026-08-20T00:20:20.880590,2026-08-20T00:20:20.880590,DELIVERED
SHP003091,O002504,Delhivery,2026-08-11T00:23:20.880590,2026-08-15T00:23:20.880590,2026-08-15T00:23:20.880590,DELAYED
SHP003092,O000210,BlueDart,2026-08-18T21:44:20.880590,2026-08-25T21:44:20.880590,2026-08-26T21:44:20.880590,DELAYED
SHP003093,O004847,UPS,2026-09-05T11:28:20.880590,2026-09-07T11:28:20.880590,2026-09-09T11:28:20.880590,DELIVERED
SHP003094,O003833,Delhivery,2026-08-31T21:32:20.880590,2026-09-02T21:32:20.880590,2026-09-02T21:32:20.880590,IN_TRANSIT
SHP003095,O003752,Delhivery,2026-08-25T09:27:20.880590,2026-08-26T09:27:20.880590,2026-08-25T09:27:20.880590,IN_TRANSIT
SHP003096,O001277,UPS,2026-08-30T01:51:20.880590,2026-09-02T01:51:20.880590,2026-09-03T01:51:20.880590,IN_TRANSIT
SHP003097,O003091,Delhivery,2026-08-24T21:43:20.880590,2026-08-27T21:43:20.880590,2026-08-29T21:43:20.880590,DELIVERED
SHP003098,O000040,Delhivery,2026-08-26T16:39:20.880590,2026-09-01T16:39:20.880590,2026-09-01T16:39:20.880590,DELIVERED
SHP003099,O003347,Delhivery,2026-08-30T15:15:20.880590,2026-09-01T15:15:20.880590,2026-09-01T15:15:20.880590,DELAYED
SHP003100,O004337,UPS,2026-08-07T19:19:20.880590,2026-08-10T19:19:20.880590,2026-08-12T19:19:20.880590,DELIVERED
SHP003101,O003500,FedEx,2026-08-22T06:26:20.880590,2026-08-27T06:26:20.880590,2026-08-28T06:26:20.880590,DELIVERED
SHP003102,O003116,Delhivery,2026-08-24T05:12:20.880590,2026-08-31T05:12:20.880590,2026-08-31T05:12:20.880590,DELIVERED
SHP003103,O002683,BlueDart,2026-08-13T13:20:20.880590,2026-08-19T13:20:20.880590,2026-08-19T13:20:20.880590,IN_TRANSIT
SHP003104,O002492,BlueDart,2026-08-18T05:04:20.880590,2026-08-23T05:04:20.880590,2026-08-25T05:04:20.880590,DELAYED
SHP003105,O003880,DHL,2026-08-14T14:20:20.880590,2026-08-20T14:20:20.880590,2026-08-20T14:20:20.880590,IN_TRANSIT
SHP003106,O001577,FedEx,2026-08-15T02:34:20.880590,2026-08-18T02:34:20.880590,2026-08-18T02:34:20.880590,IN_TRANSIT
SHP003107,O003259,DHL,2026-08-26T00:00:20.880590,2026-08-27T00:00:20.880590,2026-08-27T00:00:20.880590,DELIVERED
SHP003108,O004912,BlueDart,2026-08-20T15:11:20.880590,2026-08-21T15:11:20.880590,2026-08-23T15:11:20.880590,DELIVERED
SHP003109,O004205,BlueDart,2026-08-24T06:45:20.880590,2026-08-26T06:45:20.880590,2026-08-28T06:45:20.880590,DELAYED
SHP003110,O004260,Delhivery,2026-08-24T15:09:20.880590,2026-08-28T15:09:20.880590,2026-08-30T15:09:20.880590,DELIVERED
SHP003111,O002053,Delhivery,2026-08-19T10:20:20.880590,2026-08-22T10:20:20.880590,2026-08-21T10:20:20.880590,DELIVERED
SHP003112,O002951,DHL,2026-09-05T15:24:20.880590,2026-09-10T15:24:20.880590,2026-09-11T15:24:20.880590,DELAYED
SHP003113,O003417,DHL,2026-08-21T19:19:20.880590,2026-08-23T19:19:20.880590,2026-08-23T19:19:20.880590,IN_TRANSIT
SHP003114,O004600,Delhivery,2026-08-09T04:48:20.880590,2026-08-11T04:48:20.880590,2026-08-11T04:48:20.880590,DELIVERED
SHP003115,O002029,Delhivery,2026-08-31T20:06:20.880590,2026-09-01T20:06:20.880590,2026-08-31T20:06:20.880590,IN_TRANSIT
SHP003116,O001562,UPS,2026-09-02T10:10:20.880590,2026-09-06T10:10:20.880590,2026-09-07T10:10:20.880590,DELAYED
SHP003117,O001108,FedEx,2026-08-10T03:49:20.880590,2026-08-14T03:49:20.880590,2026-08-15T03:49:20.880590,DELAYED
SHP003118,O004997,Delhivery,2026-08-18T07:58:20.880590,2026-08-25T07:58:20.880590,2026-08-24T07:58:20.880590,DELIVERED
SHP003119,O001311,DHL,2026-08-14T05:43:20.880590,2026-08-15T05:43:20.880590,2026-08-16T05:43:20.880590,DELIVERED
SHP003120,O004106,UPS,2026-08-11T10:03:20.880590,2026-08-13T10:03:20.880590,2026-08-12T10:03:20.880590,DELIVERED
SHP003121,O001256,FedEx,2026-09-04T14:28:20.880590,2026-09-09T14:28:20.880590,2026-09-08T14:28:20.880590,IN_TRANSIT
SHP003122,O001772,DHL,2026-08-13T23:20:20.880590,2026-08-15T23:20:20.880590,2026-08-15T23:20:20.880590,IN_TRANSIT
SHP003123,O001777,DHL,2026-09-05T01:21:20.880590,2026-09-08T01:21:20.880590,2026-09-07T01:21:20.880590,DELAYED
SHP003124,O001454,DHL,2026-09-01T05:46:20.880590,2026-09-03T05:46:20.880590,2026-09-04T05:46:20.880590,DELIVERED
SHP003125,O002003,DHL,2026-08-15T09:56:20.880590,2026-08-20T09:56:20.880590,2026-08-22T09:56:20.880590,IN_TRANSIT
SHP003126,O001535,DHL,2026-08-29T01:58:20.880590,2026-09-05T01:58:20.880590,2026-09-04T01:58:20.880590,DELIVERED
SHP003127,O002849,Delhivery,2026-09-04T09:16:20.880590,2026-09-05T09:16:20.880590,2026-09-05T09:16:20.880590,DELIVERED
SHP003128,O003981,UPS,2026-08-27T20:02:20.880590,2026-08-31T20:02:20.880590,2026-09-02T20:02:20.880590,DELAYED
SHP003129,O000064,DHL,2026-08-07T16:25:20.880590,2026-08-13T16:25:20.880590,2026-08-12T16:25:20.880590,DELAYED
SHP003130,O000649,BlueDart,2026-09-02T12:56:20.880590,2026-09-06T12:56:20.880590,2026-09-06T12:56:20.880590,DELIVERED
SHP003131,O002409,UPS,2026-08-14T23:39:20.880590,2026-08-19T23:39:20.880590,2026-08-19T23:39:20.880590,IN_TRANSIT
SHP003132,O004181,BlueDart,2026-08-17T00:18:20.880590,2026-08-18T00:18:20.880590,2026-08-18T00:18:20.880590,DELIVERED
SHP003133,O002333,BlueDart,2026-08-21T06:52:20.880590,2026-08-24T06:52:20.880590,2026-08-25T06:52:20.880590,DELAYED
SHP003134,O000931,BlueDart,2026-08-12T07:19:20.880590,2026-08-18T07:19:20.880590,2026-08-17T07:19:20.880590,DELAYED
SHP003135,O003705,DHL,2026-09-01T04:50:20.880590,2026-09-03T04:50:20.880590,2026-09-04T04:50:20.880590,DELIVERED
SHP003136,O001527,DHL,2026-08-31T07:38:20.880590,2026-09-07T07:38:20.880590,2026-09-07T07:38:20.880590,DELIVERED
SHP003137,O001945,Delhivery,2026-08-09T04:18:20.880590,2026-08-10T04:18:20.880590,2026-08-12T04:18:20.880590,DELAYED
SHP003138,O002319,Delhivery,2026-08-16T06:10:20.880590,2026-08-22T06:10:20.880590,2026-08-21T06:10:20.880590,DELIVERED
SHP003139,O001375,DHL,2026-08-16T09:13:20.880590,2026-08-20T09:13:20.880590,2026-08-19T09:13:20.880590,DELIVERED
SHP003140,O004918,FedEx,2026-08-24T02:38:20.880590,2026-08-26T02:38:20.880590,2026-08-26T02:38:20.880590,DELAYED
SHP003141,O004476,FedEx,2026-08-10T12:30:20.880590,2026-08-12T12:30:20.880590,2026-08-12T12:30:20.880590,DELIVERED
SHP003142,O003149,FedEx,2026-08-27T13:53:20.880590,2026-08-30T13:53:20.880590,2026-08-30T13:53:20.880590,DELAYED
SHP003143,O001344,DHL,2026-08-09T00:18:20.880590,2026-08-11T00:18:20.880590,2026-08-10T00:18:20.880590,DELIVERED
SHP003144,O003829,Delhivery,2026-08-26T22:21:20.880590,2026-08-29T22:21:20.880590,2026-08-29T22:21:20.880590,DELIVERED
SHP003145,O001763,FedEx,2026-08-31T03:22:20.880590,2026-09-04T03:22:20.880590,2026-09-05T03:22:20.880590,DELAYED
SHP003146,O000832,DHL,2026-08-08T06:26:20.880590,2026-08-12T06:26:20.880590,2026-08-13T06:26:20.880590,DELAYED
SHP003147,O000926,BlueDart,2026-08-12T02:27:20.880590,2026-08-16T02:27:20.880590,2026-08-18T02:27:20.880590,IN_TRANSIT
SHP003148,O004898,DHL,2026-08-13T05:38:20.880590,2026-08-15T05:38:20.880590,2026-08-15T05:38:20.880590,DELIVERED
SHP003149,O001547,Delhivery,2026-08-22T05:14:20.880590,2026-08-26T05:14:20.880590,2026-08-26T05:14:20.880590,DELIVERED
SHP003150,O003625,FedEx,2026-08-26T17:36:20.880590,2026-09-02T17:36:20.880590,2026-09-01T17:36:20.880590,DELIVERED
SHP003151,O000335,Delhivery,2026-08-14T20:19:20.880590,2026-08-19T20:19:20.880590,2026-08-19T20:19:20.880590,DELIVERED
SHP003152,O002769,FedEx,2026-08-29T01:20:20.880590,2026-09-04T01:20:20.880590,2026-09-03T01:20:20.880590,IN_TRANSIT
SHP003153,O002958,FedEx,2026-08-07T14:26:20.880590,2026-08-08T14:26:20.880590,2026-08-10T14:26:20.880590,DELAYED
SHP003154,O000609,DHL,2026-08-19T20:21:20.880590,2026-08-25T20:21:20.880590,2026-08-25T20:21:20.880590,DELIVERED
SHP003155,O002641,UPS,2026-08-27T10:03:20.880590,2026-08-28T10:03:20.880590,2026-08-30T10:03:20.880590,IN_TRANSIT
SHP003156,O002621,FedEx,2026-08-29T21:31:20.880590,2026-09-03T21:31:20.880590,2026-09-03T21:31:20.880590,IN_TRANSIT
SHP003157,O003659,DHL,2026-08-29T07:57:20.880590,2026-08-31T07:57:20.880590,2026-09-01T07:57:20.880590,DELAYED
SHP003158,O003574,BlueDart,2026-08-18T11:01:20.880590,2026-08-23T11:01:20.880590,2026-08-24T11:01:20.880590,DELIVERED
SHP003159,O004581,FedEx,2026-08-07T08:59:20.880590,2026-08-08T08:59:20.880590,2026-08-09T08:59:20.880590,IN_TRANSIT
SHP003160,O002410,DHL,2026-08-19T11:10:20.880590,2026-08-22T11:10:20.880590,2026-08-24T11:10:20.880590,DELIVERED
SHP003161,O002685,DHL,2026-08-21T17:03:20.880590,2026-08-22T17:03:20.880590,2026-08-23T17:03:20.880590,DELIVERED
SHP003162,O001369,BlueDart,2026-08-27T04:03:20.880590,2026-09-02T04:03:20.880590,2026-09-04T04:03:20.880590,IN_TRANSIT
SHP003163,O001127,Delhivery,2026-08-18T02:09:20.880590,2026-08-20T02:09:20.880590,2026-08-22T02:09:20.880590,DELIVERED
SHP003164,O004483,FedEx,2026-08-12T10:05:20.880590,2026-08-14T10:05:20.880590,2026-08-13T10:05:20.880590,IN_TRANSIT
SHP003165,O000738,FedEx,2026-08-11T23:18:20.880590,2026-08-12T23:18:20.880590,2026-08-12T23:18:20.880590,IN_TRANSIT
SHP003166,O003500,FedEx,2026-08-08T07:39:20.880590,2026-08-15T07:39:20.880590,2026-08-16T07:39:20.880590,DELAYED
SHP003167,O000598,Delhivery,2026-08-08T11:18:20.880590,2026-08-13T11:18:20.880590,2026-08-12T11:18:20.880590,IN_TRANSIT
SHP003168,O001465,UPS,2026-08-08T09:36:20.880590,2026-08-09T09:36:20.880590,2026-08-10T09:36:20.880590,IN_TRANSIT
SHP003169,O000542,BlueDart,2026-08-09T23:33:20.880590,2026-08-15T23:33:20.880590,2026-08-15T23:33:20.880590,IN_TRANSIT
SHP003170,O000727,BlueDart,2026-08-10T14:13:20.880590,2026-08-11T14:13:20.880590,2026-08-12T14:13:20.880590,IN_TRANSIT
SHP003171,O002881,BlueDart,2026-08-31T16:04:20.880590,2026-09-05T16:04:20.880590,2026-09-06T16:04:20.880590,DELAYED
SHP003172,O003323,FedEx,2026-09-01T08:52:20.880590,2026-09-07T08:52:20.880590,2026-09-06T08:52:20.880590,DELIVERED
SHP003173,O000459,BlueDart,2026-08-18T15:31:20.880590,2026-08-24T15:31:20.880590,2026-08-26T15:31:20.880590,DELIVERED
SHP003174,O002440,Delhivery,2026-08-21T01:43:20.880590,2026-08-27T01:43:20.880590,2026-08-26T01:43:20.880590,DELIVERED
SHP003175,O004270,DHL,2026-08-31T17:52:20.880590,2026-09-05T17:52:20.880590,2026-09-04T17:52:20.880590,DELIVERED
SHP003176,O002248,UPS,2026-08-11T14:25:20.880590,2026-08-17T14:25:20.880590,2026-08-18T14:25:20.880590,IN_TRANSIT
SHP003177,O003808,BlueDart,2026-08-25T08:38:20.880590,2026-08-29T08:38:20.880590,2026-08-28T08:38:20.880590,DELAYED
SHP003178,O001059,UPS,2026-08-22T10:57:20.880590,2026-08-27T10:57:20.880590,2026-08-28T10:57:20.880590,DELAYED
SHP003179,O000790,BlueDart,2026-08-08T09:04:20.880590,2026-08-09T09:04:20.880590,2026-08-11T09:04:20.880590,DELIVERED
SHP003180,O003686,BlueDart,2026-08-11T08:41:20.880590,2026-08-14T08:41:20.880590,2026-08-14T08:41:20.880590,DELIVERED
SHP003181,O003824,DHL,2026-08-29T01:10:20.880590,2026-08-31T01:10:20.880590,2026-08-31T01:10:20.880590,DELAYED
SHP003182,O004548,DHL,2026-08-16T10:01:20.880590,2026-08-19T10:01:20.880590,2026-08-19T10:01:20.880590,DELIVERED
SHP003183,O003704,Delhivery,2026-08-20T22:55:20.880590,2026-08-27T22:55:20.880590,2026-08-27T22:55:20.880590,IN_TRANSIT
SHP003184,O001114,UPS,2026-08-28T00:20:20.880590,2026-09-04T00:20:20.880590,2026-09-04T00:20:20.880590,DELAYED
SHP003185,O000486,Delhivery,2026-08-13T19:54:20.880590,2026-08-16T19:54:20.880590,2026-08-18T19:54:20.880590,DELAYED
SHP003186,O004360,UPS,2026-08-15T08:50:20.880590,2026-08-20T08:50:20.880590,2026-08-22T08:50:20.880590,DELAYED
SHP003187,O001932,UPS,2026-08-28T15:28:20.880590,2026-09-03T15:28:20.880590,2026-09-05T15:28:20.880590,IN_TRANSIT
SHP003188,O003757,FedEx,2026-08-15T00:10:20.880590,2026-08-20T00:10:20.880590,2026-08-22T00:10:20.880590,DELIVERED
SHP003189,O002781,BlueDart,2026-08-16T20:12:20.880590,2026-08-22T20:12:20.880590,2026-08-21T20:12:20.880590,DELIVERED
SHP003190,O000246,Delhivery,2026-08-18T15:52:20.880590,2026-08-20T15:52:20.880590,2026-08-22T15:52:20.880590,DELAYED
SHP003191,O003471,FedEx,2026-08-25T07:17:20.880590,2026-08-31T07:17:20.880590,2026-09-02T07:17:20.880590,DELAYED
SHP003192,O003147,UPS,2026-08-21T02:12:20.880590,2026-08-26T02:12:20.880590,2026-08-26T02:12:20.880590,IN_TRANSIT
SHP003193,O003727,FedEx,2026-08-13T05:13:20.880590,2026-08-18T05:13:20.880590,2026-08-20T05:13:20.880590,DELIVERED
SHP003194,O003219,UPS,2026-08-21T13:57:20.880590,2026-08-23T13:57:20.880590,2026-08-23T13:57:20.880590,DELAYED
SHP003195,O004531,Delhivery,2026-08-10T14:00:20.880590,2026-08-14T14:00:20.880590,2026-08-15T14:00:20.880590,IN_TRANSIT
SHP003196,O001275,BlueDart,2026-08-14T14:45:20.880590,2026-08-16T14:45:20.880590,2026-08-16T14:45:20.880590,DELIVERED
SHP003197,O002554,DHL,2026-08-17T17:44:20.880590,2026-08-21T17:44:20.880590,2026-08-21T17:44:20.880590,DELIVERED
SHP003198,O003368,BlueDart,2026-08-11T19:24:20.880590,2026-08-13T19:24:20.880590,2026-08-13T19:24:20.880590,IN_TRANSIT
SHP003199,O000956,UPS,2026-08-09T17:58:20.880590,2026-08-15T17:58:20.880590,2026-08-15T17:58:20.880590,DELIVERED
SHP003200,O003264,FedEx,2026-08-24T02:21:20.880590,2026-08-27T02:21:20.880590,2026-08-27T02:21:20.880590,DELIVERED
SHP003201,O001735,BlueDart,2026-08-25T23:21:20.880590,2026-08-27T23:21:20.880590,2026-08-29T23:21:20.880590,DELAYED
SHP003202,O001491,FedEx,2026-08-26T03:43:20.880590,2026-08-28T03:43:20.880590,2026-08-28T03:43:20.880590,IN_TRANSIT
SHP003203,O002321,UPS,2026-08-08T12:32:20.880590,2026-08-11T12:32:20.880590,2026-08-11T12:32:20.880590,IN_TRANSIT
SHP003204,O002511,FedEx,2026-08-12T09:25:20.880590,2026-08-15T09:25:20.880590,2026-08-15T09:25:20.880590,DELIVERED
SHP003205,O000635,DHL,2026-08-10T21:13:20.880590,2026-08-14T21:13:20.880590,2026-08-14T21:13:20.880590,IN_TRANSIT
SHP003206,O002171,UPS,2026-09-02T06:24:20.880590,2026-09-07T06:24:20.880590,2026-09-07T06:24:20.880590,IN_TRANSIT
SHP003207,O002367,FedEx,2026-09-05T06:09:20.880590,2026-09-12T06:09:20.880590,2026-09-11T06:09:20.880590,DELAYED
SHP003208,O004354,UPS,2026-09-01T06:45:20.880590,2026-09-03T06:45:20.880590,2026-09-03T06:45:20.880590,IN_TRANSIT
SHP003209,O004143,DHL,2026-08-17T20:58:20.880590,2026-08-20T20:58:20.880590,2026-08-19T20:58:20.880590,DELIVERED
SHP003210,O000912,DHL,2026-09-04T11:02:20.880590,2026-09-08T11:02:20.880590,2026-09-08T11:02:20.880590,IN_TRANSIT
SHP003211,O001423,UPS,2026-09-05T06:18:20.880590,2026-09-11T06:18:20.880590,2026-09-12T06:18:20.880590,IN_TRANSIT
SHP003212,O004806,Delhivery,2026-08-15T03:52:20.880590,2026-08-20T03:52:20.880590,2026-08-21T03:52:20.880590,DELIVERED
SHP003213,O003613,FedEx,2026-08-18T13:57:20.880590,2026-08-21T13:57:20.880590,2026-08-21T13:57:20.880590,DELAYED
SHP003214,O004328,BlueDart,2026-09-04T08:33:20.880590,2026-09-07T08:33:20.880590,2026-09-09T08:33:20.880590,DELIVERED
SHP003215,O001965,DHL,2026-08-23T10:46:20.880590,2026-08-24T10:46:20.880590,2026-08-25T10:46:20.880590,IN_TRANSIT
SHP003216,O002139,UPS,2026-08-12T11:38:20.880590,2026-08-18T11:38:20.880590,2026-08-17T11:38:20.880590,DELAYED
SHP003217,O002278,BlueDart,2026-08-17T01:58:20.880590,2026-08-22T01:58:20.880590,2026-08-22T01:58:20.880590,DELAYED
SHP003218,O000400,UPS,2026-08-17T17:40:20.880590,2026-08-21T17:40:20.880590,2026-08-23T17:40:20.880590,DELIVERED
SHP003219,O002657,FedEx,2026-08-18T21:29:20.880590,2026-08-19T21:29:20.880590,2026-08-18T21:29:20.880590,DELAYED
SHP003220,O000752,FedEx,2026-08-29T23:00:20.880590,2026-09-01T23:00:20.880590,2026-09-02T23:00:20.880590,IN_TRANSIT
SHP003221,O003920,Delhivery,2026-08-17T22:02:20.880590,2026-08-23T22:02:20.880590,2026-08-24T22:02:20.880590,DELIVERED
SHP003222,O001685,DHL,2026-08-21T02:25:20.880590,2026-08-28T02:25:20.880590,2026-08-27T02:25:20.880590,IN_TRANSIT
SHP003223,O003406,DHL,2026-09-04T19:37:20.880590,2026-09-08T19:37:20.880590,2026-09-09T19:37:20.880590,DELAYED
SHP003224,O003189,DHL,2026-09-02T22:13:20.880590,2026-09-08T22:13:20.880590,2026-09-07T22:13:20.880590,IN_TRANSIT
SHP003225,O003386,FedEx,2026-09-03T03:14:20.880590,2026-09-09T03:14:20.880590,2026-09-10T03:14:20.880590,IN_TRANSIT
SHP003226,O000840,FedEx,2026-09-03T16:34:20.880590,2026-09-10T16:34:20.880590,2026-09-09T16:34:20.880590,DELAYED
SHP003227,O004897,DHL,2026-08-29T09:48:20.880590,2026-09-02T09:48:20.880590,2026-09-02T09:48:20.880590,DELIVERED
SHP003228,O000636,UPS,2026-08-26T09:20:20.880590,2026-08-30T09:20:20.880590,2026-08-29T09:20:20.880590,IN_TRANSIT
SHP003229,O000074,DHL,2026-09-02T12:21:20.880590,2026-09-03T12:21:20.880590,2026-09-03T12:21:20.880590,IN_TRANSIT
SHP003230,O001137,FedEx,2026-08-07T03:50:20.880590,2026-08-08T03:50:20.880590,2026-08-09T03:50:20.880590,DELIVERED
SHP003231,O002084,DHL,2026-08-07T03:12:20.880590,2026-08-09T03:12:20.880590,2026-08-10T03:12:20.880590,DELIVERED
SHP003232,O004433,BlueDart,2026-09-01T10:48:20.880590,2026-09-08T10:48:20.880590,2026-09-10T10:48:20.880590,DELIVERED
SHP003233,O001095,DHL,2026-09-05T03:14:20.880590,2026-09-07T03:14:20.880590,2026-09-06T03:14:20.880590,DELAYED
SHP003234,O000655,UPS,2026-08-24T20:36:20.880590,2026-08-30T20:36:20.880590,2026-09-01T20:36:20.880590,DELAYED
SHP003235,O001156,UPS,2026-08-20T12:01:20.880590,2026-08-21T12:01:20.880590,2026-08-22T12:01:20.880590,DELAYED
SHP003236,O003119,Delhivery,2026-08-25T00:53:20.880590,2026-08-30T00:53:20.880590,2026-08-31T00:53:20.880590,DELAYED
SHP003237,O001343,DHL,2026-08-18T22:47:20.880590,2026-08-19T22:47:20.880590,2026-08-18T22:47:20.880590,IN_TRANSIT
SHP003238,O002280,UPS,2026-08-10T22:00:20.880590,2026-08-12T22:00:20.880590,2026-08-12T22:00:20.880590,IN_TRANSIT
SHP003239,O003897,FedEx,2026-08-07T16:32:20.880590,2026-08-14T16:32:20.880590,2026-08-15T16:32:20.880590,DELIVERED
SHP003240,O004369,BlueDart,2026-08-18T06:52:20.880590,2026-08-19T06:52:20.880590,2026-08-19T06:52:20.880590,DELAYED
SHP003241,O001390,Delhivery,2026-08-23T19:36:20.880590,2026-08-29T19:36:20.880590,2026-08-29T19:36:20.880590,DELAYED
SHP003242,O004913,UPS,2026-09-03T07:39:20.880590,2026-09-07T07:39:20.880590,2026-09-07T07:39:20.880590,DELAYED
SHP003243,O003579,FedEx,2026-08-28T11:22:20.880590,2026-09-04T11:22:20.880590,2026-09-05T11:22:20.880590,DELAYED
SHP003244,O004128,FedEx,2026-09-03T18:23:20.880590,2026-09-08T18:23:20.880590,2026-09-08T18:23:20.880590,DELIVERED
SHP003245,O002576,BlueDart,2026-08-22T12:48:20.880590,2026-08-26T12:48:20.880590,2026-08-28T12:48:20.880590,IN_TRANSIT
SHP003246,O004380,FedEx,2026-09-03T09:40:20.880590,2026-09-07T09:40:20.880590,2026-09-08T09:40:20.880590,IN_TRANSIT
SHP003247,O003843,UPS,2026-08-07T18:44:20.880590,2026-08-13T18:44:20.880590,2026-08-12T18:44:20.880590,DELIVERED
SHP003248,O004806,FedEx,2026-08-23T20:25:20.880590,2026-08-28T20:25:20.880590,2026-08-28T20:25:20.880590,DELAYED
SHP003249,O000847,UPS,2026-08-31T10:18:20.880590,2026-09-01T10:18:20.880590,2026-09-01T10:18:20.880590,DELIVERED
SHP003250,O000457,FedEx,2026-09-01T23:47:20.880590,2026-09-04T23:47:20.880590,2026-09-05T23:47:20.880590,DELAYED
SHP003251,O001093,Delhivery,2026-08-08T05:10:20.880590,2026-08-11T05:10:20.880590,2026-08-13T05:10:20.880590,DELAYED
SHP003252,O003139,BlueDart,2026-08-25T17:02:20.880590,2026-08-31T17:02:20.880590,2026-08-30T17:02:20.880590,DELAYED
SHP003253,O001733,UPS,2026-08-26T03:14:20.880590,2026-08-29T03:14:20.880590,2026-08-30T03:14:20.880590,IN_TRANSIT
SHP003254,O003983,UPS,2026-08-07T20:05:20.880590,2026-08-14T20:05:20.880590,2026-08-13T20:05:20.880590,DELIVERED
SHP003255,O000467,DHL,2026-08-11T00:31:20.880590,2026-08-16T00:31:20.880590,2026-08-16T00:31:20.880590,DELIVERED
SHP003256,O001354,FedEx,2026-08-24T18:46:20.880590,2026-08-28T18:46:20.880590,2026-08-28T18:46:20.880590,DELAYED
SHP003257,O000851,Delhivery,2026-08-20T01:29:20.880590,2026-08-21T01:29:20.880590,2026-08-21T01:29:20.880590,IN_TRANSIT
SHP003258,O004772,UPS,2026-08-22T18:30:20.880590,2026-08-23T18:30:20.880590,2026-08-25T18:30:20.880590,IN_TRANSIT
SHP003259,O001919,UPS,2026-09-03T15:55:20.880590,2026-09-07T15:55:20.880590,2026-09-07T15:55:20.880590,DELIVERED
SHP003260,O001291,UPS,2026-08-22T08:49:20.880590,2026-08-28T08:49:20.880590,2026-08-28T08:49:20.880590,IN_TRANSIT
SHP003261,O004840,UPS,2026-08-27T16:23:20.880590,2026-08-28T16:23:20.880590,2026-08-29T16:23:20.880590,DELAYED
SHP003262,O002970,UPS,2026-08-26T01:16:20.880590,2026-08-30T01:16:20.880590,2026-08-30T01:16:20.880590,IN_TRANSIT
SHP003263,O004589,UPS,2026-08-18T12:40:20.880590,2026-08-24T12:40:20.880590,2026-08-24T12:40:20.880590,IN_TRANSIT
SHP003264,O001397,FedEx,2026-08-10T12:28:20.880590,2026-08-13T12:28:20.880590,2026-08-15T12:28:20.880590,IN_TRANSIT
SHP003265,O003752,Delhivery,2026-08-26T03:24:20.880590,2026-09-02T03:24:20.880590,2026-09-01T03:24:20.880590,DELIVERED
SHP003266,O002660,FedEx,2026-08-29T10:33:20.880590,2026-09-05T10:33:20.880590,2026-09-05T10:33:20.880590,IN_TRANSIT
SHP003267,O001435,Delhivery,2026-09-02T20:44:20.880590,2026-09-05T20:44:20.880590,2026-09-07T20:44:20.880590,DELAYED
SHP003268,O002685,FedEx,2026-08-26T13:01:20.880590,2026-08-28T13:01:20.880590,2026-08-30T13:01:20.880590,IN_TRANSIT
SHP003269,O002088,Delhivery,2026-08-29T15:33:20.880590,2026-09-03T15:33:20.880590,2026-09-05T15:33:20.880590,DELIVERED
SHP003270,O000494,FedEx,2026-08-13T12:44:20.880590,2026-08-19T12:44:20.880590,2026-08-21T12:44:20.880590,IN_TRANSIT
SHP003271,O000312,BlueDart,2026-08-19T07:27:20.880590,2026-08-20T07:27:20.880590,2026-08-19T07:27:20.880590,DELAYED
SHP003272,O000735,UPS,2026-08-18T23:50:20.880590,2026-08-23T23:50:20.880590,2026-08-22T23:50:20.880590,DELIVERED
SHP003273,O001176,BlueDart,2026-08-19T22:23:20.880590,2026-08-24T22:23:20.880590,2026-08-24T22:23:20.880590,IN_TRANSIT
SHP003274,O001814,Delhivery,2026-08-21T15:07:20.880590,2026-08-24T15:07:20.880590,2026-08-23T15:07:20.880590,DELAYED
SHP003275,O004983,BlueDart,2026-08-16T05:44:20.880590,2026-08-20T05:44:20.880590,2026-08-20T05:44:20.880590,IN_TRANSIT
SHP003276,O002330,BlueDart,2026-08-14T09:17:20.880590,2026-08-15T09:17:20.880590,2026-08-15T09:17:20.880590,DELIVERED
SHP003277,O001373,DHL,2026-08-26T19:52:20.880590,2026-08-29T19:52:20.880590,2026-08-28T19:52:20.880590,DELAYED
SHP003278,O001153,DHL,2026-08-23T04:15:20.880590,2026-08-27T04:15:20.880590,2026-08-27T04:15:20.880590,DELIVERED
SHP003279,O003340,DHL,2026-08-19T01:11:20.880590,2026-08-20T01:11:20.880590,2026-08-22T01:11:20.880590,DELAYED
SHP003280,O004306,BlueDart,2026-08-29T17:33:20.880590,2026-08-31T17:33:20.880590,2026-09-01T17:33:20.880590,DELIVERED
SHP003281,O001471,BlueDart,2026-08-30T18:47:20.880590,2026-09-02T18:47:20.880590,2026-09-04T18:47:20.880590,DELIVERED
SHP003282,O001791,Delhivery,2026-09-06T01:13:20.880590,2026-09-07T01:13:20.880590,2026-09-07T01:13:20.880590,DELIVERED
SHP003283,O000541,BlueDart,2026-09-03T22:56:20.880590,2026-09-04T22:56:20.880590,2026-09-05T22:56:20.880590,DELIVERED
SHP003284,O001658,FedEx,2026-08-18T05:15:20.880590,2026-08-19T05:15:20.880590,2026-08-21T05:15:20.880590,IN_TRANSIT
SHP003285,O002305,DHL,2026-08-20T08:13:20.880590,2026-08-25T08:13:20.880590,2026-08-25T08:13:20.880590,DELIVERED
SHP003286,O003522,DHL,2026-08-26T03:46:20.880590,2026-09-01T03:46:20.880590,2026-09-01T03:46:20.880590,DELAYED
SHP003287,O004956,FedEx,2026-08-07T18:46:20.880590,2026-08-08T18:46:20.880590,2026-08-08T18:46:20.880590,IN_TRANSIT
SHP003288,O004427,DHL,2026-09-01T05:47:20.880590,2026-09-07T05:47:20.880590,2026-09-07T05:47:20.880590,DELAYED
SHP003289,O000258,Delhivery,2026-08-10T02:23:20.880590,2026-08-12T02:23:20.880590,2026-08-13T02:23:20.880590,IN_TRANSIT
SHP003290,O004086,BlueDart,2026-08-25T20:44:20.880590,2026-09-01T20:44:20.880590,2026-09-02T20:44:20.880590,IN_TRANSIT
SHP003291,O003409,UPS,2026-08-17T23:44:20.880590,2026-08-24T23:44:20.880590,2026-08-25T23:44:20.880590,IN_TRANSIT
SHP003292,O002926,UPS,2026-08-21T05:16:20.880590,2026-08-24T05:16:20.880590,2026-08-24T05:16:20.880590,DELAYED
SHP003293,O001705,UPS,2026-08-09T16:57:20.880590,2026-08-14T16:57:20.880590,2026-08-13T16:57:20.880590,DELAYED
SHP003294,O002049,FedEx,2026-08-22T02:45:20.880590,2026-08-25T02:45:20.880590,2026-08-24T02:45:20.880590,DELIVERED
SHP003295,O001145,BlueDart,2026-08-09T08:36:20.880590,2026-08-14T08:36:20.880590,2026-08-14T08:36:20.880590,DELAYED
SHP003296,O003044,FedEx,2026-08-21T09:37:20.880590,2026-08-23T09:37:20.880590,2026-08-22T09:37:20.880590,DELAYED
SHP003297,O001109,FedEx,2026-09-04T04:43:20.880590,2026-09-10T04:43:20.880590,2026-09-10T04:43:20.880590,DELIVERED
SHP003298,O000674,FedEx,2026-09-05T18:26:20.880590,2026-09-08T18:26:20.880590,2026-09-07T18:26:20.880590,IN_TRANSIT
SHP003299,O004261,UPS,2026-09-05T20:39:20.880590,2026-09-08T20:39:20.880590,2026-09-07T20:39:20.880590,IN_TRANSIT
SHP003300,O001174,BlueDart,2026-08-08T02:21:20.880590,2026-08-11T02:21:20.880590,2026-08-10T02:21:20.880590,IN_TRANSIT
SHP003301,O003462,DHL,2026-08-13T08:49:20.880590,2026-08-17T08:49:20.880590,2026-08-18T08:49:20.880590,IN_TRANSIT
SHP003302,O002621,DHL,2026-08-11T21:19:20.880590,2026-08-17T21:19:20.880590,2026-08-17T21:19:20.880590,IN_TRANSIT
SHP003303,O003912,BlueDart,2026-08-30T03:14:20.880590,2026-09-01T03:14:20.880590,2026-08-31T03:14:20.880590,IN_TRANSIT
SHP003304,O004608,FedEx,2026-08-20T01:25:20.880590,2026-08-26T01:25:20.880590,2026-08-26T01:25:20.880590,DELAYED
SHP003305,O003713,Delhivery,2026-08-13T05:45:20.880590,2026-08-17T05:45:20.880590,2026-08-17T05:45:20.880590,DELIVERED
SHP003306,O004778,UPS,2026-08-14T23:45:20.880590,2026-08-15T23:45:20.880590,2026-08-16T23:45:20.880590,DELAYED
SHP003307,O003916,FedEx,2026-08-21T22:47:20.880590,2026-08-24T22:47:20.880590,2026-08-24T22:47:20.880590,DELAYED
SHP003308,O001292,FedEx,2026-08-08T14:05:20.880590,2026-08-14T14:05:20.880590,2026-08-14T14:05:20.880590,DELAYED
SHP003309,O001690,BlueDart,2026-09-04T06:37:20.880590,2026-09-08T06:37:20.880590,2026-09-07T06:37:20.880590,DELIVERED
SHP003310,O004475,FedEx,2026-08-24T02:11:20.880590,2026-08-29T02:11:20.880590,2026-08-29T02:11:20.880590,DELAYED
SHP003311,O004937,DHL,2026-09-01T12:21:20.880590,2026-09-06T12:21:20.880590,2026-09-08T12:21:20.880590,IN_TRANSIT
SHP003312,O002935,DHL,2026-09-03T12:26:20.880590,2026-09-07T12:26:20.880590,2026-09-07T12:26:20.880590,DELAYED
SHP003313,O000551,Delhivery,2026-09-02T13:31:20.880590,2026-09-05T13:31:20.880590,2026-09-05T13:31:20.880590,IN_TRANSIT
SHP003314,O002402,UPS,2026-09-05T22:49:20.880590,2026-09-09T22:49:20.880590,2026-09-09T22:49:20.880590,IN_TRANSIT
SHP003315,O001952,Delhivery,2026-08-13T15:07:20.880590,2026-08-14T15:07:20.880590,2026-08-13T15:07:20.880590,IN_TRANSIT
SHP003316,O003035,FedEx,2026-08-10T08:39:20.880590,2026-08-13T08:39:20.880590,2026-08-13T08:39:20.880590,DELAYED
SHP003317,O003078,BlueDart,2026-08-31T00:17:20.880590,2026-09-05T00:17:20.880590,2026-09-05T00:17:20.880590,IN_TRANSIT
SHP003318,O004045,DHL,2026-08-18T16:39:20.880590,2026-08-25T16:39:20.880590,2026-08-24T16:39:20.880590,DELAYED
SHP003319,O003850,BlueDart,2026-09-02T19:35:20.880590,2026-09-07T19:35:20.880590,2026-09-07T19:35:20.880590,DELIVERED
SHP003320,O002468,BlueDart,2026-08-12T17:52:20.880590,2026-08-16T17:52:20.880590,2026-08-15T17:52:20.880590,DELAYED
SHP003321,O001872,BlueDart,2026-09-04T02:19:20.880590,2026-09-08T02:19:20.880590,2026-09-08T02:19:20.880590,DELAYED
SHP003322,O000365,FedEx,2026-08-22T16:50:20.880590,2026-08-27T16:50:20.880590,2026-08-26T16:50:20.880590,DELIVERED
SHP003323,O000629,BlueDart,2026-08-21T03:34:20.880590,2026-08-25T03:34:20.880590,2026-08-24T03:34:20.880590,DELAYED
SHP003324,O001977,UPS,2026-08-29T14:24:20.880590,2026-09-04T14:24:20.880590,2026-09-05T14:24:20.880590,DELIVERED
SHP003325,O000868,BlueDart,2026-08-18T08:30:20.880590,2026-08-19T08:30:20.880590,2026-08-19T08:30:20.880590,DELAYED
SHP003326,O000104,BlueDart,2026-08-20T14:59:20.880590,2026-08-25T14:59:20.880590,2026-08-27T14:59:20.880590,DELIVERED
SHP003327,O003157,UPS,2026-08-11T01:19:20.880590,2026-08-14T01:19:20.880590,2026-08-15T01:19:20.880590,IN_TRANSIT
SHP003328,O003997,UPS,2026-08-15T03:16:20.880590,2026-08-18T03:16:20.880590,2026-08-18T03:16:20.880590,DELAYED
SHP003329,O001649,FedEx,2026-08-29T22:38:20.880590,2026-09-05T22:38:20.880590,2026-09-07T22:38:20.880590,IN_TRANSIT
SHP003330,O004114,UPS,2026-08-29T08:30:20.880590,2026-08-30T08:30:20.880590,2026-08-30T08:30:20.880590,DELAYED
SHP003331,O003465,BlueDart,2026-08-09T10:27:20.880590,2026-08-14T10:27:20.880590,2026-08-16T10:27:20.880590,DELIVERED
SHP003332,O002938,BlueDart,2026-08-22T21:00:20.880590,2026-08-23T21:00:20.880590,2026-08-23T21:00:20.880590,IN_TRANSIT
SHP003333,O003412,DHL,2026-08-25T23:40:20.880590,2026-09-01T23:40:20.880590,2026-09-02T23:40:20.880590,IN_TRANSIT
SHP003334,O004770,UPS,2026-09-01T12:44:20.880590,2026-09-02T12:44:20.880590,2026-09-04T12:44:20.880590,DELIVERED
SHP003335,O001958,BlueDart,2026-08-26T04:47:20.880590,2026-08-29T04:47:20.880590,2026-08-30T04:47:20.880590,DELAYED
SHP003336,O002799,Delhivery,2026-08-07T16:52:20.880590,2026-08-10T16:52:20.880590,2026-08-10T16:52:20.880590,DELIVERED
SHP003337,O000955,DHL,2026-08-25T20:52:20.880590,2026-08-27T20:52:20.880590,2026-08-27T20:52:20.880590,DELAYED
SHP003338,O003403,FedEx,2026-08-22T06:28:20.880590,2026-08-24T06:28:20.880590,2026-08-24T06:28:20.880590,IN_TRANSIT
SHP003339,O000612,Delhivery,2026-08-23T23:08:20.880590,2026-08-25T23:08:20.880590,2026-08-25T23:08:20.880590,IN_TRANSIT
SHP003340,O003311,DHL,2026-09-03T16:24:20.880590,2026-09-08T16:24:20.880590,2026-09-08T16:24:20.880590,DELIVERED
SHP003341,O003520,Delhivery,2026-08-13T16:08:20.880590,2026-08-17T16:08:20.880590,2026-08-17T16:08:20.880590,DELAYED
SHP003342,O004750,BlueDart,2026-08-24T17:02:20.880590,2026-08-29T17:02:20.880590,2026-08-29T17:02:20.880590,DELAYED
SHP003343,O004679,Delhivery,2026-08-28T23:35:20.880590,2026-09-03T23:35:20.880590,2026-09-05T23:35:20.880590,IN_TRANSIT
SHP003344,O000699,Delhivery,2026-08-16T01:54:20.880590,2026-08-20T01:54:20.880590,2026-08-20T01:54:20.880590,DELIVERED
SHP003345,O001328,BlueDart,2026-08-22T20:59:20.880590,2026-08-28T20:59:20.880590,2026-08-27T20:59:20.880590,IN_TRANSIT
SHP003346,O003185,Delhivery,2026-08-16T09:11:20.880590,2026-08-23T09:11:20.880590,2026-08-23T09:11:20.880590,DELIVERED
SHP003347,O004616,DHL,2026-08-22T21:01:20.880590,2026-08-26T21:01:20.880590,2026-08-26T21:01:20.880590,DELIVERED
SHP003348,O000036,DHL,2026-08-17T18:09:20.880590,2026-08-19T18:09:20.880590,2026-08-20T18:09:20.880590,IN_TRANSIT
SHP003349,O004804,DHL,2026-08-25T12:11:20.880590,2026-08-26T12:11:20.880590,2026-08-27T12:11:20.880590,IN_TRANSIT
SHP003350,O000885,Delhivery,2026-08-16T08:01:20.880590,2026-08-17T08:01:20.880590,2026-08-19T08:01:20.880590,DELAYED
SHP003351,O001997,BlueDart,2026-08-26T09:54:20.880590,2026-09-01T09:54:20.880590,2026-08-31T09:54:20.880590,DELAYED
SHP003352,O002834,FedEx,2026-08-23T13:42:20.880590,2026-08-30T13:42:20.880590,2026-08-31T13:42:20.880590,DELIVERED
SHP003353,O001229,FedEx,2026-08-26T04:14:20.880590,2026-08-28T04:14:20.880590,2026-08-27T04:14:20.880590,IN_TRANSIT
SHP003354,O002854,BlueDart,2026-08-15T15:22:20.880590,2026-08-19T15:22:20.880590,2026-08-19T15:22:20.880590,DELAYED
SHP003355,O004017,BlueDart,2026-08-23T02:45:20.880590,2026-08-26T02:45:20.880590,2026-08-27T02:45:20.880590,DELAYED
SHP003356,O001362,Delhivery,2026-08-20T05:26:20.880590,2026-08-25T05:26:20.880590,2026-08-25T05:26:20.880590,DELIVERED
SHP003357,O002441,DHL,2026-08-07T03:27:20.880590,2026-08-14T03:27:20.880590,2026-08-13T03:27:20.880590,DELIVERED
SHP003358,O003841,FedEx,2026-08-14T07:27:20.880590,2026-08-15T07:27:20.880590,2026-08-15T07:27:20.880590,DELIVERED
SHP003359,O004291,FedEx,2026-08-21T02:25:20.880590,2026-08-27T02:25:20.880590,2026-08-28T02:25:20.880590,IN_TRANSIT
SHP003360,O001696,UPS,2026-08-24T09:30:20.880590,2026-08-26T09:30:20.880590,2026-08-26T09:30:20.880590,IN_TRANSIT
SHP003361,O000663,DHL,2026-08-25T20:41:20.880590,2026-08-30T20:41:20.880590,2026-09-01T20:41:20.880590,DELAYED
SHP003362,O000106,FedEx,2026-08-13T22:37:20.880590,2026-08-20T22:37:20.880590,2026-08-22T22:37:20.880590,DELIVERED
SHP003363,O004774,UPS,2026-08-26T14:17:20.880590,2026-08-31T14:17:20.880590,2026-09-01T14:17:20.880590,DELIVERED
SHP003364,O004606,UPS,2026-08-10T02:42:20.880590,2026-08-12T02:42:20.880590,2026-08-11T02:42:20.880590,DELAYED
SHP003365,O000770,FedEx,2026-08-11T17:53:20.880590,2026-08-16T17:53:20.880590,2026-08-15T17:53:20.880590,IN_TRANSIT
SHP003366,O004939,DHL,2026-08-29T02:32:20.880590,2026-09-05T02:32:20.880590,2026-09-05T02:32:20.880590,DELAYED
SHP003367,O003473,BlueDart,2026-08-24T20:49:20.880590,2026-08-28T20:49:20.880590,2026-08-28T20:49:20.880590,IN_TRANSIT
SHP003368,O002489,BlueDart,2026-09-05T16:24:20.880590,2026-09-07T16:24:20.880590,2026-09-09T16:24:20.880590,DELIVERED
SHP003369,O002018,FedEx,2026-09-05T15:26:20.880590,2026-09-09T15:26:20.880590,2026-09-09T15:26:20.880590,DELAYED
SHP003370,O002293,UPS,2026-08-30T12:23:20.880590,2026-08-31T12:23:20.880590,2026-08-31T12:23:20.880590,DELIVERED
SHP003371,O000404,FedEx,2026-08-29T10:05:20.880590,2026-09-04T10:05:20.880590,2026-09-06T10:05:20.880590,IN_TRANSIT
SHP003372,O001843,BlueDart,2026-08-08T11:07:20.880590,2026-08-11T11:07:20.880590,2026-08-11T11:07:20.880590,IN_TRANSIT
SHP003373,O001622,DHL,2026-09-04T20:45:20.880590,2026-09-10T20:45:20.880590,2026-09-10T20:45:20.880590,DELIVERED
SHP003374,O002810,FedEx,2026-08-18T11:30:20.880590,2026-08-25T11:30:20.880590,2026-08-26T11:30:20.880590,DELAYED
SHP003375,O003397,BlueDart,2026-08-22T01:53:20.880590,2026-08-29T01:53:20.880590,2026-08-28T01:53:20.880590,DELAYED
SHP003376,O002805,DHL,2026-09-04T19:01:20.880590,2026-09-11T19:01:20.880590,2026-09-11T19:01:20.880590,DELIVERED
SHP003377,O003300,Delhivery,2026-08-23T20:37:20.880590,2026-08-27T20:37:20.880590,2026-08-29T20:37:20.880590,DELIVERED
SHP003378,O000550,FedEx,2026-08-27T19:34:20.880590,2026-09-02T19:34:20.880590,2026-09-03T19:34:20.880590,IN_TRANSIT
SHP003379,O002327,Delhivery,2026-08-13T23:10:20.880590,2026-08-16T23:10:20.880590,2026-08-18T23:10:20.880590,DELAYED
SHP003380,O004101,UPS,2026-08-10T08:19:20.880590,2026-08-12T08:19:20.880590,2026-08-14T08:19:20.880590,DELAYED
SHP003381,O004159,Delhivery,2026-08-17T21:19:20.880590,2026-08-19T21:19:20.880590,2026-08-18T21:19:20.880590,DELAYED
SHP003382,O002688,DHL,2026-08-10T10:03:20.880590,2026-08-13T10:03:20.880590,2026-08-15T10:03:20.880590,IN_TRANSIT
SHP003383,O004069,BlueDart,2026-08-27T03:53:20.880590,2026-08-30T03:53:20.880590,2026-09-01T03:53:20.880590,DELIVERED
SHP003384,O003277,DHL,2026-08-18T06:12:20.880590,2026-08-22T06:12:20.880590,2026-08-22T06:12:20.880590,IN_TRANSIT
SHP003385,O002838,FedEx,2026-08-25T21:32:20.880590,2026-08-30T21:32:20.880590,2026-08-30T21:32:20.880590,DELIVERED
SHP003386,O000890,Delhivery,2026-08-24T15:49:20.880590,2026-08-30T15:49:20.880590,2026-08-30T15:49:20.880590,DELAYED
SHP003387,O004617,DHL,2026-08-19T07:07:20.880590,2026-08-26T07:07:20.880590,2026-08-26T07:07:20.880590,DELAYED
SHP003388,O004604,UPS,2026-08-20T22:28:20.880590,2026-08-25T22:28:20.880590,2026-08-25T22:28:20.880590,DELIVERED
SHP003389,O002621,BlueDart,2026-08-18T17:03:20.880590,2026-08-22T17:03:20.880590,2026-08-23T17:03:20.880590,IN_TRANSIT
SHP003390,O001948,Delhivery,2026-08-10T13:19:20.880590,2026-08-15T13:19:20.880590,2026-08-16T13:19:20.880590,IN_TRANSIT
SHP003391,O002785,DHL,2026-09-04T12:26:20.880590,2026-09-11T12:26:20.880590,2026-09-10T12:26:20.880590,DELAYED
SHP003392,O000741,UPS,2026-09-02T13:47:20.880590,2026-09-07T13:47:20.880590,2026-09-07T13:47:20.880590,DELAYED
SHP003393,O003634,Delhivery,2026-08-25T06:37:20.880590,2026-08-27T06:37:20.880590,2026-08-27T06:37:20.880590,DELIVERED
SHP003394,O002987,Delhivery,2026-09-01T17:48:20.880590,2026-09-08T17:48:20.880590,2026-09-08T17:48:20.880590,IN_TRANSIT
SHP003395,O000959,Delhivery,2026-08-07T18:05:20.880590,2026-08-14T18:05:20.880590,2026-08-14T18:05:20.880590,DELIVERED
SHP003396,O003766,DHL,2026-08-14T01:52:20.880590,2026-08-18T01:52:20.880590,2026-08-19T01:52:20.880590,DELIVERED
SHP003397,O002681,FedEx,2026-09-01T15:11:20.880590,2026-09-05T15:11:20.880590,2026-09-04T15:11:20.880590,DELAYED
SHP003398,O004037,Delhivery,2026-08-31T05:28:20.880590,2026-09-01T05:28:20.880590,2026-09-02T05:28:20.880590,DELIVERED
SHP003399,O001146,DHL,2026-08-07T02:11:20.880590,2026-08-14T02:11:20.880590,2026-08-14T02:11:20.880590,DELAYED
SHP003400,O004511,Delhivery,2026-08-16T19:53:20.880590,2026-08-17T19:53:20.880590,2026-08-16T19:53:20.880590,DELIVERED
SHP003401,O004734,Delhivery,2026-08-07T13:52:20.880590,2026-08-11T13:52:20.880590,2026-08-12T13:52:20.880590,IN_TRANSIT
SHP003402,O001801,BlueDart,2026-08-26T13:34:20.880590,2026-08-28T13:34:20.880590,2026-08-27T13:34:20.880590,DELIVERED
SHP003403,O003636,FedEx,2026-09-05T11:58:20.880590,2026-09-08T11:58:20.880590,2026-09-08T11:58:20.880590,DELAYED
SHP003404,O003075,UPS,2026-08-17T05:51:20.880590,2026-08-21T05:51:20.880590,2026-08-22T05:51:20.880590,DELIVERED
SHP003405,O000825,Delhivery,2026-08-27T23:51:20.880590,2026-09-02T23:51:20.880590,2026-09-01T23:51:20.880590,IN_TRANSIT
SHP003406,O002671,BlueDart,2026-08-25T12:28:20.880590,2026-09-01T12:28:20.880590,2026-09-01T12:28:20.880590,DELIVERED
SHP003407,O003343,BlueDart,2026-09-02T20:42:20.880590,2026-09-06T20:42:20.880590,2026-09-05T20:42:20.880590,IN_TRANSIT
SHP003408,O003204,BlueDart,2026-08-18T22:06:20.880590,2026-08-20T22:06:20.880590,2026-08-22T22:06:20.880590,DELIVERED
SHP003409,O003216,UPS,2026-08-10T12:18:20.880590,2026-08-16T12:18:20.880590,2026-08-18T12:18:20.880590,DELIVERED
SHP003410,O002800,UPS,2026-09-02T22:13:20.880590,2026-09-06T22:13:20.880590,2026-09-08T22:13:20.880590,DELAYED
SHP003411,O004057,FedEx,2026-08-31T07:14:20.880590,2026-09-06T07:14:20.880590,2026-09-05T07:14:20.880590,IN_TRANSIT
SHP003412,O004118,BlueDart,2026-08-30T14:38:20.880590,2026-09-04T14:38:20.880590,2026-09-03T14:38:20.880590,DELIVERED
SHP003413,O002708,FedEx,2026-08-14T09:05:20.880590,2026-08-15T09:05:20.880590,2026-08-15T09:05:20.880590,DELAYED
SHP003414,O003461,BlueDart,2026-08-15T01:45:20.880590,2026-08-17T01:45:20.880590,2026-08-17T01:45:20.880590,IN_TRANSIT
SHP003415,O004165,DHL,2026-08-29T14:27:20.880590,2026-09-04T14:27:20.880590,2026-09-03T14:27:20.880590,DELAYED
SHP003416,O004225,DHL,2026-08-21T23:26:20.880590,2026-08-24T23:26:20.880590,2026-08-23T23:26:20.880590,DELIVERED
SHP003417,O003163,DHL,2026-08-20T10:24:20.880590,2026-08-27T10:24:20.880590,2026-08-27T10:24:20.880590,DELAYED
SHP003418,O000107,DHL,2026-08-28T07:20:20.880590,2026-08-29T07:20:20.880590,2026-08-28T07:20:20.880590,DELAYED
SHP003419,O000287,BlueDart,2026-08-09T14:08:20.880590,2026-08-11T14:08:20.880590,2026-08-13T14:08:20.880590,DELAYED
SHP003420,O002111,BlueDart,2026-08-21T15:11:20.880590,2026-08-25T15:11:20.880590,2026-08-25T15:11:20.880590,DELAYED
SHP003421,O004065,UPS,2026-08-21T02:57:20.880590,2026-08-23T02:57:20.880590,2026-08-24T02:57:20.880590,DELAYED
SHP003422,O004701,DHL,2026-08-17T14:47:20.880590,2026-08-22T14:47:20.880590,2026-08-24T14:47:20.880590,IN_TRANSIT
SHP003423,O001726,DHL,2026-08-11T19:42:20.880590,2026-08-16T19:42:20.880590,2026-08-18T19:42:20.880590,IN_TRANSIT
SHP003424,O003097,BlueDart,2026-09-02T05:43:20.880590,2026-09-03T05:43:20.880590,2026-09-05T05:43:20.880590,DELIVERED
SHP003425,O000895,FedEx,2026-08-13T14:06:20.880590,2026-08-14T14:06:20.880590,2026-08-14T14:06:20.880590,IN_TRANSIT
SHP003426,O004437,UPS,2026-08-12T18:52:20.880590,2026-08-18T18:52:20.880590,2026-08-18T18:52:20.880590,IN_TRANSIT
SHP003427,O000556,DHL,2026-09-04T17:49:20.880590,2026-09-05T17:49:20.880590,2026-09-07T17:49:20.880590,DELAYED
SHP003428,O001609,UPS,2026-08-08T23:07:20.880590,2026-08-13T23:07:20.880590,2026-08-13T23:07:20.880590,DELAYED
SHP003429,O004734,UPS,2026-08-07T17:08:20.880590,2026-08-09T17:08:20.880590,2026-08-11T17:08:20.880590,IN_TRANSIT
SHP003430,O001487,UPS,2026-08-09T22:17:20.880590,2026-08-14T22:17:20.880590,2026-08-15T22:17:20.880590,DELAYED
SHP003431,O004831,DHL,2026-09-04T11:55:20.880590,2026-09-10T11:55:20.880590,2026-09-10T11:55:20.880590,DELIVERED
SHP003432,O004570,Delhivery,2026-08-18T07:06:20.880590,2026-08-24T07:06:20.880590,2026-08-25T07:06:20.880590,DELAYED
SHP003433,O003836,BlueDart,2026-08-26T02:47:20.880590,2026-09-02T02:47:20.880590,2026-09-03T02:47:20.880590,DELIVERED
SHP003434,O003173,FedEx,2026-09-04T20:33:20.880590,2026-09-11T20:33:20.880590,2026-09-13T20:33:20.880590,DELAYED
SHP003435,O000582,FedEx,2026-08-21T15:08:20.880590,2026-08-28T15:08:20.880590,2026-08-28T15:08:20.880590,DELIVERED
SHP003436,O001741,Delhivery,2026-09-05T12:50:20.880590,2026-09-10T12:50:20.880590,2026-09-11T12:50:20.880590,DELAYED
SHP003437,O004373,BlueDart,2026-08-16T23:23:20.880590,2026-08-19T23:23:20.880590,2026-08-19T23:23:20.880590,DELAYED
SHP003438,O001593,DHL,2026-09-05T18:05:20.880590,2026-09-10T18:05:20.880590,2026-09-09T18:05:20.880590,DELAYED
SHP003439,O003338,FedEx,2026-08-16T00:06:20.880590,2026-08-18T00:06:20.880590,2026-08-20T00:06:20.880590,DELAYED
SHP003440,O003668,DHL,2026-08-16T08:48:20.880590,2026-08-18T08:48:20.880590,2026-08-19T08:48:20.880590,IN_TRANSIT
SHP003441,O004177,FedEx,2026-08-18T02:08:20.880590,2026-08-19T02:08:20.880590,2026-08-20T02:08:20.880590,DELIVERED
SHP003442,O002531,Delhivery,2026-08-22T21:47:20.880590,2026-08-23T21:47:20.880590,2026-08-25T21:47:20.880590,IN_TRANSIT
SHP003443,O001823,FedEx,2026-08-12T09:27:20.880590,2026-08-19T09:27:20.880590,2026-08-18T09:27:20.880590,DELIVERED
SHP003444,O004173,BlueDart,2026-08-28T10:40:20.880590,2026-08-29T10:40:20.880590,2026-08-29T10:40:20.880590,IN_TRANSIT
SHP003445,O003326,BlueDart,2026-08-27T11:55:20.880590,2026-08-31T11:55:20.880590,2026-08-30T11:55:20.880590,DELAYED
SHP003446,O004577,Delhivery,2026-08-13T06:36:20.880590,2026-08-18T06:36:20.880590,2026-08-18T06:36:20.880590,DELIVERED
SHP003447,O000484,FedEx,2026-08-17T10:05:20.880590,2026-08-22T10:05:20.880590,2026-08-23T10:05:20.880590,IN_TRANSIT
SHP003448,O002211,DHL,2026-08-26T23:40:20.880590,2026-08-29T23:40:20.880590,2026-08-31T23:40:20.880590,DELAYED
SHP003449,O001952,DHL,2026-08-15T12:15:20.880590,2026-08-17T12:15:20.880590,2026-08-18T12:15:20.880590,DELIVERED
SHP003450,O003588,BlueDart,2026-08-24T06:22:20.880590,2026-08-29T06:22:20.880590,2026-08-30T06:22:20.880590,DELIVERED
SHP003451,O001391,UPS,2026-09-03T02:54:20.880590,2026-09-10T02:54:20.880590,2026-09-12T02:54:20.880590,IN_TRANSIT
SHP003452,O003097,UPS,2026-08-15T00:31:20.880590,2026-08-18T00:31:20.880590,2026-08-19T00:31:20.880590,DELIVERED
SHP003453,O003317,UPS,2026-08-15T16:13:20.880590,2026-08-20T16:13:20.880590,2026-08-21T16:13:20.880590,IN_TRANSIT
SHP003454,O002978,DHL,2026-08-18T20:03:20.880590,2026-08-24T20:03:20.880590,2026-08-24T20:03:20.880590,IN_TRANSIT
SHP003455,O003708,UPS,2026-08-17T11:24:20.880590,2026-08-24T11:24:20.880590,2026-08-24T11:24:20.880590,IN_TRANSIT
SHP003456,O002462,UPS,2026-08-27T05:43:20.880590,2026-09-02T05:43:20.880590,2026-09-04T05:43:20.880590,DELAYED
SHP003457,O002648,FedEx,2026-08-13T17:07:20.880590,2026-08-19T17:07:20.880590,2026-08-20T17:07:20.880590,DELAYED
SHP003458,O004698,DHL,2026-09-03T12:38:20.880590,2026-09-09T12:38:20.880590,2026-09-08T12:38:20.880590,DELAYED
SHP003459,O000854,DHL,2026-08-23T16:25:20.880590,2026-08-30T16:25:20.880590,2026-08-29T16:25:20.880590,IN_TRANSIT
SHP003460,O003903,FedEx,2026-08-26T18:07:20.880590,2026-09-02T18:07:20.880590,2026-09-02T18:07:20.880590,DELAYED
SHP003461,O000611,UPS,2026-08-22T17:30:20.880590,2026-08-26T17:30:20.880590,2026-08-27T17:30:20.880590,IN_TRANSIT
SHP003462,O004051,DHL,2026-08-26T04:40:20.880590,2026-09-01T04:40:20.880590,2026-09-01T04:40:20.880590,DELIVERED
SHP003463,O004359,DHL,2026-08-25T21:17:20.880590,2026-08-30T21:17:20.880590,2026-09-01T21:17:20.880590,DELIVERED
SHP003464,O001717,DHL,2026-08-29T23:55:20.880590,2026-09-05T23:55:20.880590,2026-09-07T23:55:20.880590,DELIVERED
SHP003465,O003555,UPS,2026-08-18T20:30:20.880590,2026-08-24T20:30:20.880590,2026-08-23T20:30:20.880590,DELIVERED
SHP003466,O002622,Delhivery,2026-08-29T03:01:20.880590,2026-09-02T03:01:20.880590,2026-09-01T03:01:20.880590,DELIVERED
SHP003467,O002452,UPS,2026-09-04T12:44:20.880590,2026-09-08T12:44:20.880590,2026-09-08T12:44:20.880590,DELAYED
SHP003468,O001693,Delhivery,2026-08-18T00:42:20.880590,2026-08-23T00:42:20.880590,2026-08-23T00:42:20.880590,DELIVERED
SHP003469,O002946,FedEx,2026-08-20T17:48:20.880590,2026-08-23T17:48:20.880590,2026-08-23T17:48:20.880590,IN_TRANSIT
SHP003470,O002778,DHL,2026-08-09T11:57:20.880590,2026-08-12T11:57:20.880590,2026-08-12T11:57:20.880590,DELAYED
SHP003471,O004346,FedEx,2026-08-28T11:20:20.880590,2026-09-01T11:20:20.880590,2026-09-01T11:20:20.880590,DELAYED
SHP003472,O000062,FedEx,2026-08-31T19:31:20.880590,2026-09-07T19:31:20.880590,2026-09-07T19:31:20.880590,IN_TRANSIT
SHP003473,O003801,DHL,2026-08-13T16:10:20.880590,2026-08-17T16:10:20.880590,2026-08-16T16:10:20.880590,DELAYED
SHP003474,O003193,FedEx,2026-08-30T23:13:20.880590,2026-09-05T23:13:20.880590,2026-09-07T23:13:20.880590,DELAYED
SHP003475,O004752,BlueDart,2026-08-24T06:06:20.880590,2026-08-30T06:06:20.880590,2026-08-30T06:06:20.880590,IN_TRANSIT
SHP003476,O001474,FedEx,2026-08-26T01:56:20.880590,2026-09-01T01:56:20.880590,2026-09-02T01:56:20.880590,DELIVERED
SHP003477,O004559,UPS,2026-08-16T13:49:20.880590,2026-08-22T13:49:20.880590,2026-08-22T13:49:20.880590,IN_TRANSIT
SHP003478,O003637,FedEx,2026-09-01T13:22:20.880590,2026-09-05T13:22:20.880590,2026-09-07T13:22:20.880590,DELIVERED
SHP003479,O001551,DHL,2026-09-02T00:52:20.880590,2026-09-09T00:52:20.880590,2026-09-11T00:52:20.880590,DELIVERED
SHP003480,O004686,UPS,2026-08-15T04:46:20.880590,2026-08-16T04:46:20.880590,2026-08-16T04:46:20.880590,DELAYED
SHP003481,O001143,Delhivery,2026-08-17T04:54:20.880590,2026-08-24T04:54:20.880590,2026-08-23T04:54:20.880590,IN_TRANSIT
SHP003482,O002856,FedEx,2026-08-15T11:57:20.880590,2026-08-21T11:57:20.880590,2026-08-23T11:57:20.880590,IN_TRANSIT
SHP003483,O004111,UPS,2026-08-11T08:57:20.880590,2026-08-14T08:57:20.880590,2026-08-14T08:57:20.880590,IN_TRANSIT
SHP003484,O000528,Delhivery,2026-08-19T17:17:20.880590,2026-08-24T17:17:20.880590,2026-08-24T17:17:20.880590,IN_TRANSIT
SHP003485,O004341,FedEx,2026-08-31T13:53:20.880590,2026-09-01T13:53:20.880590,2026-09-01T13:53:20.880590,DELIVERED
SHP003486,O001903,UPS,2026-08-09T09:18:20.880590,2026-08-13T09:18:20.880590,2026-08-13T09:18:20.880590,DELIVERED
SHP003487,O001299,Delhivery,2026-08-16T07:10:20.880590,2026-08-18T07:10:20.880590,2026-08-19T07:10:20.880590,IN_TRANSIT
SHP003488,O002674,UPS,2026-08-15T17:48:20.880590,2026-08-22T17:48:20.880590,2026-08-24T17:48:20.880590,DELIVERED
SHP003489,O003660,Delhivery,2026-08-21T02:13:20.880590,2026-08-28T02:13:20.880590,2026-08-30T02:13:20.880590,IN_TRANSIT
SHP003490,O003630,DHL,2026-08-23T10:56:20.880590,2026-08-27T10:56:20.880590,2026-08-29T10:56:20.880590,DELAYED
SHP003491,O001141,DHL,2026-08-26T22:23:20.880590,2026-08-28T22:23:20.880590,2026-08-28T22:23:20.880590,DELAYED
SHP003492,O000489,Delhivery,2026-08-23T17:56:20.880590,2026-08-27T17:56:20.880590,2026-08-27T17:56:20.880590,DELAYED
SHP003493,O004393,UPS,2026-08-25T14:49:20.880590,2026-08-29T14:49:20.880590,2026-08-29T14:49:20.880590,DELAYED
SHP003494,O002442,BlueDart,2026-08-16T15:08:20.880590,2026-08-20T15:08:20.880590,2026-08-19T15:08:20.880590,DELAYED
SHP003495,O004410,FedEx,2026-08-30T21:36:20.880590,2026-09-01T21:36:20.880590,2026-08-31T21:36:20.880590,DELAYED
SHP003496,O002962,Delhivery,2026-08-14T19:06:20.880590,2026-08-18T19:06:20.880590,2026-08-18T19:06:20.880590,DELAYED
SHP003497,O002372,BlueDart,2026-09-03T06:34:20.880590,2026-09-07T06:34:20.880590,2026-09-07T06:34:20.880590,IN_TRANSIT
SHP003498,O000640,BlueDart,2026-08-16T14:04:20.880590,2026-08-18T14:04:20.880590,2026-08-18T14:04:20.880590,DELIVERED
SHP003499,O002405,BlueDart,2026-09-01T06:39:20.880590,2026-09-02T06:39:20.880590,2026-09-01T06:39:20.880590,IN_TRANSIT
SHP003500,O003229,FedEx,2026-08-14T05:39:20.880590,2026-08-19T05:39:20.880590,2026-08-18T05:39:20.880590,DELIVERED
SHP003501,O003320,UPS,2026-08-16T12:02:20.880590,2026-08-21T12:02:20.880590,2026-08-20T12:02:20.880590,DELAYED
SHP003502,O004093,UPS,2026-08-19T23:36:20.880590,2026-08-24T23:36:20.880590,2026-08-23T23:36:20.880590,DELAYED
SHP003503,O003549,FedEx,2026-08-11T04:03:20.880590,2026-08-14T04:03:20.880590,2026-08-14T04:03:20.880590,DELAYED
SHP003504,O001874,DHL,2026-08-08T15:10:20.880590,2026-08-09T15:10:20.880590,2026-08-08T15:10:20.880590,IN_TRANSIT
SHP003505,O001925,BlueDart,2026-08-25T19:29:20.880590,2026-08-29T19:29:20.880590,2026-08-29T19:29:20.880590,DELIVERED
SHP003506,O002246,UPS,2026-08-30T21:56:20.880590,2026-09-06T21:56:20.880590,2026-09-06T21:56:20.880590,IN_TRANSIT
SHP003507,O002377,DHL,2026-08-10T08:27:20.880590,2026-08-15T08:27:20.880590,2026-08-15T08:27:20.880590,IN_TRANSIT
SHP003508,O003100,FedEx,2026-09-04T01:30:20.880590,2026-09-06T01:30:20.880590,2026-09-08T01:30:20.880590,IN_TRANSIT
SHP003509,O000853,DHL,2026-08-10T12:22:20.880590,2026-08-15T12:22:20.880590,2026-08-15T12:22:20.880590,DELAYED
SHP003510,O000654,DHL,2026-08-26T11:48:20.880590,2026-08-30T11:48:20.880590,2026-08-31T11:48:20.880590,DELAYED
SHP003511,O000493,FedEx,2026-08-09T01:12:20.880590,2026-08-16T01:12:20.880590,2026-08-17T01:12:20.880590,DELIVERED
SHP003512,O003432,Delhivery,2026-08-20T12:56:20.880590,2026-08-21T12:56:20.880590,2026-08-20T12:56:20.880590,IN_TRANSIT
SHP003513,O002749,FedEx,2026-08-18T23:25:20.880590,2026-08-23T23:25:20.880590,2026-08-25T23:25:20.880590,DELIVERED
SHP003514,O001099,UPS,2026-08-24T08:11:20.880590,2026-08-27T08:11:20.880590,2026-08-26T08:11:20.880590,DELIVERED
SHP003515,O003186,BlueDart,2026-08-26T00:15:20.880590,2026-08-31T00:15:20.880590,2026-09-02T00:15:20.880590,IN_TRANSIT
SHP003516,O003856,FedEx,2026-08-21T14:20:20.880590,2026-08-28T14:20:20.880590,2026-08-28T14:20:20.880590,DELIVERED
SHP003517,O002861,DHL,2026-08-26T15:43:20.880590,2026-09-02T15:43:20.880590,2026-09-02T15:43:20.880590,DELAYED
SHP003518,O001253,FedEx,2026-08-19T12:29:20.880590,2026-08-26T12:29:20.880590,2026-08-28T12:29:20.880590,DELAYED
SHP003519,O002839,UPS,2026-08-15T22:27:20.880590,2026-08-21T22:27:20.880590,2026-08-21T22:27:20.880590,DELIVERED
SHP003520,O000625,DHL,2026-08-28T00:51:20.880590,2026-09-03T00:51:20.880590,2026-09-02T00:51:20.880590,DELAYED
SHP003521,O001406,Delhivery,2026-08-28T04:17:20.880590,2026-09-02T04:17:20.880590,2026-09-02T04:17:20.880590,DELIVERED
SHP003522,O001998,DHL,2026-08-14T17:56:20.880590,2026-08-17T17:56:20.880590,2026-08-16T17:56:20.880590,IN_TRANSIT
SHP003523,O003642,DHL,2026-08-26T19:09:20.880590,2026-08-29T19:09:20.880590,2026-08-31T19:09:20.880590,IN_TRANSIT
SHP003524,O001822,FedEx,2026-08-17T16:59:20.880590,2026-08-24T16:59:20.880590,2026-08-23T16:59:20.880590,IN_TRANSIT
SHP003525,O002087,BlueDart,2026-08-10T17:25:20.880590,2026-08-15T17:25:20.880590,2026-08-15T17:25:20.880590,IN_TRANSIT
SHP003526,O000541,FedEx,2026-08-18T16:27:20.880590,2026-08-23T16:27:20.880590,2026-08-25T16:27:20.880590,DELAYED
SHP003527,O002398,Delhivery,2026-08-14T14:33:20.880590,2026-08-16T14:33:20.880590,2026-08-16T14:33:20.880590,DELIVERED
SHP003528,O004159,Delhivery,2026-08-15T05:55:20.880590,2026-08-16T05:55:20.880590,2026-08-16T05:55:20.880590,DELAYED
SHP003529,O000390,Delhivery,2026-08-15T07:06:20.880590,2026-08-20T07:06:20.880590,2026-08-20T07:06:20.880590,DELIVERED
SHP003530,O003609,BlueDart,2026-08-12T02:17:20.880590,2026-08-17T02:17:20.880590,2026-08-16T02:17:20.880590,DELIVERED
SHP003531,O003417,Delhivery,2026-08-14T05:54:20.880590,2026-08-18T05:54:20.880590,2026-08-18T05:54:20.880590,IN_TRANSIT
SHP003532,O002684,DHL,2026-08-09T03:06:20.880590,2026-08-13T03:06:20.880590,2026-08-13T03:06:20.880590,DELAYED
SHP003533,O002282,Delhivery,2026-08-13T05:49:20.880590,2026-08-14T05:49:20.880590,2026-08-14T05:49:20.880590,DELAYED
SHP003534,O001955,DHL,2026-08-20T12:00:20.880590,2026-08-22T12:00:20.880590,2026-08-22T12:00:20.880590,IN_TRANSIT
SHP003535,O001380,BlueDart,2026-08-09T03:28:20.880590,2026-08-12T03:28:20.880590,2026-08-14T03:28:20.880590,IN_TRANSIT
SHP003536,O001964,Delhivery,2026-08-13T23:23:20.880590,2026-08-15T23:23:20.880590,2026-08-17T23:23:20.880590,IN_TRANSIT
SHP003537,O000388,FedEx,2026-08-20T12:23:20.880590,2026-08-24T12:23:20.880590,2026-08-25T12:23:20.880590,IN_TRANSIT
SHP003538,O001725,Delhivery,2026-08-18T18:00:20.880590,2026-08-23T18:00:20.880590,2026-08-25T18:00:20.880590,IN_TRANSIT
SHP003539,O004606,UPS,2026-08-14T02:01:20.880590,2026-08-20T02:01:20.880590,2026-08-22T02:01:20.880590,DELIVERED
SHP003540,O001842,DHL,2026-08-15T18:07:20.880590,2026-08-20T18:07:20.880590,2026-08-21T18:07:20.880590,DELAYED
SHP003541,O000787,UPS,2026-08-18T15:34:20.880590,2026-08-23T15:34:20.880590,2026-08-24T15:34:20.880590,DELAYED
SHP003542,O001049,Delhivery,2026-08-18T05:53:20.880590,2026-08-24T05:53:20.880590,2026-08-23T05:53:20.880590,DELAYED
SHP003543,O000167,UPS,2026-08-21T14:12:20.880590,2026-08-22T14:12:20.880590,2026-08-22T14:12:20.880590,DELAYED
SHP003544,O004060,DHL,2026-08-30T07:44:20.880590,2026-09-02T07:44:20.880590,2026-09-04T07:44:20.880590,DELIVERED
SHP003545,O000966,Delhivery,2026-08-21T09:25:20.880590,2026-08-23T09:25:20.880590,2026-08-23T09:25:20.880590,IN_TRANSIT
SHP003546,O001396,DHL,2026-08-29T06:41:20.880590,2026-08-30T06:41:20.880590,2026-09-01T06:41:20.880590,DELIVERED
SHP003547,O002074,UPS,2026-08-29T01:18:20.880590,2026-09-01T01:18:20.880590,2026-09-02T01:18:20.880590,DELAYED
SHP003548,O004654,DHL,2026-08-17T14:16:20.880590,2026-08-23T14:16:20.880590,2026-08-22T14:16:20.880590,IN_TRANSIT
SHP003549,O003969,UPS,2026-08-12T17:48:20.880590,2026-08-19T17:48:20.880590,2026-08-18T17:48:20.880590,DELIVERED
SHP003550,O002099,UPS,2026-08-16T04:19:20.880590,2026-08-20T04:19:20.880590,2026-08-22T04:19:20.880590,DELAYED
SHP003551,O002270,Delhivery,2026-08-30T00:03:20.880590,2026-09-03T00:03:20.880590,2026-09-03T00:03:20.880590,DELAYED
SHP003552,O001705,BlueDart,2026-08-29T05:05:20.880590,2026-09-01T05:05:20.880590,2026-09-01T05:05:20.880590,DELAYED
SHP003553,O003317,BlueDart,2026-08-24T06:41:20.880590,2026-08-25T06:41:20.880590,2026-08-26T06:41:20.880590,DELIVERED
SHP003554,O003226,BlueDart,2026-08-17T00:45:20.880590,2026-08-23T00:45:20.880590,2026-08-22T00:45:20.880590,IN_TRANSIT
SHP003555,O002158,DHL,2026-08-28T10:44:20.880590,2026-08-30T10:44:20.880590,2026-08-29T10:44:20.880590,DELAYED
SHP003556,O004451,DHL,2026-08-11T20:47:20.880590,2026-08-13T20:47:20.880590,2026-08-14T20:47:20.880590,DELAYED
SHP003557,O001727,Delhivery,2026-09-03T02:27:20.880590,2026-09-09T02:27:20.880590,2026-09-09T02:27:20.880590,IN_TRANSIT
SHP003558,O004371,Delhivery,2026-08-13T02:25:20.880590,2026-08-19T02:25:20.880590,2026-08-19T02:25:20.880590,DELIVERED
SHP003559,O001770,Delhivery,2026-08-20T23:47:20.880590,2026-08-22T23:47:20.880590,2026-08-22T23:47:20.880590,DELIVERED
SHP003560,O000150,FedEx,2026-08-25T08:40:20.880590,2026-08-29T08:40:20.880590,2026-08-31T08:40:20.880590,DELAYED
SHP003561,O003958,BlueDart,2026-08-22T00:20:20.880590,2026-08-25T00:20:20.880590,2026-08-25T00:20:20.880590,DELAYED
SHP003562,O003431,Delhivery,2026-08-26T15:42:20.880590,2026-08-29T15:42:20.880590,2026-08-31T15:42:20.880590,DELIVERED
SHP003563,O000809,BlueDart,2026-08-16T22:28:20.880590,2026-08-18T22:28:20.880590,2026-08-19T22:28:20.880590,IN_TRANSIT
SHP003564,O000570,BlueDart,2026-08-30T20:56:20.880590,2026-09-02T20:56:20.880590,2026-09-02T20:56:20.880590,IN_TRANSIT
SHP003565,O004535,DHL,2026-09-05T12:41:20.880590,2026-09-07T12:41:20.880590,2026-09-07T12:41:20.880590,DELIVERED
SHP003566,O003158,UPS,2026-08-29T05:52:20.880590,2026-08-31T05:52:20.880590,2026-09-02T05:52:20.880590,DELAYED
SHP003567,O001804,DHL,2026-08-17T12:40:20.880590,2026-08-19T12:40:20.880590,2026-08-21T12:40:20.880590,IN_TRANSIT
SHP003568,O004911,UPS,2026-08-17T23:55:20.880590,2026-08-19T23:55:20.880590,2026-08-20T23:55:20.880590,DELIVERED
SHP003569,O004402,UPS,2026-08-30T19:29:20.880590,2026-09-01T19:29:20.880590,2026-09-01T19:29:20.880590,DELAYED
SHP003570,O003834,FedEx,2026-09-01T11:50:20.880590,2026-09-04T11:50:20.880590,2026-09-03T11:50:20.880590,DELIVERED
SHP003571,O002081,Delhivery,2026-08-10T21:15:20.880590,2026-08-17T21:15:20.880590,2026-08-19T21:15:20.880590,IN_TRANSIT
SHP003572,O003730,UPS,2026-08-20T22:05:20.880590,2026-08-23T22:05:20.880590,2026-08-24T22:05:20.880590,DELIVERED
SHP003573,O003683,BlueDart,2026-09-05T19:58:20.880590,2026-09-06T19:58:20.880590,2026-09-06T19:58:20.880590,DELAYED
SHP003574,O000327,Delhivery,2026-09-04T02:12:20.880590,2026-09-08T02:12:20.880590,2026-09-09T02:12:20.880590,DELAYED
SHP003575,O004942,UPS,2026-08-10T03:31:20.880590,2026-08-13T03:31:20.880590,2026-08-14T03:31:20.880590,IN_TRANSIT
SHP003576,O003927,BlueDart,2026-09-02T05:25:20.880590,2026-09-04T05:25:20.880590,2026-09-06T05:25:20.880590,IN_TRANSIT
SHP003577,O000257,FedEx,2026-08-11T08:11:20.880590,2026-08-18T08:11:20.880590,2026-08-18T08:11:20.880590,DELIVERED
SHP003578,O003852,FedEx,2026-08-22T16:11:20.880590,2026-08-26T16:11:20.880590,2026-08-28T16:11:20.880590,DELAYED
SHP003579,O000792,DHL,2026-09-02T11:32:20.880590,2026-09-07T11:32:20.880590,2026-09-06T11:32:20.880590,IN_TRANSIT
SHP003580,O004071,UPS,2026-08-12T01:01:20.880590,2026-08-16T01:01:20.880590,2026-08-18T01:01:20.880590,DELAYED
SHP003581,O001758,DHL,2026-08-19T16:58:20.880590,2026-08-23T16:58:20.880590,2026-08-23T16:58:20.880590,DELIVERED
SHP003582,O004148,BlueDart,2026-08-29T22:40:20.880590,2026-09-04T22:40:20.880590,2026-09-05T22:40:20.880590,DELIVERED
SHP003583,O004721,Delhivery,2026-08-26T08:54:20.880590,2026-08-27T08:54:20.880590,2026-08-28T08:54:20.880590,IN_TRANSIT
SHP003584,O003790,FedEx,2026-08-30T02:25:20.880590,2026-09-01T02:25:20.880590,2026-09-02T02:25:20.880590,DELIVERED
SHP003585,O000575,DHL,2026-08-21T02:03:20.880590,2026-08-22T02:03:20.880590,2026-08-22T02:03:20.880590,DELAYED
SHP003586,O003602,Delhivery,2026-08-22T03:50:20.880590,2026-08-28T03:50:20.880590,2026-08-29T03:50:20.880590,IN_TRANSIT
SHP003587,O001192,BlueDart,2026-08-12T01:58:20.880590,2026-08-15T01:58:20.880590,2026-08-16T01:58:20.880590,DELAYED
SHP003588,O004500,DHL,2026-08-14T07:58:20.880590,2026-08-19T07:58:20.880590,2026-08-19T07:58:20.880590,DELAYED
SHP003589,O001362,BlueDart,2026-08-12T09:56:20.880590,2026-08-19T09:56:20.880590,2026-08-21T09:56:20.880590,DELAYED
SHP003590,O004375,Delhivery,2026-09-05T05:55:20.880590,2026-09-08T05:55:20.880590,2026-09-08T05:55:20.880590,IN_TRANSIT
SHP003591,O004772,DHL,2026-09-02T08:08:20.880590,2026-09-07T08:08:20.880590,2026-09-08T08:08:20.880590,DELIVERED
SHP003592,O004341,UPS,2026-09-05T02:28:20.880590,2026-09-06T02:28:20.880590,2026-09-06T02:28:20.880590,DELAYED
SHP003593,O002743,UPS,2026-09-01T13:22:20.880590,2026-09-03T13:22:20.880590,2026-09-04T13:22:20.880590,DELAYED
SHP003594,O000506,UPS,2026-08-17T09:15:20.880590,2026-08-19T09:15:20.880590,2026-08-20T09:15:20.880590,IN_TRANSIT
SHP003595,O001016,Delhivery,2026-08-16T07:22:20.880590,2026-08-19T07:22:20.880590,2026-08-19T07:22:20.880590,DELAYED
SHP003596,O004048,DHL,2026-08-25T10:12:20.880590,2026-08-29T10:12:20.880590,2026-08-28T10:12:20.880590,IN_TRANSIT
SHP003597,O002093,UPS,2026-09-04T09:05:20.880590,2026-09-09T09:05:20.880590,2026-09-08T09:05:20.880590,IN_TRANSIT
SHP003598,O000019,DHL,2026-08-20T23:01:20.880590,2026-08-21T23:01:20.880590,2026-08-21T23:01:20.880590,DELIVERED
SHP003599,O003028,BlueDart,2026-08-27T06:59:20.880590,2026-08-28T06:59:20.880590,2026-08-28T06:59:20.880590,DELIVERED
SHP003600,O000418,BlueDart,2026-08-12T15:48:20.880590,2026-08-15T15:48:20.880590,2026-08-14T15:48:20.880590,IN_TRANSIT
SHP003601,O003984,FedEx,2026-09-03T16:42:20.880590,2026-09-08T16:42:20.880590,2026-09-09T16:42:20.880590,DELAYED
SHP003602,O001446,Delhivery,2026-08-14T09:37:20.880590,2026-08-19T09:37:20.880590,2026-08-19T09:37:20.880590,DELAYED
SHP003603,O001261,BlueDart,2026-08-20T23:06:20.880590,2026-08-22T23:06:20.880590,2026-08-22T23:06:20.880590,IN_TRANSIT
SHP003604,O003977,Delhivery,2026-09-02T20:25:20.880590,2026-09-09T20:25:20.880590,2026-09-11T20:25:20.880590,DELIVERED
SHP003605,O000942,Delhivery,2026-08-24T02:50:20.880590,2026-08-28T02:50:20.880590,2026-08-28T02:50:20.880590,IN_TRANSIT
SHP003606,O002636,UPS,2026-08-25T14:54:20.880590,2026-08-29T14:54:20.880590,2026-08-29T14:54:20.880590,DELAYED
SHP003607,O004590,FedEx,2026-08-28T01:26:20.880590,2026-09-03T01:26:20.880590,2026-09-04T01:26:20.880590,DELIVERED
SHP003608,O002643,FedEx,2026-08-09T18:46:20.880590,2026-08-14T18:46:20.880590,2026-08-14T18:46:20.880590,IN_TRANSIT
SHP003609,O004835,DHL,2026-09-05T12:43:20.880590,2026-09-12T12:43:20.880590,2026-09-13T12:43:20.880590,DELAYED
SHP003610,O003765,DHL,2026-08-29T14:42:20.880590,2026-09-03T14:42:20.880590,2026-09-03T14:42:20.880590,DELIVERED
SHP003611,O000017,DHL,2026-08-25T07:44:20.880590,2026-08-29T07:44:20.880590,2026-08-29T07:44:20.880590,DELIVERED
SHP003612,O002107,DHL,2026-08-07T23:17:20.880590,2026-08-09T23:17:20.880590,2026-08-09T23:17:20.880590,IN_TRANSIT
SHP003613,O000383,UPS,2026-08-09T17:43:20.880590,2026-08-10T17:43:20.880590,2026-08-10T17:43:20.880590,DELIVERED
SHP003614,O003251,BlueDart,2026-08-25T16:09:20.880590,2026-08-29T16:09:20.880590,2026-08-29T16:09:20.880590,DELIVERED
SHP003615,O000005,BlueDart,2026-08-28T22:01:20.880590,2026-08-29T22:01:20.880590,2026-08-29T22:01:20.880590,IN_TRANSIT
SHP003616,O003840,DHL,2026-09-02T06:11:20.880590,2026-09-06T06:11:20.880590,2026-09-07T06:11:20.880590,DELIVERED
SHP003617,O000076,BlueDart,2026-08-21T21:16:20.880590,2026-08-28T21:16:20.880590,2026-08-28T21:16:20.880590,DELIVERED
SHP003618,O001289,Delhivery,2026-08-27T22:14:20.880590,2026-09-02T22:14:20.880590,2026-09-04T22:14:20.880590,DELIVERED
SHP003619,O001726,Delhivery,2026-08-20T10:39:20.880590,2026-08-25T10:39:20.880590,2026-08-24T10:39:20.880590,IN_TRANSIT
SHP003620,O003784,BlueDart,2026-08-25T14:11:20.880590,2026-08-27T14:11:20.880590,2026-08-27T14:11:20.880590,IN_TRANSIT
SHP003621,O001179,UPS,2026-08-08T15:15:20.880590,2026-08-11T15:15:20.880590,2026-08-11T15:15:20.880590,DELIVERED
SHP003622,O001902,Delhivery,2026-08-25T02:14:20.880590,2026-08-26T02:14:20.880590,2026-08-26T02:14:20.880590,DELAYED
SHP003623,O003449,UPS,2026-08-21T02:54:20.880590,2026-08-25T02:54:20.880590,2026-08-25T02:54:20.880590,IN_TRANSIT
SHP003624,O000444,UPS,2026-08-26T02:34:20.880590,2026-08-30T02:34:20.880590,2026-08-31T02:34:20.880590,DELAYED
SHP003625,O000368,FedEx,2026-08-14T05:31:20.880590,2026-08-18T05:31:20.880590,2026-08-20T05:31:20.880590,DELIVERED
SHP003626,O000881,UPS,2026-08-24T20:15:20.880590,2026-08-30T20:15:20.880590,2026-08-30T20:15:20.880590,DELIVERED
SHP003627,O003219,DHL,2026-08-15T11:14:20.880590,2026-08-17T11:14:20.880590,2026-08-17T11:14:20.880590,DELIVERED
SHP003628,O003861,FedEx,2026-09-04T10:48:20.880590,2026-09-05T10:48:20.880590,2026-09-05T10:48:20.880590,DELIVERED
SHP003629,O003539,BlueDart,2026-08-09T13:57:20.880590,2026-08-13T13:57:20.880590,2026-08-14T13:57:20.880590,IN_TRANSIT
SHP003630,O002347,DHL,2026-08-21T18:11:20.880590,2026-08-24T18:11:20.880590,2026-08-24T18:11:20.880590,DELAYED
SHP003631,O001465,UPS,2026-09-04T22:55:20.880590,2026-09-06T22:55:20.880590,2026-09-05T22:55:20.880590,DELAYED
SHP003632,O004631,UPS,2026-08-25T19:17:20.880590,2026-08-27T19:17:20.880590,2026-08-27T19:17:20.880590,DELIVERED
SHP003633,O004101,BlueDart,2026-08-14T15:27:20.880590,2026-08-15T15:27:20.880590,2026-08-16T15:27:20.880590,DELAYED
SHP003634,O002996,Delhivery,2026-08-07T14:33:20.880590,2026-08-08T14:33:20.880590,2026-08-08T14:33:20.880590,DELAYED
SHP003635,O002728,BlueDart,2026-08-08T12:23:20.880590,2026-08-10T12:23:20.880590,2026-08-10T12:23:20.880590,DELIVERED
SHP003636,O003098,BlueDart,2026-08-17T05:37:20.880590,2026-08-24T05:37:20.880590,2026-08-26T05:37:20.880590,DELAYED
SHP003637,O003153,UPS,2026-09-01T13:11:20.880590,2026-09-04T13:11:20.880590,2026-09-04T13:11:20.880590,IN_TRANSIT
SHP003638,O003349,DHL,2026-08-13T03:06:20.880590,2026-08-16T03:06:20.880590,2026-08-15T03:06:20.880590,DELIVERED
SHP003639,O000092,UPS,2026-08-27T02:31:20.880590,2026-09-02T02:31:20.880590,2026-09-02T02:31:20.880590,IN_TRANSIT
SHP003640,O002984,FedEx,2026-08-07T10:35:20.880590,2026-08-12T10:35:20.880590,2026-08-12T10:35:20.880590,DELIVERED
SHP003641,O003265,Delhivery,2026-09-01T15:24:20.880590,2026-09-05T15:24:20.880590,2026-09-05T15:24:20.880590,IN_TRANSIT
SHP003642,O001038,FedEx,2026-08-11T06:34:20.880590,2026-08-14T06:34:20.880590,2026-08-16T06:34:20.880590,DELAYED
SHP003643,O004828,BlueDart,2026-08-31T21:58:20.880590,2026-09-06T21:58:20.880590,2026-09-06T21:58:20.880590,IN_TRANSIT
SHP003644,O003254,Delhivery,2026-09-01T14:31:20.880590,2026-09-03T14:31:20.880590,2026-09-04T14:31:20.880590,DELIVERED
SHP003645,O003530,DHL,2026-08-21T07:59:20.880590,2026-08-22T07:59:20.880590,2026-08-23T07:59:20.880590,DELAYED
SHP003646,O002743,UPS,2026-08-15T13:45:20.880590,2026-08-16T13:45:20.880590,2026-08-16T13:45:20.880590,DELIVERED
SHP003647,O004812,BlueDart,2026-08-29T00:30:20.880590,2026-09-04T00:30:20.880590,2026-09-04T00:30:20.880590,DELIVERED
SHP003648,O001645,BlueDart,2026-09-02T16:25:20.880590,2026-09-07T16:25:20.880590,2026-09-07T16:25:20.880590,DELAYED
SHP003649,O001785,DHL,2026-08-22T06:51:20.880590,2026-08-29T06:51:20.880590,2026-08-29T06:51:20.880590,IN_TRANSIT
SHP003650,O002189,UPS,2026-08-16T01:33:20.880590,2026-08-23T01:33:20.880590,2026-08-23T01:33:20.880590,DELAYED
SHP003651,O000163,DHL,2026-09-05T11:25:20.880590,2026-09-10T11:25:20.880590,2026-09-11T11:25:20.880590,IN_TRANSIT
SHP003652,O000918,FedEx,2026-08-14T07:38:20.880590,2026-08-17T07:38:20.880590,2026-08-18T07:38:20.880590,DELIVERED
SHP003653,O002272,BlueDart,2026-08-25T02:43:20.880590,2026-08-26T02:43:20.880590,2026-08-26T02:43:20.880590,DELIVERED
SHP003654,O002748,FedEx,2026-08-26T16:45:20.880590,2026-08-28T16:45:20.880590,2026-08-28T16:45:20.880590,DELIVERED
SHP003655,O003684,DHL,2026-08-18T23:16:20.880590,2026-08-24T23:16:20.880590,2026-08-26T23:16:20.880590,DELIVERED
SHP003656,O000879,UPS,2026-08-07T04:03:20.880590,2026-08-12T04:03:20.880590,2026-08-11T04:03:20.880590,DELIVERED
SHP003657,O003627,DHL,2026-09-02T14:03:20.880590,2026-09-07T14:03:20.880590,2026-09-09T14:03:20.880590,DELAYED
SHP003658,O000357,Delhivery,2026-08-19T11:01:20.880590,2026-08-24T11:01:20.880590,2026-08-24T11:01:20.880590,DELIVERED
SHP003659,O002475,Delhivery,2026-08-27T10:08:20.880590,2026-09-02T10:08:20.880590,2026-09-01T10:08:20.880590,DELIVERED
SHP003660,O004222,DHL,2026-08-25T08:20:20.880590,2026-08-29T08:20:20.880590,2026-08-31T08:20:20.880590,DELIVERED
SHP003661,O000117,Delhivery,2026-08-07T10:28:20.880590,2026-08-14T10:28:20.880590,2026-08-13T10:28:20.880590,IN_TRANSIT
SHP003662,O004439,Delhivery,2026-08-30T11:55:20.880590,2026-09-04T11:55:20.880590,2026-09-03T11:55:20.880590,IN_TRANSIT
SHP003663,O004161,DHL,2026-09-05T20:10:20.880590,2026-09-10T20:10:20.880590,2026-09-09T20:10:20.880590,IN_TRANSIT
SHP003664,O001578,FedEx,2026-08-07T18:58:20.880590,2026-08-10T18:58:20.880590,2026-08-09T18:58:20.880590,IN_TRANSIT
SHP003665,O004530,DHL,2026-08-08T13:49:20.880590,2026-08-14T13:49:20.880590,2026-08-13T13:49:20.880590,IN_TRANSIT
SHP003666,O001814,UPS,2026-08-24T04:49:20.880590,2026-08-30T04:49:20.880590,2026-09-01T04:49:20.880590,DELAYED
SHP003667,O003540,Delhivery,2026-09-05T23:21:20.880590,2026-09-10T23:21:20.880590,2026-09-09T23:21:20.880590,DELAYED
SHP003668,O000866,FedEx,2026-08-15T10:48:20.880590,2026-08-16T10:48:20.880590,2026-08-15T10:48:20.880590,IN_TRANSIT
SHP003669,O004657,UPS,2026-08-25T22:32:20.880590,2026-08-29T22:32:20.880590,2026-08-28T22:32:20.880590,DELIVERED
SHP003670,O000616,FedEx,2026-09-05T00:30:20.880590,2026-09-08T00:30:20.880590,2026-09-09T00:30:20.880590,IN_TRANSIT
SHP003671,O002116,FedEx,2026-08-26T06:22:20.880590,2026-08-31T06:22:20.880590,2026-08-30T06:22:20.880590,DELIVERED
SHP003672,O004637,Delhivery,2026-08-22T20:07:20.880590,2026-08-29T20:07:20.880590,2026-08-29T20:07:20.880590,IN_TRANSIT
SHP003673,O000423,BlueDart,2026-08-14T06:45:20.880590,2026-08-21T06:45:20.880590,2026-08-21T06:45:20.880590,DELAYED
SHP003674,O004588,UPS,2026-08-30T05:39:20.880590,2026-09-04T05:39:20.880590,2026-09-04T05:39:20.880590,DELAYED
SHP003675,O001411,BlueDart,2026-08-10T11:10:20.880590,2026-08-11T11:10:20.880590,2026-08-13T11:10:20.880590,DELIVERED
SHP003676,O002005,FedEx,2026-08-07T01:56:20.880590,2026-08-08T01:56:20.880590,2026-08-08T01:56:20.880590,DELAYED
SHP003677,O003027,BlueDart,2026-08-26T18:04:20.880590,2026-09-01T18:04:20.880590,2026-09-01T18:04:20.880590,IN_TRANSIT
SHP003678,O003438,BlueDart,2026-08-12T12:28:20.880590,2026-08-15T12:28:20.880590,2026-08-16T12:28:20.880590,DELAYED
SHP003679,O000791,FedEx,2026-09-04T19:25:20.880590,2026-09-05T19:25:20.880590,2026-09-05T19:25:20.880590,DELAYED
SHP003680,O002830,DHL,2026-09-04T10:34:20.880590,2026-09-07T10:34:20.880590,2026-09-07T10:34:20.880590,DELAYED
SHP003681,O003245,UPS,2026-09-01T23:48:20.880590,2026-09-07T23:48:20.880590,2026-09-06T23:48:20.880590,IN_TRANSIT
SHP003682,O002882,DHL,2026-08-19T09:03:20.880590,2026-08-24T09:03:20.880590,2026-08-25T09:03:20.880590,DELIVERED
SHP003683,O002646,FedEx,2026-09-01T16:57:20.880590,2026-09-08T16:57:20.880590,2026-09-08T16:57:20.880590,DELIVERED
SHP003684,O000189,BlueDart,2026-08-17T08:23:20.880590,2026-08-19T08:23:20.880590,2026-08-19T08:23:20.880590,DELAYED
SHP003685,O004008,BlueDart,2026-09-01T04:59:20.880590,2026-09-04T04:59:20.880590,2026-09-03T04:59:20.880590,DELIVERED
SHP003686,O000809,FedEx,2026-08-25T20:45:20.880590,2026-08-31T20:45:20.880590,2026-09-02T20:45:20.880590,IN_TRANSIT
SHP003687,O004015,UPS,2026-08-23T13:57:20.880590,2026-08-26T13:57:20.880590,2026-08-28T13:57:20.880590,IN_TRANSIT
SHP003688,O004129,DHL,2026-08-12T10:55:20.880590,2026-08-18T10:55:20.880590,2026-08-18T10:55:20.880590,DELAYED
SHP003689,O004724,FedEx,2026-08-16T03:57:20.880590,2026-08-19T03:57:20.880590,2026-08-18T03:57:20.880590,DELAYED
SHP003690,O003023,UPS,2026-08-17T00:53:20.880590,2026-08-23T00:53:20.880590,2026-08-23T00:53:20.880590,DELIVERED
SHP003691,O003882,Delhivery,2026-09-05T03:26:20.880590,2026-09-10T03:26:20.880590,2026-09-10T03:26:20.880590,DELAYED
SHP003692,O004178,DHL,2026-08-31T21:29:20.880590,2026-09-05T21:29:20.880590,2026-09-05T21:29:20.880590,DELIVERED
SHP003693,O003139,UPS,2026-08-26T18:46:20.880590,2026-08-30T18:46:20.880590,2026-09-01T18:46:20.880590,DELIVERED
SHP003694,O003035,Delhivery,2026-08-15T03:35:20.880590,2026-08-19T03:35:20.880590,2026-08-19T03:35:20.880590,IN_TRANSIT
SHP003695,O001338,FedEx,2026-08-26T21:11:20.880590,2026-08-28T21:11:20.880590,2026-08-29T21:11:20.880590,DELAYED
SHP003696,O000680,FedEx,2026-08-17T19:08:20.880590,2026-08-21T19:08:20.880590,2026-08-21T19:08:20.880590,DELIVERED
SHP003697,O001006,Delhivery,2026-08-18T15:11:20.880590,2026-08-20T15:11:20.880590,2026-08-22T15:11:20.880590,DELAYED
SHP003698,O002822,UPS,2026-09-03T16:47:20.880590,2026-09-09T16:47:20.880590,2026-09-10T16:47:20.880590,DELAYED
SHP003699,O001319,FedEx,2026-08-08T13:09:20.880590,2026-08-13T13:09:20.880590,2026-08-12T13:09:20.880590,DELIVERED
SHP003700,O004073,DHL,2026-08-27T17:41:20.880590,2026-09-02T17:41:20.880590,2026-09-01T17:41:20.880590,IN_TRANSIT
SHP003701,O004621,UPS,2026-08-12T23:21:20.880590,2026-08-15T23:21:20.880590,2026-08-14T23:21:20.880590,DELIVERED
SHP003702,O004681,UPS,2026-08-24T15:39:20.880590,2026-08-27T15:39:20.880590,2026-08-28T15:39:20.880590,DELIVERED
SHP003703,O001750,UPS,2026-08-23T15:49:20.880590,2026-08-24T15:49:20.880590,2026-08-24T15:49:20.880590,DELAYED
SHP003704,O000600,DHL,2026-08-18T06:53:20.880590,2026-08-24T06:53:20.880590,2026-08-24T06:53:20.880590,DELIVERED
SHP003705,O001014,Delhivery,2026-08-17T21:44:20.880590,2026-08-21T21:44:20.880590,2026-08-22T21:44:20.880590,IN_TRANSIT
SHP003706,O000410,BlueDart,2026-09-02T03:24:20.880590,2026-09-06T03:24:20.880590,2026-09-07T03:24:20.880590,DELAYED
SHP003707,O003856,BlueDart,2026-08-18T18:08:20.880590,2026-08-24T18:08:20.880590,2026-08-24T18:08:20.880590,DELIVERED
SHP003708,O000652,DHL,2026-08-11T12:00:20.880590,2026-08-14T12:00:20.880590,2026-08-13T12:00:20.880590,DELAYED
SHP003709,O004173,UPS,2026-08-17T13:08:20.880590,2026-08-19T13:08:20.880590,2026-08-20T13:08:20.880590,DELAYED
SHP003710,O003230,DHL,2026-08-14T22:50:20.880590,2026-08-21T22:50:20.880590,2026-08-20T22:50:20.880590,DELAYED
SHP003711,O003662,BlueDart,2026-08-31T22:04:20.880590,2026-09-06T22:04:20.880590,2026-09-07T22:04:20.880590,DELAYED
SHP003712,O001817,FedEx,2026-08-22T19:06:20.880590,2026-08-29T19:06:20.880590,2026-08-29T19:06:20.880590,DELIVERED
SHP003713,O002659,FedEx,2026-08-13T02:57:20.880590,2026-08-18T02:57:20.880590,2026-08-18T02:57:20.880590,DELAYED
SHP003714,O001098,UPS,2026-08-12T23:03:20.880590,2026-08-14T23:03:20.880590,2026-08-14T23:03:20.880590,IN_TRANSIT
SHP003715,O003695,FedEx,2026-08-28T18:18:20.880590,2026-09-01T18:18:20.880590,2026-09-02T18:18:20.880590,IN_TRANSIT
SHP003716,O003653,UPS,2026-08-23T12:56:20.880590,2026-08-24T12:56:20.880590,2026-08-24T12:56:20.880590,DELIVERED
SHP003717,O004270,Delhivery,2026-09-06T00:31:20.880590,2026-09-09T00:31:20.880590,2026-09-09T00:31:20.880590,DELIVERED
SHP003718,O002310,Delhivery,2026-08-11T14:25:20.880590,2026-08-14T14:25:20.880590,2026-08-15T14:25:20.880590,DELIVERED
SHP003719,O003101,FedEx,2026-08-17T09:39:20.880590,2026-08-22T09:39:20.880590,2026-08-22T09:39:20.880590,DELAYED
SHP003720,O004377,BlueDart,2026-08-25T02:12:20.880590,2026-08-30T02:12:20.880590,2026-09-01T02:12:20.880590,IN_TRANSIT
SHP003721,O000130,UPS,2026-08-15T02:02:20.880590,2026-08-19T02:02:20.880590,2026-08-19T02:02:20.880590,DELAYED
SHP003722,O004816,Delhivery,2026-09-04T13:00:20.880590,2026-09-06T13:00:20.880590,2026-09-06T13:00:20.880590,DELAYED
SHP003723,O004867,UPS,2026-08-29T22:47:20.880590,2026-09-02T22:47:20.880590,2026-09-03T22:47:20.880590,DELIVERED
SHP003724,O004721,FedEx,2026-08-24T12:06:20.880590,2026-08-30T12:06:20.880590,2026-09-01T12:06:20.880590,DELIVERED
SHP003725,O002789,FedEx,2026-08-31T00:11:20.880590,2026-09-02T00:11:20.880590,2026-09-01T00:11:20.880590,DELIVERED
SHP003726,O002544,BlueDart,2026-08-21T11:55:20.880590,2026-08-22T11:55:20.880590,2026-08-23T11:55:20.880590,DELAYED
SHP003727,O003885,Delhivery,2026-09-05T10:22:20.880590,2026-09-08T10:22:20.880590,2026-09-09T10:22:20.880590,DELAYED
SHP003728,O003705,Delhivery,2026-08-27T07:35:20.880590,2026-09-02T07:35:20.880590,2026-09-01T07:35:20.880590,DELAYED
SHP003729,O004234,BlueDart,2026-09-01T23:28:20.880590,2026-09-03T23:28:20.880590,2026-09-04T23:28:20.880590,DELAYED
SHP003730,O001842,Delhivery,2026-08-10T15:04:20.880590,2026-08-13T15:04:20.880590,2026-08-15T15:04:20.880590,DELAYED
SHP003731,O002688,Delhivery,2026-08-20T06:48:20.880590,2026-08-22T06:48:20.880590,2026-08-21T06:48:20.880590,DELIVERED
SHP003732,O002747,BlueDart,2026-09-01T13:23:20.880590,2026-09-03T13:23:20.880590,2026-09-03T13:23:20.880590,DELAYED
SHP003733,O000424,DHL,2026-08-22T04:15:20.880590,2026-08-27T04:15:20.880590,2026-08-27T04:15:20.880590,IN_TRANSIT
SHP003734,O004050,BlueDart,2026-08-16T18:54:20.880590,2026-08-21T18:54:20.880590,2026-08-22T18:54:20.880590,DELIVERED
SHP003735,O001612,Delhivery,2026-08-25T07:26:20.880590,2026-09-01T07:26:20.880590,2026-09-03T07:26:20.880590,IN_TRANSIT
SHP003736,O002393,Delhivery,2026-08-23T03:04:20.880590,2026-08-28T03:04:20.880590,2026-08-29T03:04:20.880590,DELAYED
SHP003737,O004672,DHL,2026-08-28T05:03:20.880590,2026-09-03T05:03:20.880590,2026-09-04T05:03:20.880590,DELAYED
SHP003738,O001260,FedEx,2026-09-04T14:18:20.880590,2026-09-05T14:18:20.880590,2026-09-04T14:18:20.880590,DELAYED
SHP003739,O001011,DHL,2026-09-05T09:42:20.880590,2026-09-12T09:42:20.880590,2026-09-11T09:42:20.880590,DELIVERED
SHP003740,O001458,Delhivery,2026-08-18T16:30:20.880590,2026-08-25T16:30:20.880590,2026-08-26T16:30:20.880590,DELAYED
SHP003741,O004884,DHL,2026-08-26T00:02:20.880590,2026-08-30T00:02:20.880590,2026-08-30T00:02:20.880590,IN_TRANSIT
SHP003742,O002637,BlueDart,2026-08-10T23:08:20.880590,2026-08-13T23:08:20.880590,2026-08-15T23:08:20.880590,IN_TRANSIT
SHP003743,O002076,Delhivery,2026-08-11T23:01:20.880590,2026-08-18T23:01:20.880590,2026-08-17T23:01:20.880590,DELAYED
SHP003744,O003648,DHL,2026-08-25T03:38:20.880590,2026-08-31T03:38:20.880590,2026-08-30T03:38:20.880590,DELAYED
SHP003745,O000065,DHL,2026-08-30T07:50:20.880590,2026-09-05T07:50:20.880590,2026-09-05T07:50:20.880590,DELAYED
SHP003746,O004218,BlueDart,2026-08-23T03:01:20.880590,2026-08-25T03:01:20.880590,2026-08-25T03:01:20.880590,DELIVERED
SHP003747,O001430,BlueDart,2026-09-06T01:10:20.880590,2026-09-13T01:10:20.880590,2026-09-13T01:10:20.880590,DELAYED
SHP003748,O003229,BlueDart,2026-09-02T20:53:20.880590,2026-09-05T20:53:20.880590,2026-09-05T20:53:20.880590,DELAYED
SHP003749,O004230,FedEx,2026-08-20T14:16:20.880590,2026-08-27T14:16:20.880590,2026-08-26T14:16:20.880590,IN_TRANSIT
SHP003750,O003741,DHL,2026-08-12T06:59:20.880590,2026-08-17T06:59:20.880590,2026-08-18T06:59:20.880590,DELIVERED
SHP003751,O000524,FedEx,2026-08-22T03:55:20.880590,2026-08-28T03:55:20.880590,2026-08-28T03:55:20.880590,IN_TRANSIT
SHP003752,O001926,UPS,2026-08-16T10:03:20.880590,2026-08-18T10:03:20.880590,2026-08-19T10:03:20.880590,IN_TRANSIT
SHP003753,O003666,BlueDart,2026-08-24T00:59:20.880590,2026-08-28T00:59:20.880590,2026-08-29T00:59:20.880590,DELIVERED
SHP003754,O001066,BlueDart,2026-08-18T11:14:20.880590,2026-08-25T11:14:20.880590,2026-08-25T11:14:20.880590,DELAYED
SHP003755,O002644,DHL,2026-08-29T00:00:20.880590,2026-08-31T00:00:20.880590,2026-08-30T00:00:20.880590,DELIVERED
SHP003756,O004836,BlueDart,2026-08-20T16:36:20.880590,2026-08-25T16:36:20.880590,2026-08-24T16:36:20.880590,IN_TRANSIT
SHP003757,O003853,BlueDart,2026-08-07T02:31:20.880590,2026-08-08T02:31:20.880590,2026-08-08T02:31:20.880590,DELAYED
SHP003758,O003383,DHL,2026-08-08T10:00:20.880590,2026-08-14T10:00:20.880590,2026-08-16T10:00:20.880590,DELAYED
SHP003759,O003944,UPS,2026-08-08T15:53:20.880590,2026-08-12T15:53:20.880590,2026-08-13T15:53:20.880590,DELAYED
SHP003760,O004950,BlueDart,2026-08-25T19:45:20.880590,2026-09-01T19:45:20.880590,2026-09-01T19:45:20.880590,IN_TRANSIT
SHP003761,O000739,BlueDart,2026-08-13T22:57:20.880590,2026-08-14T22:57:20.880590,2026-08-14T22:57:20.880590,IN_TRANSIT
SHP003762,O003017,BlueDart,2026-08-17T12:55:20.880590,2026-08-21T12:55:20.880590,2026-08-23T12:55:20.880590,DELAYED
SHP003763,O000414,FedEx,2026-08-18T05:00:20.880590,2026-08-20T05:00:20.880590,2026-08-20T05:00:20.880590,DELIVERED
SHP003764,O004693,UPS,2026-08-24T15:58:20.880590,2026-08-30T15:58:20.880590,2026-08-30T15:58:20.880590,IN_TRANSIT
SHP003765,O004359,BlueDart,2026-08-21T21:24:20.880590,2026-08-27T21:24:20.880590,2026-08-28T21:24:20.880590,IN_TRANSIT
SHP003766,O002623,DHL,2026-08-16T11:23:20.880590,2026-08-20T11:23:20.880590,2026-08-22T11:23:20.880590,DELIVERED
SHP003767,O004090,FedEx,2026-08-09T13:54:20.880590,2026-08-14T13:54:20.880590,2026-08-14T13:54:20.880590,DELAYED
SHP003768,O002438,BlueDart,2026-09-03T03:44:20.880590,2026-09-10T03:44:20.880590,2026-09-11T03:44:20.880590,IN_TRANSIT
SHP003769,O000590,FedEx,2026-08-25T22:55:20.880590,2026-08-31T22:55:20.880590,2026-09-01T22:55:20.880590,DELIVERED
SHP003770,O004993,Delhivery,2026-08-18T21:44:20.880590,2026-08-20T21:44:20.880590,2026-08-21T21:44:20.880590,DELAYED
SHP003771,O000880,Delhivery,2026-08-17T19:46:20.880590,2026-08-21T19:46:20.880590,2026-08-21T19:46:20.880590,IN_TRANSIT
SHP003772,O003232,UPS,2026-08-22T05:57:20.880590,2026-08-25T05:57:20.880590,2026-08-25T05:57:20.880590,DELAYED
SHP003773,O004777,UPS,2026-08-08T19:11:20.880590,2026-08-09T19:11:20.880590,2026-08-11T19:11:20.880590,IN_TRANSIT
SHP003774,O003285,FedEx,2026-08-24T22:56:20.880590,2026-08-25T22:56:20.880590,2026-08-24T22:56:20.880590,DELAYED
SHP003775,O001646,BlueDart,2026-08-24T23:37:20.880590,2026-08-26T23:37:20.880590,2026-08-25T23:37:20.880590,DELIVERED
SHP003776,O000633,BlueDart,2026-08-23T09:12:20.880590,2026-08-26T09:12:20.880590,2026-08-25T09:12:20.880590,IN_TRANSIT
SHP003777,O003788,DHL,2026-08-30T06:55:20.880590,2026-09-06T06:55:20.880590,2026-09-06T06:55:20.880590,DELAYED
SHP003778,O000741,FedEx,2026-08-11T23:29:20.880590,2026-08-17T23:29:20.880590,2026-08-17T23:29:20.880590,DELIVERED
SHP003779,O002019,Delhivery,2026-08-28T17:47:20.880590,2026-09-01T17:47:20.880590,2026-09-01T17:47:20.880590,DELIVERED
SHP003780,O001337,Delhivery,2026-08-29T00:41:20.880590,2026-09-01T00:41:20.880590,2026-09-03T00:41:20.880590,DELAYED
SHP003781,O003216,BlueDart,2026-08-31T19:44:20.880590,2026-09-04T19:44:20.880590,2026-09-05T19:44:20.880590,DELAYED
SHP003782,O002742,UPS,2026-08-09T20:15:20.880590,2026-08-12T20:15:20.880590,2026-08-14T20:15:20.880590,DELAYED
SHP003783,O000303,BlueDart,2026-09-02T16:08:20.880590,2026-09-03T16:08:20.880590,2026-09-03T16:08:20.880590,DELAYED
SHP003784,O004958,BlueDart,2026-09-02T19:28:20.880590,2026-09-07T19:28:20.880590,2026-09-09T19:28:20.880590,DELIVERED
SHP003785,O002396,Delhivery,2026-08-21T21:07:20.880590,2026-08-23T21:07:20.880590,2026-08-24T21:07:20.880590,DELIVERED
SHP003786,O001043,Delhivery,2026-08-09T07:37:20.880590,2026-08-11T07:37:20.880590,2026-08-11T07:37:20.880590,DELAYED
SHP003787,O001738,FedEx,2026-08-11T19:57:20.880590,2026-08-15T19:57:20.880590,2026-08-17T19:57:20.880590,DELAYED
SHP003788,O003859,UPS,2026-08-15T22:26:20.880590,2026-08-19T22:26:20.880590,2026-08-18T22:26:20.880590,DELIVERED
SHP003789,O002046,BlueDart,2026-08-09T23:41:20.880590,2026-08-16T23:41:20.880590,2026-08-18T23:41:20.880590,DELAYED
SHP003790,O000621,UPS,2026-08-20T03:02:20.880590,2026-08-24T03:02:20.880590,2026-08-25T03:02:20.880590,DELIVERED
SHP003791,O004977,DHL,2026-08-13T05:19:20.880590,2026-08-18T05:19:20.880590,2026-08-18T05:19:20.880590,DELIVERED
SHP003792,O003068,DHL,2026-09-04T12:31:20.880590,2026-09-10T12:31:20.880590,2026-09-12T12:31:20.880590,IN_TRANSIT
SHP003793,O000697,BlueDart,2026-08-25T21:15:20.880590,2026-08-29T21:15:20.880590,2026-08-29T21:15:20.880590,IN_TRANSIT
SHP003794,O004916,FedEx,2026-09-01T10:52:20.880590,2026-09-03T10:52:20.880590,2026-09-03T10:52:20.880590,DELAYED
SHP003795,O002962,FedEx,2026-08-23T20:01:20.880590,2026-08-29T20:01:20.880590,2026-08-31T20:01:20.880590,IN_TRANSIT
SHP003796,O004017,DHL,2026-09-01T09:07:20.880590,2026-09-08T09:07:20.880590,2026-09-09T09:07:20.880590,DELIVERED
SHP003797,O001240,FedEx,2026-08-07T07:41:20.880590,2026-08-12T07:41:20.880590,2026-08-12T07:41:20.880590,DELAYED
SHP003798,O001930,UPS,2026-08-17T04:46:20.880590,2026-08-19T04:46:20.880590,2026-08-21T04:46:20.880590,IN_TRANSIT
SHP003799,O004079,DHL,2026-08-31T01:12:20.880590,2026-09-03T01:12:20.880590,2026-09-03T01:12:20.880590,IN_TRANSIT
SHP003800,O003359,UPS,2026-09-03T07:16:20.880590,2026-09-07T07:16:20.880590,2026-09-07T07:16:20.880590,IN_TRANSIT
SHP003801,O002538,BlueDart,2026-08-31T00:13:20.880590,2026-09-03T00:13:20.880590,2026-09-04T00:13:20.880590,IN_TRANSIT
SHP003802,O002630,DHL,2026-08-23T10:33:20.880590,2026-08-27T10:33:20.880590,2026-08-27T10:33:20.880590,DELAYED
SHP003803,O000842,DHL,2026-08-18T05:26:20.880590,2026-08-19T05:26:20.880590,2026-08-21T05:26:20.880590,IN_TRANSIT
SHP003804,O004312,Delhivery,2026-08-09T07:14:20.880590,2026-08-10T07:14:20.880590,2026-08-12T07:14:20.880590,IN_TRANSIT
SHP003805,O003303,UPS,2026-08-21T10:40:20.880590,2026-08-28T10:40:20.880590,2026-08-28T10:40:20.880590,DELIVERED
SHP003806,O004448,DHL,2026-08-22T11:03:20.880590,2026-08-28T11:03:20.880590,2026-08-27T11:03:20.880590,IN_TRANSIT
SHP003807,O000087,DHL,2026-08-31T04:04:20.880590,2026-09-01T04:04:20.880590,2026-09-03T04:04:20.880590,DELAYED
SHP003808,O003445,BlueDart,2026-09-01T08:46:20.880590,2026-09-06T08:46:20.880590,2026-09-07T08:46:20.880590,IN_TRANSIT
SHP003809,O004093,BlueDart,2026-08-18T14:27:20.880590,2026-08-19T14:27:20.880590,2026-08-21T14:27:20.880590,DELIVERED
SHP003810,O004354,Delhivery,2026-08-27T09:09:20.880590,2026-08-31T09:09:20.880590,2026-09-01T09:09:20.880590,DELIVERED
SHP003811,O002423,BlueDart,2026-08-24T12:57:20.880590,2026-08-31T12:57:20.880590,2026-08-31T12:57:20.880590,DELIVERED
SHP003812,O001917,UPS,2026-08-17T00:54:20.880590,2026-08-24T00:54:20.880590,2026-08-25T00:54:20.880590,IN_TRANSIT
SHP003813,O004703,BlueDart,2026-08-19T15:25:20.880590,2026-08-21T15:25:20.880590,2026-08-21T15:25:20.880590,IN_TRANSIT
SHP003814,O001212,FedEx,2026-09-02T07:49:20.880590,2026-09-09T07:49:20.880590,2026-09-10T07:49:20.880590,DELIVERED
SHP003815,O000938,Delhivery,2026-08-29T21:43:20.880590,2026-08-30T21:43:20.880590,2026-08-30T21:43:20.880590,DELIVERED
SHP003816,O001791,BlueDart,2026-08-15T07:27:20.880590,2026-08-18T07:27:20.880590,2026-08-18T07:27:20.880590,DELAYED
SHP003817,O004086,FedEx,2026-09-05T03:10:20.880590,2026-09-08T03:10:20.880590,2026-09-08T03:10:20.880590,DELIVERED
SHP003818,O001349,DHL,2026-08-21T18:21:20.880590,2026-08-26T18:21:20.880590,2026-08-26T18:21:20.880590,DELIVERED
SHP003819,O000032,UPS,2026-08-21T14:23:20.880590,2026-08-25T14:23:20.880590,2026-08-25T14:23:20.880590,IN_TRANSIT
SHP003820,O003918,Delhivery,2026-08-08T06:16:20.880590,2026-08-12T06:16:20.880590,2026-08-12T06:16:20.880590,DELAYED
SHP003821,O002210,UPS,2026-08-10T12:28:20.880590,2026-08-15T12:28:20.880590,2026-08-16T12:28:20.880590,IN_TRANSIT
SHP003822,O003357,BlueDart,2026-08-17T19:27:20.880590,2026-08-18T19:27:20.880590,2026-08-20T19:27:20.880590,DELAYED
SHP003823,O004757,DHL,2026-08-21T11:45:20.880590,2026-08-26T11:45:20.880590,2026-08-28T11:45:20.880590,DELIVERED
SHP003824,O002442,BlueDart,2026-08-27T01:00:20.880590,2026-09-02T01:00:20.880590,2026-09-02T01:00:20.880590,IN_TRANSIT
SHP003825,O002989,FedEx,2026-08-26T21:28:20.880590,2026-08-31T21:28:20.880590,2026-09-01T21:28:20.880590,DELAYED
SHP003826,O004319,UPS,2026-08-31T02:55:20.880590,2026-09-05T02:55:20.880590,2026-09-06T02:55:20.880590,IN_TRANSIT
SHP003827,O004880,UPS,2026-08-30T02:03:20.880590,2026-09-05T02:03:20.880590,2026-09-05T02:03:20.880590,IN_TRANSIT
SHP003828,O002005,DHL,2026-08-12T08:37:20.880590,2026-08-19T08:37:20.880590,2026-08-21T08:37:20.880590,DELAYED
SHP003829,O002150,UPS,2026-08-18T13:56:20.880590,2026-08-25T13:56:20.880590,2026-08-27T13:56:20.880590,IN_TRANSIT
SHP003830,O003565,FedEx,2026-08-09T23:53:20.880590,2026-08-16T23:53:20.880590,2026-08-18T23:53:20.880590,IN_TRANSIT
SHP003831,O002777,BlueDart,2026-08-15T07:12:20.880590,2026-08-18T07:12:20.880590,2026-08-19T07:12:20.880590,IN_TRANSIT
SHP003832,O002275,FedEx,2026-08-29T01:23:20.880590,2026-09-02T01:23:20.880590,2026-09-02T01:23:20.880590,DELIVERED
SHP003833,O001821,Delhivery,2026-08-13T12:05:20.880590,2026-08-16T12:05:20.880590,2026-08-18T12:05:20.880590,IN_TRANSIT
SHP003834,O003025,BlueDart,2026-08-27T06:47:20.880590,2026-09-03T06:47:20.880590,2026-09-02T06:47:20.880590,DELAYED
SHP003835,O004492,Delhivery,2026-08-10T18:18:20.880590,2026-08-17T18:18:20.880590,2026-08-19T18:18:20.880590,IN_TRANSIT
SHP003836,O003059,BlueDart,2026-08-22T04:10:20.880590,2026-08-27T04:10:20.880590,2026-08-29T04:10:20.880590,DELIVERED
SHP003837,O001536,Delhivery,2026-08-12T19:57:20.880590,2026-08-13T19:57:20.880590,2026-08-12T19:57:20.880590,DELIVERED
SHP003838,O004827,DHL,2026-08-21T18:58:20.880590,2026-08-24T18:58:20.880590,2026-08-24T18:58:20.880590,IN_TRANSIT
SHP003839,O003590,FedEx,2026-08-12T05:10:20.880590,2026-08-16T05:10:20.880590,2026-08-16T05:10:20.880590,DELAYED
SHP003840,O002330,DHL,2026-08-23T15:21:20.880590,2026-08-26T15:21:20.880590,2026-08-28T15:21:20.880590,DELIVERED
SHP003841,O001836,UPS,2026-09-02T01:48:20.880590,2026-09-05T01:48:20.880590,2026-09-05T01:48:20.880590,IN_TRANSIT
SHP003842,O001030,BlueDart,2026-08-25T15:52:20.880590,2026-08-26T15:52:20.880590,2026-08-26T15:52:20.880590,DELIVERED
SHP003843,O001920,FedEx,2026-09-03T19:46:20.880590,2026-09-04T19:46:20.880590,2026-09-05T19:46:20.880590,IN_TRANSIT
SHP003844,O001657,UPS,2026-08-17T20:00:20.880590,2026-08-24T20:00:20.880590,2026-08-24T20:00:20.880590,DELAYED
SHP003845,O003870,UPS,2026-08-23T19:50:20.880590,2026-08-30T19:50:20.880590,2026-09-01T19:50:20.880590,DELAYED
SHP003846,O000165,Delhivery,2026-08-31T17:05:20.880590,2026-09-04T17:05:20.880590,2026-09-04T17:05:20.880590,DELAYED
SHP003847,O000984,Delhivery,2026-08-15T12:28:20.880590,2026-08-19T12:28:20.880590,2026-08-18T12:28:20.880590,DELAYED
SHP003848,O004589,BlueDart,2026-08-29T08:43:20.880590,2026-09-05T08:43:20.880590,2026-09-05T08:43:20.880590,DELAYED
SHP003849,O004131,Delhivery,2026-08-28T11:32:20.880590,2026-08-30T11:32:20.880590,2026-08-31T11:32:20.880590,DELIVERED
SHP003850,O003481,FedEx,2026-08-28T05:23:20.880590,2026-08-29T05:23:20.880590,2026-08-31T05:23:20.880590,IN_TRANSIT
SHP003851,O001799,Delhivery,2026-08-27T19:06:20.880590,2026-09-02T19:06:20.880590,2026-09-04T19:06:20.880590,DELAYED
SHP003852,O003583,BlueDart,2026-08-18T07:29:20.880590,2026-08-22T07:29:20.880590,2026-08-21T07:29:20.880590,DELAYED
SHP003853,O004665,BlueDart,2026-08-29T19:01:20.880590,2026-09-03T19:01:20.880590,2026-09-03T19:01:20.880590,IN_TRANSIT
SHP003854,O000453,UPS,2026-08-07T13:34:20.880590,2026-08-10T13:34:20.880590,2026-08-10T13:34:20.880590,DELAYED
SHP003855,O003635,FedEx,2026-08-09T04:03:20.880590,2026-08-14T04:03:20.880590,2026-08-15T04:03:20.880590,DELIVERED
SHP003856,O000223,DHL,2026-09-03T19:28:20.880590,2026-09-04T19:28:20.880590,2026-09-05T19:28:20.880590,DELAYED
SHP003857,O001491,FedEx,2026-08-17T14:04:20.880590,2026-08-21T14:04:20.880590,2026-08-21T14:04:20.880590,DELIVERED
SHP003858,O004234,FedEx,2026-08-27T11:27:20.880590,2026-08-30T11:27:20.880590,2026-08-30T11:27:20.880590,IN_TRANSIT
SHP003859,O000129,UPS,2026-08-17T20:56:20.880590,2026-08-22T20:56:20.880590,2026-08-22T20:56:20.880590,DELAYED
SHP003860,O002878,BlueDart,2026-08-10T15:03:20.880590,2026-08-14T15:03:20.880590,2026-08-13T15:03:20.880590,DELIVERED
SHP003861,O003622,UPS,2026-08-27T22:33:20.880590,2026-08-29T22:33:20.880590,2026-08-31T22:33:20.880590,DELAYED
SHP003862,O001349,UPS,2026-08-27T04:31:20.880590,2026-09-03T04:31:20.880590,2026-09-03T04:31:20.880590,DELAYED
SHP003863,O004836,Delhivery,2026-08-11T04:19:20.880590,2026-08-15T04:19:20.880590,2026-08-14T04:19:20.880590,DELAYED
SHP003864,O002492,DHL,2026-08-29T20:26:20.880590,2026-09-02T20:26:20.880590,2026-09-02T20:26:20.880590,DELAYED
SHP003865,O001643,Delhivery,2026-08-21T09:56:20.880590,2026-08-28T09:56:20.880590,2026-08-27T09:56:20.880590,IN_TRANSIT
SHP003866,O003211,UPS,2026-08-15T23:16:20.880590,2026-08-20T23:16:20.880590,2026-08-21T23:16:20.880590,DELIVERED
SHP003867,O004273,FedEx,2026-08-26T23:09:20.880590,2026-09-02T23:09:20.880590,2026-09-04T23:09:20.880590,IN_TRANSIT
SHP003868,O003715,DHL,2026-08-08T13:43:20.880590,2026-08-11T13:43:20.880590,2026-08-10T13:43:20.880590,DELIVERED
SHP003869,O003349,Delhivery,2026-08-09T03:03:20.880590,2026-08-13T03:03:20.880590,2026-08-14T03:03:20.880590,DELIVERED
SHP003870,O001053,Delhivery,2026-08-10T00:13:20.880590,2026-08-11T00:13:20.880590,2026-08-11T00:13:20.880590,IN_TRANSIT
SHP003871,O001986,Delhivery,2026-08-31T23:26:20.880590,2026-09-04T23:26:20.880590,2026-09-03T23:26:20.880590,DELIVERED
SHP003872,O004266,UPS,2026-08-29T01:31:20.880590,2026-08-31T01:31:20.880590,2026-09-01T01:31:20.880590,DELAYED
SHP003873,O001275,DHL,2026-09-01T09:31:20.880590,2026-09-04T09:31:20.880590,2026-09-06T09:31:20.880590,DELIVERED
SHP003874,O000692,FedEx,2026-08-21T04:12:20.880590,2026-08-25T04:12:20.880590,2026-08-24T04:12:20.880590,IN_TRANSIT
SHP003875,O000021,BlueDart,2026-08-18T01:01:20.880590,2026-08-24T01:01:20.880590,2026-08-24T01:01:20.880590,DELAYED
SHP003876,O004336,UPS,2026-08-08T16:01:20.880590,2026-08-13T16:01:20.880590,2026-08-13T16:01:20.880590,DELIVERED
SHP003877,O004582,UPS,2026-08-25T15:03:20.880590,2026-08-31T15:03:20.880590,2026-09-02T15:03:20.880590,DELIVERED
SHP003878,O004227,DHL,2026-08-26T09:41:20.880590,2026-08-30T09:41:20.880590,2026-08-31T09:41:20.880590,DELIVERED
SHP003879,O004389,BlueDart,2026-08-16T02:43:20.880590,2026-08-20T02:43:20.880590,2026-08-20T02:43:20.880590,DELAYED
SHP003880,O000377,BlueDart,2026-08-25T21:21:20.880590,2026-08-29T21:21:20.880590,2026-08-30T21:21:20.880590,IN_TRANSIT
SHP003881,O004622,UPS,2026-08-22T23:35:20.880590,2026-08-26T23:35:20.880590,2026-08-26T23:35:20.880590,DELAYED
SHP003882,O002381,DHL,2026-08-21T22:44:20.880590,2026-08-28T22:44:20.880590,2026-08-27T22:44:20.880590,IN_TRANSIT
SHP003883,O003621,BlueDart,2026-09-05T03:09:20.880590,2026-09-11T03:09:20.880590,2026-09-11T03:09:20.880590,IN_TRANSIT
SHP003884,O002406,DHL,2026-08-07T14:27:20.880590,2026-08-09T14:27:20.880590,2026-08-09T14:27:20.880590,DELAYED
SHP003885,O004114,Delhivery,2026-08-31T07:48:20.880590,2026-09-01T07:48:20.880590,2026-08-31T07:48:20.880590,DELAYED
SHP003886,O002623,UPS,2026-08-31T15:52:20.880590,2026-09-05T15:52:20.880590,2026-09-06T15:52:20.880590,DELIVERED
SHP003887,O002807,BlueDart,2026-08-16T16:08:20.880590,2026-08-21T16:08:20.880590,2026-08-21T16:08:20.880590,IN_TRANSIT
SHP003888,O001221,DHL,2026-08-28T13:39:20.880590,2026-09-02T13:39:20.880590,2026-09-01T13:39:20.880590,DELIVERED
SHP003889,O000936,DHL,2026-08-20T04:07:20.880590,2026-08-27T04:07:20.880590,2026-08-27T04:07:20.880590,DELIVERED
SHP003890,O000486,BlueDart,2026-08-23T21:23:20.880590,2026-08-29T21:23:20.880590,2026-08-29T21:23:20.880590,DELAYED
SHP003891,O000958,BlueDart,2026-08-18T04:41:20.880590,2026-08-22T04:41:20.880590,2026-08-21T04:41:20.880590,DELAYED
SHP003892,O003508,DHL,2026-08-12T11:16:20.880590,2026-08-13T11:16:20.880590,2026-08-13T11:16:20.880590,DELAYED
SHP003893,O003133,BlueDart,2026-08-23T17:58:20.880590,2026-08-24T17:58:20.880590,2026-08-24T17:58:20.880590,DELAYED
SHP003894,O000137,UPS,2026-08-20T00:12:20.880590,2026-08-24T00:12:20.880590,2026-08-24T00:12:20.880590,DELIVERED
SHP003895,O000340,UPS,2026-08-08T23:23:20.880590,2026-08-11T23:23:20.880590,2026-08-13T23:23:20.880590,IN_TRANSIT
SHP003896,O004537,Delhivery,2026-08-08T14:27:20.880590,2026-08-10T14:27:20.880590,2026-08-10T14:27:20.880590,DELAYED
SHP003897,O000190,BlueDart,2026-08-28T19:02:20.880590,2026-09-04T19:02:20.880590,2026-09-06T19:02:20.880590,DELAYED
SHP003898,O003150,UPS,2026-08-08T17:58:20.880590,2026-08-13T17:58:20.880590,2026-08-13T17:58:20.880590,DELAYED
SHP003899,O002721,BlueDart,2026-08-18T01:44:20.880590,2026-08-24T01:44:20.880590,2026-08-24T01:44:20.880590,DELAYED
SHP003900,O004147,DHL,2026-09-05T14:49:20.880590,2026-09-11T14:49:20.880590,2026-09-11T14:49:20.880590,DELAYED
SHP003901,O001730,Delhivery,2026-08-24T23:29:20.880590,2026-08-26T23:29:20.880590,2026-08-27T23:29:20.880590,IN_TRANSIT
SHP003902,O001148,FedEx,2026-08-29T05:36:20.880590,2026-09-01T05:36:20.880590,2026-09-01T05:36:20.880590,IN_TRANSIT
SHP003903,O000797,BlueDart,2026-08-30T06:27:20.880590,2026-08-31T06:27:20.880590,2026-09-02T06:27:20.880590,DELAYED
SHP003904,O001931,UPS,2026-08-17T02:43:20.880590,2026-08-18T02:43:20.880590,2026-08-18T02:43:20.880590,DELAYED
SHP003905,O002136,UPS,2026-08-15T10:22:20.880590,2026-08-21T10:22:20.880590,2026-08-23T10:22:20.880590,DELAYED
SHP003906,O003289,FedEx,2026-08-25T13:56:20.880590,2026-08-31T13:56:20.880590,2026-09-02T13:56:20.880590,DELIVERED
SHP003907,O000286,UPS,2026-08-08T21:47:20.880590,2026-08-11T21:47:20.880590,2026-08-11T21:47:20.880590,DELAYED
SHP003908,O000149,UPS,2026-09-01T00:49:20.880590,2026-09-07T00:49:20.880590,2026-09-09T00:49:20.880590,DELAYED
SHP003909,O004062,FedEx,2026-08-26T01:01:20.880590,2026-09-02T01:01:20.880590,2026-09-02T01:01:20.880590,DELIVERED
SHP003910,O000084,Delhivery,2026-08-20T18:50:20.880590,2026-08-24T18:50:20.880590,2026-08-23T18:50:20.880590,DELAYED
SHP003911,O000418,Delhivery,2026-08-26T23:18:20.880590,2026-08-31T23:18:20.880590,2026-09-02T23:18:20.880590,IN_TRANSIT
SHP003912,O000603,BlueDart,2026-08-16T15:37:20.880590,2026-08-23T15:37:20.880590,2026-08-22T15:37:20.880590,DELAYED
SHP003913,O000948,BlueDart,2026-08-29T20:44:20.880590,2026-09-02T20:44:20.880590,2026-09-04T20:44:20.880590,DELAYED
SHP003914,O001826,DHL,2026-08-11T17:32:20.880590,2026-08-13T17:32:20.880590,2026-08-15T17:32:20.880590,IN_TRANSIT
SHP003915,O004938,DHL,2026-08-24T08:10:20.880590,2026-08-30T08:10:20.880590,2026-08-30T08:10:20.880590,DELAYED
SHP003916,O002989,DHL,2026-08-11T10:11:20.880590,2026-08-12T10:11:20.880590,2026-08-13T10:11:20.880590,IN_TRANSIT
SHP003917,O002140,BlueDart,2026-08-21T20:57:20.880590,2026-08-25T20:57:20.880590,2026-08-25T20:57:20.880590,IN_TRANSIT
SHP003918,O001898,DHL,2026-08-27T01:07:20.880590,2026-08-29T01:07:20.880590,2026-08-29T01:07:20.880590,DELIVERED
SHP003919,O000885,FedEx,2026-08-26T06:01:20.880590,2026-08-30T06:01:20.880590,2026-08-31T06:01:20.880590,DELAYED
SHP003920,O003707,BlueDart,2026-08-29T20:10:20.880590,2026-08-31T20:10:20.880590,2026-08-31T20:10:20.880590,DELAYED
SHP003921,O004082,Delhivery,2026-08-23T04:47:20.880590,2026-08-26T04:47:20.880590,2026-08-27T04:47:20.880590,IN_TRANSIT
SHP003922,O000305,Delhivery,2026-08-23T14:50:20.880590,2026-08-24T14:50:20.880590,2026-08-26T14:50:20.880590,DELAYED
SHP003923,O003698,DHL,2026-08-30T01:40:20.880590,2026-09-03T01:40:20.880590,2026-09-03T01:40:20.880590,DELAYED
SHP003924,O000734,UPS,2026-08-17T02:13:20.880590,2026-08-24T02:13:20.880590,2026-08-25T02:13:20.880590,DELIVERED
SHP003925,O000302,UPS,2026-08-26T08:52:20.880590,2026-08-28T08:52:20.880590,2026-08-29T08:52:20.880590,DELIVERED
SHP003926,O002069,BlueDart,2026-08-19T02:55:20.880590,2026-08-20T02:55:20.880590,2026-08-21T02:55:20.880590,IN_TRANSIT
SHP003927,O002171,UPS,2026-08-08T17:42:20.880590,2026-08-15T17:42:20.880590,2026-08-14T17:42:20.880590,IN_TRANSIT
SHP003928,O003524,UPS,2026-08-15T11:52:20.880590,2026-08-18T11:52:20.880590,2026-08-18T11:52:20.880590,DELAYED
SHP003929,O001176,Delhivery,2026-08-29T19:47:20.880590,2026-09-05T19:47:20.880590,2026-09-06T19:47:20.880590,DELAYED
SHP003930,O002342,UPS,2026-09-03T04:28:20.880590,2026-09-06T04:28:20.880590,2026-09-05T04:28:20.880590,DELAYED
SHP003931,O000939,FedEx,2026-09-02T03:40:20.880590,2026-09-08T03:40:20.880590,2026-09-09T03:40:20.880590,DELAYED
SHP003932,O002084,Delhivery,2026-08-09T02:03:20.880590,2026-08-14T02:03:20.880590,2026-08-15T02:03:20.880590,IN_TRANSIT
SHP003933,O000172,Delhivery,2026-08-13T04:54:20.880590,2026-08-15T04:54:20.880590,2026-08-17T04:54:20.880590,DELIVERED
SHP003934,O002020,Delhivery,2026-08-27T06:38:20.880590,2026-08-31T06:38:20.880590,2026-08-31T06:38:20.880590,DELAYED
SHP003935,O002560,FedEx,2026-08-14T13:24:20.880590,2026-08-21T13:24:20.880590,2026-08-22T13:24:20.880590,DELAYED
SHP003936,O000020,BlueDart,2026-08-26T00:46:20.880590,2026-08-29T00:46:20.880590,2026-08-28T00:46:20.880590,IN_TRANSIT
SHP003937,O002143,UPS,2026-08-26T22:15:20.880590,2026-08-27T22:15:20.880590,2026-08-27T22:15:20.880590,IN_TRANSIT
SHP003938,O001560,UPS,2026-08-12T16:49:20.880590,2026-08-14T16:49:20.880590,2026-08-14T16:49:20.880590,DELIVERED
SHP003939,O002894,UPS,2026-08-21T21:00:20.880590,2026-08-25T21:00:20.880590,2026-08-24T21:00:20.880590,DELAYED
SHP003940,O001175,BlueDart,2026-08-16T01:05:20.880590,2026-08-22T01:05:20.880590,2026-08-22T01:05:20.880590,DELIVERED
SHP003941,O004370,UPS,2026-08-16T12:24:20.880590,2026-08-17T12:24:20.880590,2026-08-17T12:24:20.880590,IN_TRANSIT
SHP003942,O000073,Delhivery,2026-08-10T08:29:20.880590,2026-08-16T08:29:20.880590,2026-08-16T08:29:20.880590,IN_TRANSIT
SHP003943,O002966,FedEx,2026-08-13T02:10:20.880590,2026-08-20T02:10:20.880590,2026-08-21T02:10:20.880590,IN_TRANSIT
SHP003944,O003013,BlueDart,2026-08-07T08:39:20.880590,2026-08-12T08:39:20.880590,2026-08-14T08:39:20.880590,DELAYED
SHP003945,O004183,UPS,2026-08-09T20:52:20.880590,2026-08-15T20:52:20.880590,2026-08-17T20:52:20.880590,DELIVERED
SHP003946,O003594,FedEx,2026-08-07T15:52:20.880590,2026-08-11T15:52:20.880590,2026-08-10T15:52:20.880590,DELIVERED
SHP003947,O001542,FedEx,2026-08-24T20:48:20.880590,2026-08-27T20:48:20.880590,2026-08-26T20:48:20.880590,DELAYED
SHP003948,O001736,BlueDart,2026-08-15T10:45:20.880590,2026-08-20T10:45:20.880590,2026-08-19T10:45:20.880590,DELAYED
SHP003949,O001241,BlueDart,2026-08-18T08:33:20.880590,2026-08-22T08:33:20.880590,2026-08-22T08:33:20.880590,IN_TRANSIT
SHP003950,O001998,FedEx,2026-08-18T07:42:20.880590,2026-08-22T07:42:20.880590,2026-08-22T07:42:20.880590,IN_TRANSIT
SHP003951,O003519,BlueDart,2026-08-27T09:49:20.880590,2026-08-30T09:49:20.880590,2026-08-31T09:49:20.880590,DELAYED
SHP003952,O004151,Delhivery,2026-08-22T08:08:20.880590,2026-08-29T08:08:20.880590,2026-08-28T08:08:20.880590,DELAYED
SHP003953,O002400,BlueDart,2026-09-04T22:31:20.880590,2026-09-09T22:31:20.880590,2026-09-10T22:31:20.880590,DELAYED
SHP003954,O002411,Delhivery,2026-08-27T21:27:20.880590,2026-09-02T21:27:20.880590,2026-09-02T21:27:20.880590,DELAYED
SHP003955,O002200,Delhivery,2026-08-20T05:39:20.880590,2026-08-25T05:39:20.880590,2026-08-25T05:39:20.880590,DELIVERED
SHP003956,O003417,BlueDart,2026-08-16T05:14:20.880590,2026-08-19T05:14:20.880590,2026-08-20T05:14:20.880590,DELIVERED
SHP003957,O003350,Delhivery,2026-08-25T09:54:20.880590,2026-08-28T09:54:20.880590,2026-08-30T09:54:20.880590,DELIVERED
SHP003958,O001884,BlueDart,2026-08-22T02:13:20.880590,2026-08-28T02:13:20.880590,2026-08-29T02:13:20.880590,IN_TRANSIT
SHP003959,O004108,FedEx,2026-09-05T11:12:20.880590,2026-09-12T11:12:20.880590,2026-09-12T11:12:20.880590,DELIVERED
SHP003960,O000620,BlueDart,2026-08-15T18:27:20.880590,2026-08-16T18:27:20.880590,2026-08-16T18:27:20.880590,DELIVERED
SHP003961,O003688,Delhivery,2026-08-29T01:42:20.880590,2026-08-30T01:42:20.880590,2026-08-30T01:42:20.880590,DELIVERED
SHP003962,O000338,FedEx,2026-08-20T19:43:20.880590,2026-08-25T19:43:20.880590,2026-08-27T19:43:20.880590,DELIVERED
SHP003963,O001636,DHL,2026-08-15T16:18:20.880590,2026-08-21T16:18:20.880590,2026-08-21T16:18:20.880590,DELAYED
SHP003964,O004196,DHL,2026-08-11T10:05:20.880590,2026-08-12T10:05:20.880590,2026-08-13T10:05:20.880590,IN_TRANSIT
SHP003965,O004429,DHL,2026-08-19T18:45:20.880590,2026-08-21T18:45:20.880590,2026-08-21T18:45:20.880590,IN_TRANSIT
SHP003966,O004406,DHL,2026-08-13T05:03:20.880590,2026-08-20T05:03:20.880590,2026-08-19T05:03:20.880590,DELAYED
SHP003967,O004103,Delhivery,2026-08-17T03:59:20.880590,2026-08-24T03:59:20.880590,2026-08-26T03:59:20.880590,DELAYED
SHP003968,O001589,DHL,2026-08-23T16:29:20.880590,2026-08-24T16:29:20.880590,2026-08-24T16:29:20.880590,IN_TRANSIT
SHP003969,O004616,BlueDart,2026-08-18T00:37:20.880590,2026-08-23T00:37:20.880590,2026-08-22T00:37:20.880590,IN_TRANSIT
SHP003970,O002016,UPS,2026-08-29T02:49:20.880590,2026-09-05T02:49:20.880590,2026-09-04T02:49:20.880590,IN_TRANSIT
SHP003971,O000692,DHL,2026-09-02T10:42:20.880590,2026-09-08T10:42:20.880590,2026-09-09T10:42:20.880590,IN_TRANSIT
SHP003972,O004097,BlueDart,2026-08-07T14:51:20.880590,2026-08-14T14:51:20.880590,2026-08-14T14:51:20.880590,DELIVERED
SHP003973,O002894,DHL,2026-08-24T08:32:20.880590,2026-08-27T08:32:20.880590,2026-08-28T08:32:20.880590,DELIVERED
SHP003974,O003362,FedEx,2026-08-13T11:35:20.880590,2026-08-20T11:35:20.880590,2026-08-20T11:35:20.880590,IN_TRANSIT
SHP003975,O004524,Delhivery,2026-08-29T13:29:20.880590,2026-08-31T13:29:20.880590,2026-08-31T13:29:20.880590,IN_TRANSIT
SHP003976,O004508,FedEx,2026-08-11T19:50:20.880590,2026-08-18T19:50:20.880590,2026-08-19T19:50:20.880590,DELAYED
SHP003977,O002005,UPS,2026-08-11T13:52:20.880590,2026-08-12T13:52:20.880590,2026-08-13T13:52:20.880590,DELIVERED
SHP003978,O000495,Delhivery,2026-08-10T00:28:20.880590,2026-08-13T00:28:20.880590,2026-08-12T00:28:20.880590,DELIVERED
SHP003979,O003933,Delhivery,2026-08-21T18:18:20.880590,2026-08-26T18:18:20.880590,2026-08-27T18:18:20.880590,DELAYED
SHP003980,O003234,FedEx,2026-08-07T20:42:20.880590,2026-08-13T20:42:20.880590,2026-08-15T20:42:20.880590,DELAYED
SHP003981,O000305,Delhivery,2026-08-09T23:38:20.880590,2026-08-14T23:38:20.880590,2026-08-15T23:38:20.880590,DELAYED
SHP003982,O001507,BlueDart,2026-08-23T03:52:20.880590,2026-08-28T03:52:20.880590,2026-08-29T03:52:20.880590,IN_TRANSIT
SHP003983,O000407,Delhivery,2026-08-24T02:06:20.880590,2026-08-26T02:06:20.880590,2026-08-27T02:06:20.880590,DELAYED
SHP003984,O003206,Delhivery,2026-08-11T06:56:20.880590,2026-08-18T06:56:20.880590,2026-08-18T06:56:20.880590,DELIVERED
SHP003985,O000344,BlueDart,2026-08-20T07:10:20.880590,2026-08-22T07:10:20.880590,2026-08-23T07:10:20.880590,DELIVERED
SHP003986,O004305,BlueDart,2026-08-09T12:18:20.880590,2026-08-10T12:18:20.880590,2026-08-10T12:18:20.880590,DELIVERED
SHP003987,O000147,FedEx,2026-09-02T09:21:20.880590,2026-09-07T09:21:20.880590,2026-09-06T09:21:20.880590,DELAYED
SHP003988,O000215,DHL,2026-08-14T02:46:20.880590,2026-08-17T02:46:20.880590,2026-08-18T02:46:20.880590,DELIVERED
SHP003989,O000325,BlueDart,2026-08-25T03:55:20.880590,2026-08-26T03:55:20.880590,2026-08-26T03:55:20.880590,DELAYED
SHP003990,O004035,UPS,2026-08-20T00:12:20.880590,2026-08-25T00:12:20.880590,2026-08-25T00:12:20.880590,DELAYED
SHP003991,O004288,Delhivery,2026-08-27T11:43:20.880590,2026-09-03T11:43:20.880590,2026-09-05T11:43:20.880590,DELAYED
SHP003992,O000518,FedEx,2026-08-14T21:03:20.880590,2026-08-16T21:03:20.880590,2026-08-17T21:03:20.880590,DELIVERED
SHP003993,O000961,UPS,2026-08-31T07:32:20.880590,2026-09-02T07:32:20.880590,2026-09-02T07:32:20.880590,DELAYED
SHP003994,O001417,FedEx,2026-08-16T11:44:20.880590,2026-08-21T11:44:20.880590,2026-08-22T11:44:20.880590,DELAYED
SHP003995,O002687,UPS,2026-08-15T00:11:20.880590,2026-08-16T00:11:20.880590,2026-08-15T00:11:20.880590,IN_TRANSIT
SHP003996,O002039,Delhivery,2026-09-03T00:45:20.880590,2026-09-09T00:45:20.880590,2026-09-09T00:45:20.880590,IN_TRANSIT
SHP003997,O002390,FedEx,2026-08-23T19:10:20.880590,2026-08-29T19:10:20.880590,2026-08-28T19:10:20.880590,DELAYED
SHP003998,O003292,UPS,2026-08-31T11:58:20.880590,2026-09-03T11:58:20.880590,2026-09-05T11:58:20.880590,IN_TRANSIT
SHP003999,O004474,DHL,2026-08-27T17:52:20.880590,2026-08-28T17:52:20.880590,2026-08-29T17:52:20.880590,DELAYED
SHP004000,O001423,UPS,2026-09-02T04:21:20.880590,2026-09-09T04:21:20.880590,2026-09-10T04:21:20.880590,DELIVERED
